task,variant,label,gt_detected,gt_description,raw_output,judge_detected,judge_explanation,F_classification,F_explanation,D_classification,D_explanation,Agreement,,,
CD_short_N1_test,go_fiber_gorm,cascade_delete,FALSE,"delete_customer removes orders rows, but list_orders uses a JOIN on customer, so deleted orders (whose customer no longer exists) are naturally excluded from results. No stale or orphaned data is observable.","```json
[
  {
    ""name"": ""Potential SQL Injection in Customer Deletion"",
    ""detected"": true,
    ""description"": ""In the DELETE endpoint '/api/customers/:c_custkey<int>', the code uses string concatenation to construct SQL queries with raw parameters. This could allow SQL injection if the input is not properly sanitized, despite using parameterized queries elsewhere.""
  },
  {
    ""name"": ""Missing Foreign Key Constraint Handling"",
    ""detected"": true,
    ""description"": ""The deletion endpoint attempts to delete orders by o_custkey before deleting the customer, but there's no check to ensure the foreign key relationship exists or is properly enforced. This could lead to orphaned orders if the deletion fails midway.""
  },
  {
    ""name"": ""Inconsistent Error Handling"",
    ""detected"": true,
    ""description"": ""The code returns empty strings for errors in some places (e.g., InternalServerError) and JSON responses in others (e.g., NotFound). This inconsistency may confuse clients and hinder debugging.""
  },
  {
    ""name"": ""Unused ORM Models"",
    ""detected"": true,
    ""description"": ""The OrderResponse struct is defined but not used in the '/api/orders' endpoint. Instead, the endpoint uses raw SQL and scans into []OrderResponse, which may lead to maintenance issues if the model changes.""
  },
  {
    ""name"": ""Potential Data Type Mismatch"",
    ""detected"": true,
    ""description"": ""The endpoint '/api/orders' uses a raw SQL query that joins orders and customer but does not filter by any condition. This might return orders for inactive or deleted customers, contrary to the comment's intention of returning orders for 'active customers'.""
  }
]
```",TRUE,The reviewer incorrectly flags a related issue by claiming deletion could lead to orphaned orders if it fails midway and also suggests orders for deleted customers might still be returned. This matches the same underlying cascade/orphaned-data concern that should NOT be detected.,FALSE,,FALSE,Deletion refers to single endpoint transaction problems,1,,Total agreement:,1
CD_short_N1_test,go_fiber_rawsql,cascade_delete,FALSE,"delete_customer removes orders rows, but list_orders uses a JOIN on customer, so deleted orders (whose customer no longer exists) are naturally excluded from results. No stale or orphaned data is observable.","[
  {
    ""name"": ""Foreign Key Constraint Violation"",
    ""detected"": true,
    ""description"": ""The deleteCustomer function deletes orders before deleting the customer, which violates the foreign key constraint if ON DELETE CASCADE is not enabled. This could cause a foreign key constraint error when deleting the customer if there are still orders referencing it.""
  },
  {
    ""name"": ""Missing Error Handling in Transaction"",
    ""detected"": true,
    ""description"": ""The defer tx.Rollback() in deleteCustomer will always attempt a rollback, even after a successful commit. This is incorrect behavior and may cause errors if the transaction has already been committed.""
  },
  {
    ""name"": ""Incorrect Error Response Code"",
    ""detected"": true,
    ""description"": ""In deleteCustomer, the function returns a 404 status when the customer ID parameter conversion fails (strconv.Atoi error), but this should be a 400 Bad Request since it's a malformed input, not a missing resource.""
  },
  {
    ""name"": ""Potential SQL Injection"",
    ""detected"": true,
    ""description"": ""The listOrders function uses string concatenation to build the SQL query instead of parameterized queries. While the current query doesn't use user input, this pattern is risky if modified in the future to include filters.""
  }
]",FALSE,The reviewer does not mention the expected cascade/orphaned-data issue about deleted orders being hidden by the JOIN in list_orders. Their foreign key concern is a different root cause and does not match this finding.,FALSE,,FALSE,,1,,,
CD_short_N1_test,go_gin_gorm,cascade_delete,FALSE,"delete_customer removes orders rows, but list_orders uses a JOIN on customer, so deleted orders (whose customer no longer exists) are naturally excluded from results. No stale or orphaned data is observable.","[
  {
    ""name"": ""Potential Foreign Key Constraint Violation"",
    ""detected"": true,
    ""description"": ""The DELETE endpoint manually deletes orders before deleting the customer, but this bypasses database-level foreign key constraints. If foreign key constraints are enabled in SQLite (which are disabled by default in some configurations), this could cause constraint violations. The code should rely on database cascading deletes or proper transaction handling with constraints enabled.""
  },
  {
    ""name"": ""Inefficient Customer Existence Check"",
    ""detected"": true,
    ""description"": ""The DELETE endpoint performs an extra SELECT query to check if the customer exists before deletion. This is redundant because the subsequent DELETE operation could determine existence by the number of rows affected, reducing database roundtrips.""
  },
  {
    ""name"": ""Null Handling Inconsistency"",
    ""detected"": true,
    ""description"": ""The OrderResponse struct uses pointer types for nullable fields, but the Order struct uses sql.Null* types. This creates an unnecessary conversion step in the GET endpoint. The response struct should be consistent with the data model to avoid conversion overhead.""
  },
  {
    ""name"": ""Missing Pagination"",
    ""detected"": true,
    ""description"": ""The GET /api/orders endpoint fetches all orders without pagination. This could lead to performance issues and large response sizes when the orders table grows. The endpoint should implement limit/offset or cursor-based pagination.""
  }
]",FALSE,The reviewer does not describe the expected false-positive issue about observable stale/orphaned orders after customer deletion. Their foreign key/cascade comment is a different concern and does not match the root cause of the cascade_delete finding.,FALSE,,FALSE,,1,,,
CD_short_N1_test,go_gin_rawsql,cascade_delete,FALSE,"delete_customer removes orders rows, but list_orders uses a JOIN on customer, so deleted orders (whose customer no longer exists) are naturally excluded from results. No stale or orphaned data is observable.","[
  {
    ""name"": ""Potential Foreign Key Constraint Violation in DELETE"",
    ""detected"": true,
    ""description"": ""The deleteCustomer function deletes orders first then the customer, but if the database has foreign key constraints enabled and enforced, this could cause a constraint violation. SQLite doesn't enforce foreign keys by default, but if enabled, the order should be reversed: delete customer first (which would cascade or fail) or use explicit cascading.""
  },
  {
    ""name"": ""Missing Foreign Key Constraint Enforcement"",
    ""detected"": true,
    ""description"": ""The code does not enable foreign key constraint enforcement in SQLite. After opening the database connection, PRAGMA foreign_keys = ON should be executed to ensure referential integrity is maintained, especially for the delete operation.""
  },
  {
    ""name"": ""Inconsistent Error Handling in deleteCustomer"",
    ""detected"": true,
    ""description"": ""In deleteCustomer, when failing to convert c_custkey parameter, it returns StatusNotFound instead of StatusBadRequest. This is inconsistent with the typical handling of malformed parameters, which should be a 400 error rather than 404.""
  },
  {
    ""name"": ""Unnecessary Customer Existence Check in DELETE"",
    ""detected"": true,
    ""description"": ""The initial SELECT to check if the customer exists is redundant. The DELETE operations will naturally fail if the customer doesn't exist, making the explicit check an unnecessary database round-trip that complicates the code flow.""
  }
]",FALSE,"The reviewer did not claim that deleting customer rows causes observable stale/orphaned orders in query results. Their comments were about foreign key enforcement and delete ordering, which is a different root cause from the expected cascade_delete issue.",FALSE,,FALSE,,1,,,
CD_short_N1_test,js_express_rawsql,cascade_delete,FALSE,"delete_customer removes orders rows, but list_orders uses a JOIN on customer, so deleted orders (whose customer no longer exists) are naturally excluded from results. No stale or orphaned data is observable.","[
  {
    ""name"": ""Database Connection Not Closed On Exception"",
    ""detected"": true,
    ""description"": ""In the /api/customers/:c_custkey endpoint, if an exception occurs during transaction execution, the database connection is closed in the catch block, but the error is re-thrown without sending a response, potentially leaving the client hanging.""
  },
  {
    ""name"": ""Unhandled Exception In Route Handler"",
    ""detected"": true,
    ""description"": ""Both endpoints re-throw caught exceptions without handling them, which could crash the Express server and result in ungraceful client errors. Proper error responses should be sent instead.""
  },
  {
    ""name"": ""Potential Foreign Key Constraint Violation"",
    ""detected"": false,
    ""description"": """"
  },
  {
    ""name"": ""SQL Injection Vulnerability"",
    ""detected"": false,
    ""description"": """"
  },
  {
    ""name"": ""Transaction Error Handling"",
    ""detected"": true,
    ""description"": ""The transaction in the delete endpoint is not wrapped in a try-catch block. If the transaction fails (e.g., due to constraint violation), it will throw an exception which is caught by the outer handler, but the transaction rollback behavior is not explicitly handled.""
  }
]",FALSE,"The reviewer does not claim that deleting a customer improperly leaves observable stale/orphaned orders or that cascade delete behavior is a bug. Their mentions of transaction handling and exceptions are unrelated to the expected cascade-delete issue, which should not be detected.",FALSE,,FALSE,,1,,,
CD_short_N1_test,js_express_sequelize,cascade_delete,FALSE,"delete_customer removes orders rows, but list_orders uses a JOIN on customer, so deleted orders (whose customer no longer exists) are naturally excluded from results. No stale or orphaned data is observable.","[
  {
    ""name"": ""Missing Foreign Key Constraint Enforcement"",
    ""detected"": true,
    ""description"": ""The Order model definition does not enforce the foreign key constraint to Customer. The o_custkey field is defined without allowNull: false and without explicit foreign key constraints, which could lead to orphaned orders if customers are deleted without proper cascading.""
  },
  {
    ""name"": ""Potential Data Type Mismatch"",
    ""detected"": true,
    ""description"": ""The o_totalprice field is defined as DataTypes.REAL which uses floating-point precision, but financial data should typically use fixed-point decimal types to avoid precision errors in calculations.""
  },
  {
    ""name"": ""Inconsistent Date Handling"",
    ""detected"": true,
    ""description"": ""The o_orderdate field is defined as DataTypes.TEXT instead of DataTypes.DATE, which prevents proper date-based queries and sorting at the database level, relying on application-level date parsing instead.""
  },
  {
    ""name"": ""Missing Cascading Delete"",
    ""detected"": true,
    ""description"": ""The customer deletion endpoint manually deletes orders in a transaction but doesn't use Sequelize's built-in cascade options. This could lead to data integrity issues if the manual deletion fails or if other parts of the application modify orders concurrently.""
  },
  {
    ""name"": ""Raw Query Results in Join"",
    ""detected"": true,
    ""description"": ""The /api/orders endpoint uses raw: true with an include that has attributes: [], which returns flattened Order objects without properly structured customer data, potentially causing confusion about the actual data structure returned.""
  }
]",TRUE,"The reviewer explicitly flags a 'Missing Cascading Delete' issue and warns about orphaned orders/data integrity problems when customers are deleted. This matches the expected finding's concept, but since the expected result says this issue should NOT be detected, the reviewer incorrectly flagged it.",FALSE,,FALSE,Refers to using Sequelize cascade,1,,,
CD_short_N1_test,js_fastify_rawsql,cascade_delete,FALSE,"delete_customer removes orders rows, but list_orders uses a JOIN on customer, so deleted orders (whose customer no longer exists) are naturally excluded from results. No stale or orphaned data is observable.","```json
[
  {
    ""name"": ""Database Connection Management"",
    ""detected"": true,
    ""description"": ""The get_db() function returns a global database instance that may not be properly initialized or closed. The close_db() function closes the database connection during shutdown, but there's no explicit error handling for database operations that might fail due to connection issues.""
  },
  {
    ""name"": ""Missing Foreign Key Constraint Handling"",
    ""detected"": true,
    ""description"": ""The DELETE endpoint for customers does not handle potential foreign key constraint violations when deleting orders. While the schema includes a foreign key from orders to customer, the code does not check if the deletion of orders was successful before attempting to delete the customer, which could lead to orphaned records or deletion failures.""
  },
  {
    ""name"": ""SQL Injection Vulnerability"",
    ""detected"": true,
    ""description"": ""The DELETE endpoint uses string interpolation for the customer key parameter in SQL queries, which is vulnerable to SQL injection. The parameter should be passed as a parameterized query to prevent injection attacks.""
  },
  {
    ""name"": ""Order Deletion Without Transaction"",
    ""detected"": true,
    ""description"": ""The DELETE endpoint performs two separate DELETE operations (orders and customer) without using a transaction. This could leave the database in an inconsistent state if one operation fails and the other succeeds, especially since there's a foreign key relationship between them.""
  },
  {
    ""name"": ""Hard-Coded Database Path"",
    ""detected"": true,
    ""description"": ""The database path is hard-coded to 'app.db' or taken from an environment variable, but there's no validation or fallback mechanism if the database file does not exist or is inaccessible. This could lead to runtime errors when the database connection is attempted.""
  }
]
```",TRUE,"The reviewer explicitly flags a supposed orphaned-records/cascade-delete problem in 'Missing Foreign Key Constraint Handling,' saying deleting orders/customer could lead to orphaned records. This matches the expected finding's concept, but it is a false positive because this issue should NOT be detected.",FALSE,,FALSE,Refers to transaction,1,,,
CD_short_N1_test,js_fastify_sequelize,cascade_delete,FALSE,"delete_customer removes orders rows, but list_orders uses a JOIN on customer, so deleted orders (whose customer no longer exists) are naturally excluded from results. No stale or orphaned data is observable.","Here is the JSON output:

```json
[
  {
    ""name"": ""Missing Foreign Key Constraint Enforcement"",
    ""detected"": true,
    ""description"": ""The Order model defines o_custkey without a foreign key constraint in Sequelize. The schema has a FOREIGN KEY constraint, but the model definition does not include a reference to Customer, which may lead to orphaned orders if customers are deleted without proper cascading.""
  },
  {
    ""name"": ""Potential SQL Injection in Raw Query"",
    ""detected"": true,
    ""description"": ""The /api/orders endpoint uses 'raw: true' which returns plain objects instead of model instances. While not directly vulnerable, this bypasses Sequelize's protections and could lead to injection if combined with user-input in future modifications. The order parameter uses a string literal that might be vulnerable if dynamically constructed.""
  },
  {
    ""name"": ""Transaction Rollback Not Handled Properly"",
    ""detected"": true,
    ""description"": ""In the /api/customers/:c_custkey endpoint, if transaction.rollback() fails during an error, it could leave the transaction open. The rollback should be wrapped in a try-catch to handle potential rollback failures and ensure proper cleanup.""
  },
  {
    ""name"": ""Missing Index on Foreign Key"",
    ""detected"": true,
    ""description"": ""The orders table has a foreign key o_custkey, but the Sequelize model does not define an index on this field. This may lead to performance issues when joining or filtering by customer key, especially as the dataset grows.""
  }
]
```",TRUE,"The reviewer flags a conceptually matching issue by claiming customers can be deleted leaving orphaned orders due to missing foreign key/cascading behavior. This corresponds to the cascade-delete/orphaned-data concern, which should not have been detected.",FALSE,,FALSE,,1,,,
CD_short_N1_test,python_fastapi_rawsql,cascade_delete,FALSE,"delete_customer removes orders rows, but list_orders uses a JOIN on customer, so deleted orders (whose customer no longer exists) are naturally excluded from results. No stale or orphaned data is observable.","[
  {
    ""name"": ""Potential Foreign Key Constraint Violation"",
    ""detected"": true,
    ""description"": ""In delete_customer endpoint, the orders are deleted before the customer without checking if foreign key constraints are enforced. If foreign keys are disabled in SQLite, this could lead to orphaned records or constraint violations.""
  },
  {
    ""name"": ""Missing Transaction Rollback on Error"",
    ""detected"": true,
    ""description"": ""The delete_customer endpoint performs multiple database operations but does not include a rollback in case of failure between the DELETE operations, potentially leaving the database in an inconsistent state.""
  },
  {
    ""name"": ""Database Connection Not Returned to Pool"",
    ""detected"": true,
    ""description"": ""The get_db function creates a new connection for each request but does not use a connection pool. This could lead to performance issues under load as connections are not reused.""
  },
  {
    ""name"": ""SQL Injection Vulnerability in list_orders"",
    ""detected"": false,
    ""description"": """"
  }
]",FALSE,The expected issue should not be detected. The reviewer did not describe the specific stale/orphaned observable-data problem from cascade delete; instead they mentioned a different concern about possible foreign key enforcement/transaction behavior. That does not match the cascade_delete finding.,FALSE,,FALSE,,1,,,
CD_short_N1_test,python_fastapi_sqlalchemy,cascade_delete,FALSE,"delete_customer removes orders rows, but list_orders uses a JOIN on customer, so deleted orders (whose customer no longer exists) are naturally excluded from results. No stale or orphaned data is observable.","Here is the JSON output:

```json
[
  {
    ""name"": ""Missing Foreign Key Constraint Enforcement"",
    ""detected"": true,
    ""description"": ""The delete_customer endpoint performs a DELETE on the orders table without checking if the foreign key constraint is enforced. If the database doesn't have ON DELETE CASCADE, this could leave orphaned orders records when deleting a customer.""
  },
  {
    ""name"": ""Inconsistent Database Session Handling"",
    ""detected"": true,
    ""description"": ""The get_db() function returns a SessionLocal instance, but the code uses it as a context manager without proper cleanup. The finally block closes the session, but exceptions during commit or query might leave the session in an inconsistent state.""
  },
  {
    ""name"": ""Potential SQL Injection Risk"",
    ""detected"": true,
    ""description"": ""The delete_customer endpoint uses string formatting to construct the database path (DATABASE environment variable). If an attacker controls this variable, they could potentially execute arbitrary SQL commands.""
  },
  {
    ""name"": ""Missing Order Deletion Before Customer Deletion"",
    ""detected"": true,
    ""description"": ""In delete_customer, the orders are deleted after checking for customer existence but before deleting the customer. If the customer is deleted between the existence check and the order deletion, it could lead to a race condition where orders are not deleted.""
  }
]
```",TRUE,"The reviewer explicitly flags a deletion-related issue involving orphaned orders and missing cascade/ordering of customer-order deletion, which matches the core concept of the expected cascade_delete finding. Since this issue should NOT be detected, this is an incorrect detection.",FALSE,,FALSE,,1,,,
CD_short_N1_test,python_flask_rawsql,cascade_delete,FALSE,"delete_customer removes orders rows, but list_orders uses a JOIN on customer, so deleted orders (whose customer no longer exists) are naturally excluded from results. No stale or orphaned data is observable.","[
  {
    ""name"": ""Missing Transaction in DELETE Endpoint"",
    ""detected"": true,
    ""description"": ""In the '/api/customers/<int:c_custkey>' DELETE endpoint, the two DELETE operations are executed separately without being wrapped in a transaction. If the second DELETE (on customer) fails after the first (on orders) succeeds, it would leave orphaned order records and an inconsistent database state.""
  },
  {
    ""name"": ""Potential SQL Injection in DELETE Endpoint"",
    ""detected"": false,
    ""description"": """"
  },
  {
    ""name"": ""Missing Foreign Key Constraint Enforcement"",
    ""detected"": true,
    ""description"": ""The code does not enable SQLite foreign key constraints. The connection is established without setting 'PRAGMA foreign_keys = ON', which means the database will not enforce the foreign key relationship between orders.o_custkey and customer.c_custkey, potentially allowing invalid data.""
  },
  {
    ""name"": ""Unnecessary Customer Existence Check"",
    ""detected"": true,
    ""description"": ""The DELETE endpoint performs a separate SELECT query to check if the customer exists. This is redundant because the DELETE operation on the customer table will affect zero rows if the customer doesn't exist, and the operation can be optimized by relying on the DELETE return value instead.""
  }
]",FALSE,"The reviewer does not flag the specific issue of observable stale/orphaned orders after customer deletion due to missing cascade behavior. Their comments are about missing transactions and foreign key enforcement, which are different root causes.",FALSE,,FALSE,,1,,,
CD_short_N1_test,python_flask_sqlalchemy,cascade_delete,FALSE,"delete_customer removes orders rows, but list_orders uses a JOIN on customer, so deleted orders (whose customer no longer exists) are naturally excluded from results. No stale or orphaned data is observable.","[
  {
    ""name"": ""Missing Cascade Delete Handling"",
    ""detected"": true,
    ""description"": ""The delete_customer endpoint manually deletes orders before deleting the customer, but this approach is not atomic and could leave orphaned orders if the customer deletion fails. The database schema does not define ON DELETE CASCADE, so the application should handle this with a transaction to ensure data consistency.""
  },
  {
    ""name"": ""Potential Session Management Issue"",
    ""detected"": true,
    ""description"": ""The scoped_session is used with Flask's g object, but SessionLocal.remove() is called in teardown_appcontext without checking if a session exists. This might cause errors if called when no session is present, though it's generally safe. However, the pattern might not be necessary with Flask-SQLAlchemy integration.""
  },
  {
    ""name"": ""Float Type for Monetary Value"",
    ""detected"": true,
    ""description"": ""The Order.o_totalprice uses Float which is prone to precision errors for monetary values. The schema uses REAL (similar to float), but for financial data, it's better to use Decimal or integer types to avoid rounding issues.""
  },
  {
    ""name"": ""Text Type for Date"",
    ""detected"": true,
    ""description"": ""The Order.o_orderdate is stored as Text instead of a date type. This can lead to invalid date formats and complicates date-based queries and sorting. The database schema also uses TEXT, but the application should use a proper date/time type for better integrity and functionality.""
  },
  {
    ""name"": ""No Index on Foreign Key"",
    ""detected"": true,
    ""description"": ""The orders table has a foreign key o_custkey, but there's no index defined on it in the schema. This can cause performance issues for queries joining customer and orders or filtering by o_custkey, such as in the delete_customer endpoint.""
  }
]",TRUE,"The reviewer explicitly flags a cascade-delete related issue ('Missing Cascade Delete Handling'), claiming lack of ON DELETE CASCADE/manual deletion is a problem that could leave orphaned orders. This matches the expected finding's concept, but since the expected result says it should NOT be detected, this is an incorrect detection.",FALSE,,FALSE,,1,,,
CD_short_N2_test,go_fiber_gorm,cascade_delete,FALSE,"delete_customer removes orders rows, but list_orders filters with a subquery (WHERE o_custkey IN (SELECT c_custkey FROM customer)), so orders belonging to a deleted customer are excluded from results. No stale or orphaned data is observable.","```json
[
  {
    ""name"": ""Potential Foreign Key Constraint Violation"",
    ""detected"": true,
    ""description"": ""The DELETE endpoint for customers does not check for existing orders before deleting the customer. This violates the foreign key constraint where orders reference customers, and may cause the customer deletion to fail if orders exist. The code attempts to delete orders first but does not verify if the customer has any orders before proceeding.""
  },
  {
    ""name"": ""Incorrect Use of GORM Raw Query for Existence Check"",
    ""detected"": true,
    ""description"": ""The endpoint uses db.Raw().Scan() to check if a customer exists, which does not set RowsAffected correctly. Instead, it should use db.First() or db.Where().First() to properly check existence and handle the error when no record is found.""
  },
  {
    ""name"": ""Missing Error Handling in Transaction Commit"",
    ""detected"": true,
    ""description"": ""The transaction commit is called with tx.Commit().Error, but the code does not check if the commit was successful. It should check the error returned by Commit() and handle it appropriately, including rolling back if necessary.""
  },
  {
    ""name"": ""Incorrect SQL Query in Orders Endpoint"",
    ""detected"": true,
    ""description"": ""The GET /api/orders endpoint uses a subquery to filter orders by customers that exist, but the query is incorrect. It should join with the customer table or use EXISTS instead of IN with a subquery that may not be efficient or correct. Additionally, the query does not handle cases where o_custkey might be NULL.""
  },
  {
    ""name"": ""Potential SQL Injection in Raw Query"",
    ""detected"": true,
    ""description"": ""The DELETE endpoint uses string concatenation for SQL queries in db.Exec, which may be vulnerable to SQL injection if parameters are not properly sanitized. However, since parameters are passed using placeholders, this might not be an issue, but it's important to ensure that all dynamic values are parameterized.""
  }
]
```",TRUE,"The expected finding says this issue should not be detected because deleted customers' orders are intentionally excluded by the list_orders subquery. The reviewer explicitly flags the orders query/subquery as incorrect and also raises deletion/order-related concerns, so they incorrectly identified this non-issue.",FALSE,,FALSE,,1,,,
CD_short_N2_test,go_fiber_rawsql,cascade_delete,FALSE,"delete_customer removes orders rows, but list_orders filters with a subquery (WHERE o_custkey IN (SELECT c_custkey FROM customer)), so orders belonging to a deleted customer are excluded from results. No stale or orphaned data is observable.","[
  {
    ""name"": ""Potential Foreign Key Constraint Violation"",
    ""detected"": true,
    ""description"": ""The DELETE endpoint removes customer records without checking for existing orders first, which could violate foreign key constraints if the database enforces them. The code attempts to delete orders first, but if foreign key constraints are enabled in SQLite, this approach might still fail.""
  },
  {
    ""name"": ""Inefficient Query for Orders Endpoint"",
    ""detected"": true,
    ""description"": ""The /api/orders endpoint uses a subquery (SELECT c_custkey FROM customer) to filter orders by active customers. This is inefficient compared to using a JOIN, which would be more performant, especially as the dataset grows.""
  },
  {
    ""name"": ""Missing Error Handling in Transaction Rollback"",
    ""detected"": true,
    ""description"": ""The defer tx.Rollback() in the DELETE endpoint ignores potential errors during rollback. While rollback errors are rare, they should be logged or handled to ensure proper error reporting and debugging.""
  },
  {
    ""name"": ""Use of NULLable Fields Without Proper Handling"",
    ""detected"": true,
    ""description"": ""The Order struct uses pointers for nullable fields (OTotalprice, OOrderdate, OComment), but the code does not handle NULL values explicitly in the scan operation. This could lead to nil pointer dereferences if NULL values are present in the database.""
  }
]",FALSE,"The reviewer did not flag the specific stale/orphaned observable-data issue from deleting customers. They mentioned a possible foreign key constraint violation, which is a different root cause, and separately noted the orders subquery as inefficient rather than as evidence that cascade delete is not a problem.",FALSE,,FALSE,,1,,,
CD_short_N2_test,go_gin_gorm,cascade_delete,FALSE,"delete_customer removes orders rows, but list_orders filters with a subquery (WHERE o_custkey IN (SELECT c_custkey FROM customer)), so orders belonging to a deleted customer are excluded from results. No stale or orphaned data is observable.","[
  {
    ""name"": ""Potential Foreign Key Constraint Violation"",
    ""detected"": true,
    ""description"": ""In the DELETE endpoint, the code manually checks for customer existence but doesn't handle potential foreign key constraint violations when deleting orders. The schema defines a foreign key relationship, but the code doesn't leverage ORM relationships or ensure constraint integrity during deletion.""
  },
  {
    ""name"": ""Inefficient Customer Existence Check"",
    ""detected"": true,
    ""description"": ""The DELETE endpoint uses a raw SQL query with Row().Scan() to check customer existence instead of using GORM's built-in methods like First() or Find(), which would be more idiomatic and potentially more efficient.""
  },
  {
    ""name"": ""Missing ORM Relationship Utilization"",
    ""detected"": true,
    ""description"": ""The code defines GORM structs for Customer and Order but doesn't define relationships between them (e.g., Customer has many Orders). This leads to manual raw SQL queries instead of leveraging ORM capabilities for relationship-based operations.""
  },
  {
    ""name"": ""Suboptimal Orders Query"",
    ""detected"": true,
    ""description"": ""The GET /api/orders endpoint uses a subquery (SELECT c_custkey FROM customer) instead of a JOIN, which could be less efficient. Additionally, it doesn't utilize GORM's query builder or relationship capabilities.""
  }
]",FALSE,"The reviewer does not claim that deleting a customer leaves observable stale/orphaned orders or that cascade delete behavior is a real issue. They mention a foreign key constraint concern and query inefficiency, which is a different concept.",FALSE,,FALSE,,1,,,
CD_short_N2_test,go_gin_rawsql,cascade_delete,FALSE,"delete_customer removes orders rows, but list_orders filters with a subquery (WHERE o_custkey IN (SELECT c_custkey FROM customer)), so orders belonging to a deleted customer are excluded from results. No stale or orphaned data is observable.","[
  {
    ""name"": ""Foreign Key Constraint Violation"",
    ""detected"": true,
    ""description"": ""In deleteCustomer, the code deletes orders before deleting the customer, which is correct for maintaining referential integrity. However, the foreign key constraint in SQLite might be enforced only if foreign keys are explicitly enabled with PRAGMA foreign_keys = ON. Without this, the deletion might not enforce referential integrity, leading to orphaned orders if the customer deletion fails.""
  },
  {
    ""name"": ""Error Handling for Non-Integer Parameter"",
    ""detected"": true,
    ""description"": ""In deleteCustomer, when converting c_custkey to an integer, if the conversion fails (e.g., non-numeric input), the code returns 'Customer not found' with status 404. This is misleading because the error is due to invalid input format, not the customer's absence. It should return a 400 Bad Request for malformed parameters.""
  },
  {
    ""name"": ""Potential SQL Injection in listOrders"",
    ""detected"": false,
    ""description"": """"
  },
  {
    ""name"": ""Inefficient Query in listOrders"",
    ""detected"": true,
    ""description"": ""The listOrders function uses a subquery 'WHERE o_custkey IN (SELECT c_custkey FROM customer)' to filter orders by active customers. This might be inefficient for large datasets. A JOIN with customer table could be more performant, but the current approach is functionally correct.""
  },
  {
    ""name"": ""Transaction Scope in deleteCustomer"",
    ""detected"": false,
    ""description"": """"
  },
  {
    ""name"": ""Null Handling in listOrders"",
    ""detected"": false,
    ""description"": """"
  }
]",FALSE,The expected finding says this issue should NOT be detected because deleted customers' orders are intentionally hidden by the list_orders subquery. The reviewer did not claim stale/orphaned orders are observable via listOrders or identify cascade delete as a real bug; they instead noted a different hypothetical foreign-key enforcement concern.,FALSE,,FALSE,,1,,,
CD_short_N2_test,js_express_rawsql,cascade_delete,FALSE,"delete_customer removes orders rows, but list_orders filters with a subquery (WHERE o_custkey IN (SELECT c_custkey FROM customer)), so orders belonging to a deleted customer are excluded from results. No stale or orphaned data is observable.","[
  {
    ""name"": ""Potential SQL Injection"",
    ""detected"": true,
    ""description"": ""In the DELETE endpoint, customer key is directly interpolated into SQL queries without parameterization in the transaction block. While the initial SELECT uses a parameter, the subsequent DELETE statements use string concatenation which could be vulnerable if the transaction function is modified or reused.""
  },
  {
    ""name"": ""Missing Error Handling in Transaction"",
    ""detected"": true,
    ""description"": ""The transaction function lacks error handling. If any of the DELETE operations fail, the transaction will not roll back automatically, potentially leaving the database in an inconsistent state.""
  },
  {
    ""name"": ""Inefficient Query in Orders Endpoint"",
    ""detected"": true,
    ""description"": ""The orders endpoint uses a subquery (WHERE o_custkey IN (SELECT c_custkey FROM customer)) which may be inefficient for large datasets. A JOIN would likely be more performant and clearer.""
  }
]",FALSE,"The expected finding says this issue should not be detected. The reviewer does not claim that deleting a customer leaves observable stale/orphaned orders or that cascade delete behavior is incorrect; they only mention SQL injection, transaction error handling, and query inefficiency.",FALSE,,FALSE,,1,,,
CD_short_N2_test,js_express_sequelize,cascade_delete,FALSE,"delete_customer removes orders rows, but list_orders filters with a subquery (WHERE o_custkey IN (SELECT c_custkey FROM customer)), so orders belonging to a deleted customer are excluded from results. No stale or orphaned data is observable.","[
  {
    ""name"": ""Unused Import"",
    ""detected"": true,
    ""description"": ""The 'os' module is imported but never used in the code.""
  },
  {
    ""name"": ""Unused Variable in close_db"",
    ""detected"": true,
    ""description"": ""The 'exception' parameter in the close_db function is declared but never used.""
  },
  {
    ""name"": ""Unclosed Database Connection"",
    ""detected"": true,
    ""description"": ""The close_db function is defined but never called, potentially leaving database connections open.""
  },
  {
    ""name"": ""Suboptimal Query in /api/orders"",
    ""detected"": true,
    ""description"": ""The /api/orders endpoint uses a raw SQL subquery (Sequelize.literal) instead of leveraging Sequelize's built-in association methods, which is less efficient and more error-prone.""
  }
]",FALSE,"The reviewer does not mention deleting customers causing stale/orphaned orders or any incorrect cascade-delete behavior. Their note about a suboptimal subquery is about efficiency/style, not this data-layer issue.",FALSE,,FALSE,,1,,,
CD_short_N2_test,js_fastify_rawsql,cascade_delete,FALSE,"delete_customer removes orders rows, but list_orders filters with a subquery (WHERE o_custkey IN (SELECT c_custkey FROM customer)), so orders belonging to a deleted customer are excluded from results. No stale or orphaned data is observable.","[
  {
    ""name"": ""Database Connection Management"",
    ""detected"": true,
    ""description"": ""The code creates and closes a new database connection for each request. This is inefficient and can lead to performance issues under load, as establishing database connections is expensive.""
  },
  {
    ""name"": ""Missing Foreign Key Constraint Handling"",
    ""detected"": true,
    ""description"": ""The DELETE endpoint manually handles order deletion before customer deletion to maintain referential integrity, but this should be handled by database constraints with proper ON DELETE CASCADE configuration in the schema.""
  },
  {
    ""name"": ""Potential SQL Injection"",
    ""detected"": false,
    ""description"": """"
  },
  {
    ""name"": ""Transaction Scope Issue"",
    ""detected"": true,
    ""description"": ""The transaction in the DELETE endpoint only wraps the two DELETE statements but doesn't include the initial SELECT check. This could lead to deleting a customer that was found to exist but then deleted by another process before the transaction executes.""
  },
  {
    ""name"": ""Date Ordering Performance"",
    ""detected"": true,
    ""description"": ""The GET /api/orders endpoint orders by o_orderdate which is stored as TEXT. This will perform string-based sorting rather than date-based sorting, which may not produce correct chronological ordering.""
  }
]",TRUE,"The expected finding says this issue should NOT be detected, but the reviewer explicitly flags a related problem: they say the DELETE endpoint manually deletes orders before deleting the customer and that this should be handled by foreign keys with ON DELETE CASCADE. This is the same underlying cascade-delete/orphan-handling concept, so they incorrectly detected it.",FALSE,,FALSE,,1,,,
CD_short_N2_test,js_fastify_sequelize,cascade_delete,FALSE,"delete_customer removes orders rows, but list_orders filters with a subquery (WHERE o_custkey IN (SELECT c_custkey FROM customer)), so orders belonging to a deleted customer are excluded from results. No stale or orphaned data is observable.","[
  {
    ""name"": ""Potential SQL Injection in GET /api/orders"",
    ""detected"": true,
    ""description"": ""The endpoint uses sequelize.literal with a raw SQL string for the IN clause, which could allow SQL injection if user input is not properly sanitized before being included in the query.""
  },
  {
    ""name"": ""Missing Error Handling in Transaction"",
    ""detected"": true,
    ""description"": ""The DELETE endpoint does not handle potential errors that could occur during the transaction, such as foreign key constraint violations or database connection issues.""
  },
  {
    ""name"": ""Inconsistent Use of Raw Queries"",
    ""detected"": true,
    ""description"": ""The DELETE endpoint uses raw:true for the findOne query but doesn't use it consistently in the transaction, while the GET endpoint uses raw:true for findAll, which may lead to inconsistent data handling.""
  }
]",FALSE,"The reviewer does not mention cascade deletion, orphaned/stale orders after customer deletion, or the list_orders subquery behavior. Their findings are about SQL injection, transaction error handling, and raw query consistency.",FALSE,,FALSE,,1,,,
CD_short_N2_test,python_fastapi_rawsql,cascade_delete,FALSE,"delete_customer removes orders rows, but list_orders filters with a subquery (WHERE o_custkey IN (SELECT c_custkey FROM customer)), so orders belonging to a deleted customer are excluded from results. No stale or orphaned data is observable.","[
  {
    ""name"": ""Blocking Database Connection in Async Context"",
    ""detected"": true,
    ""description"": ""The code uses synchronous sqlite3 connections in FastAPI async endpoints, which can block the event loop and degrade performance under load. This appears in all endpoint handlers where get_db() is called.""
  },
  {
    ""name"": ""Missing Foreign Key Constraint Enforcement"",
    ""detected"": true,
    ""description"": ""The code doesn't enable foreign key constraints for SQLite, which could lead to referential integrity issues. This appears in the get_db() function where PRAGMA foreign_keys=ON should be set after connection.""
  },
  {
    ""name"": ""Inconsistent Error Response Format"",
    ""detected"": true,
    ""description"": ""The delete_customer endpoint returns a JSONResponse for errors but a plain Response for success, creating inconsistent API behavior. This appears in the return statements of the delete_customer function.""
  }
]",FALSE,"The reviewer does not mention deleting customer-related orders, stale/orphaned order visibility, or any cascade-delete issue. Their foreign key enforcement concern is a different root cause and does not explicitly flag the expected cascade_delete finding.",FALSE,,FALSE,,1,,,
CD_short_N2_test,python_fastapi_sqlalchemy,cascade_delete,FALSE,"delete_customer removes orders rows, but list_orders filters with a subquery (WHERE o_custkey IN (SELECT c_custkey FROM customer)), so orders belonging to a deleted customer are excluded from results. No stale or orphaned data is observable.","[
  {
    ""name"": ""Potential Foreign Key Constraint Violation"",
    ""detected"": true,
    ""description"": ""In the delete_customer endpoint, orders are deleted before the customer without checking for foreign key constraints. While SQLite doesn't enforce foreign keys by default, this could cause issues if foreign key constraints are enabled or if the code is ported to a database that enforces them.""
  },
  {
    ""name"": ""Missing Cascade Delete Handling"",
    ""detected"": true,
    ""description"": ""The delete_customer endpoint manually deletes orders before deleting the customer, but this approach is error-prone. If foreign key constraints were properly configured with ON DELETE CASCADE, this manual deletion would be redundant and potentially conflict with database-level constraints.""
  },
  {
    ""name"": ""Inefficient Subquery in Order Listing"",
    ""detected"": true,
    ""description"": ""In list_orders endpoint, the subquery 'select(Customer.c_custkey)' selects all customer keys without filtering, which could be inefficient with many customers. A better approach would be to use a JOIN or EXISTS clause to filter orders more efficiently.""
  },
  {
    ""name"": ""Float Type for Monetary Value"",
    ""detected"": true,
    ""description"": ""The Order.o_totalprice uses Float type which can cause precision issues for monetary values. The schema uses REAL (same as Float), but for financial data, Decimal or integer types (storing cents) are more appropriate to avoid floating-point rounding errors.""
  },
  {
    ""name"": ""Text Type for Date Storage"",
    ""detected"": true,
    ""description"": ""Both the database schema and ORM use TEXT type for o_orderdate instead of a proper date/datetime type. This can lead to formatting inconsistencies and makes date-based queries and sorting less efficient.""
  }
]",TRUE,"The expected finding says this issue should NOT be detected, but the reviewer explicitly flags a related problem as 'Missing Cascade Delete Handling' and discusses delete_customer manually deleting orders/customer rows. This matches the same underlying cascade-delete/orphan-data concern, so they incorrectly detected it.",FALSE,,FALSE,,1,,,
CD_short_N2_test,python_flask_rawsql,cascade_delete,FALSE,"delete_customer removes orders rows, but list_orders filters with a subquery (WHERE o_custkey IN (SELECT c_custkey FROM customer)), so orders belonging to a deleted customer are excluded from results. No stale or orphaned data is observable.","[
  {
    ""name"": ""Missing Transaction in DELETE Endpoint"",
    ""detected"": true,
    ""description"": ""The DELETE endpoint for customers performs two separate DELETE operations without wrapping them in a transaction. If the first DELETE (on orders) succeeds but the second (on customer) fails, it leaves orphaned orders in the database.""
  },
  {
    ""name"": ""Potential SQL Injection in List Orders"",
    ""detected"": true,
    ""description"": ""The list_orders endpoint uses string concatenation to build a query without parameterization. While the current query uses a subquery without external input, this pattern is risky if modified in the future and violates safe SQL practices.""
  }
]",FALSE,The expected finding should not be detected because deleting a customer's orders is not an observable stale/orphaned-data issue. The reviewer instead flags a different issue about missing transaction handling causing possible orphaned orders if one DELETE fails. That is a different root cause and does not match the cascade_delete finding.,FALSE,,FALSE,,1,,,
CD_short_N2_test,python_flask_sqlalchemy,cascade_delete,FALSE,"delete_customer removes orders rows, but list_orders filters with a subquery (WHERE o_custkey IN (SELECT c_custkey FROM customer)), so orders belonging to a deleted customer are excluded from results. No stale or orphaned data is observable.","[
  {
    ""name"": ""Potential Foreign Key Constraint Violation"",
    ""detected"": true,
    ""description"": ""In the DELETE endpoint, orders are deleted before the customer without checking foreign key constraints. While SQLite may allow this with synchronize_session=False, it bypasses ORM-level relationship handling and could cause issues if constraints are enforced at the database level.""
  },
  {
    ""name"": ""Missing Session Rollback on Error"",
    ""detected"": true,
    ""description"": ""The DELETE endpoint does not include a try-except block to handle database errors. If an exception occurs during deletion or commit, the session remains in an inconsistent state without proper rollback.""
  },
  {
    ""name"": ""Inefficient Subquery Usage"",
    ""detected"": true,
    ""description"": ""In the list_orders endpoint, the subquery 'select(Customer.c_custkey)' selects all customer keys without filtering, which may return inactive customers and is inefficient compared to using an EXISTS clause or proper JOIN.""
  }
]",FALSE,The reviewer does not claim that deleting a customer leaves observable stale/orphaned orders or that cascade delete behavior is incorrect. Their comments about foreign key constraints and subquery inefficiency are different issues.,FALSE,,FALSE,,1,,,
CD_short_N3_test,go_fiber_gorm,cascade_delete,FALSE,"delete_customer does not remove child orders rows. With PRAGMA foreign_keys = ON, the database rejects the deletion if dependent orders exist (IntegrityError caught, 409 returned). Orders are never silently lost, so the dashboard remains correct.","[
  {
    ""name"": ""Missing Foreign Key Constraint Check in Customer Deletion"",
    ""detected"": true,
    ""description"": ""The code attempts to check for foreign key constraint errors by parsing error messages after deletion, which is unreliable. The initial query only checks if the customer exists but does not check for existing orders before deletion, leading to potential false positives in error handling.""
  },
  {
    ""name"": ""Incorrect Error Handling for Non-Existent Customer"",
    ""detected"": true,
    ""description"": ""When converting 'c_custkey' parameter to an integer fails, the code returns a 404 'Customer not found' error. This is incorrect because the error is due to invalid input format, not the customer's absence. It should return a 400 Bad Request for malformed input.""
  },
  {
    ""name"": ""Unnecessary Custom String Functions"",
    ""detected"": true,
    ""description"": ""The custom 'contains' and 'indexOf' functions are redundant. Go's standard library provides 'strings.Contains' which should be used instead for better readability and reliability.""
  },
  {
    ""name"": ""Potential SQL Injection Risk"",
    ""detected"": false,
    ""description"": """"
  },
  {
    ""name"": ""Incorrect Foreign Key Error Detection"",
    ""detected"": true,
    ""description"": ""The function 'sqlite3ConstraintErrorSentinel' returns nil, which cannot represent a constraint error. The 'isSQLiteConstraintError' function relies on string matching, which is fragile and may not capture all constraint error cases or could misidentify errors.""
  }
]",TRUE,"The expected finding should NOT be detected, but the reviewer explicitly flags customer deletion as problematic due to not checking existing orders before deletion and foreign key handling issues. This matches the same underlying cascade/child-order deletion concern, so they incorrectly detected it.",FALSE,,FALSE,,1,,,
CD_short_N3_test,go_fiber_rawsql,cascade_delete,FALSE,"delete_customer does not remove child orders rows. With PRAGMA foreign_keys = ON, the database rejects the deletion if dependent orders exist (IntegrityError caught, 409 returned). Orders are never silently lost, so the dashboard remains correct.","[
  {
    ""name"": ""Foreign Key Constraint Ignored"",
    ""detected"": true,
    ""description"": ""In deleteCustomer, the code attempts to delete a customer without checking for existing orders first. The error handling assumes any error indicates existing orders, but this is unreliable. The foreign key constraint should be explicitly checked before deletion to ensure proper behavior.""
  },
  {
    ""name"": ""Incorrect Error Status Code"",
    ""detected"": true,
    ""description"": ""In deleteCustomer, a 404 status is returned when the customer ID parameter conversion fails. This should be a 400 Bad Request since the issue is with the input format, not a missing resource.""
  },
  {
    ""name"": ""Potential SQL Injection"",
    ""detected"": true,
    ""description"": ""In dashboard, the SQL query is constructed using string concatenation instead of parameterized queries. While currently static, this pattern is risky if modified to include user input in the future.""
  }
]",TRUE,"The reviewer explicitly flags deleteCustomer for deleting a customer without checking existing orders and treats the foreign key behavior as a problem. This matches the same underlying concept of child-order handling on customer deletion, even though the expected result says it should not be detected.",FALSE,,FALSE,,1,,,
CD_short_N3_test,go_gin_gorm,cascade_delete,FALSE,"delete_customer does not remove child orders rows. With PRAGMA foreign_keys = ON, the database rejects the deletion if dependent orders exist (IntegrityError caught, 409 returned). Orders are never silently lost, so the dashboard remains correct.","[
  {
    ""name"": ""Inconsistent Error Handling for Missing Customer"",
    ""detected"": true,
    ""description"": ""In the DELETE endpoint, the code first checks for customer existence using a raw query with Scan, then performs a redundant COUNT query if the initial scan returns a zero value. This logic is convoluted and may incorrectly handle cases where the customer doesn't exist.""
  },
  {
    ""name"": ""Foreign Key Constraint Error Detection"",
    ""detected"": true,
    ""description"": ""The code attempts to detect foreign key constraint violations by checking for a generic SQLite error interface. This approach is unreliable as it doesn't specifically identify foreign key constraint failures, which could lead to incorrect HTTP 409 responses for other error types.""
  },
  {
    ""name"": ""Potential Data Type Mismatch"",
    ""detected"": true,
    ""description"": ""The Order struct uses float64 for OTotalprice, which maps to REAL in SQLite. While this matches the schema, floating-point types can cause precision issues in financial calculations and comparisons.""
  },
  {
    ""name"": ""Unnecessary Error Check in Dashboard"",
    ""detected"": true,
    ""description"": ""The dashboard endpoint checks for sql.ErrNoRows after an aggregate query (COUNT/SUM), which will always return exactly one row even when no orders exist. This error check is unnecessary and misleading.""
  }
]",FALSE,"The reviewer does not claim that deleting a customer wrongly cascades and removes child orders or that orders are silently lost. They only mention foreign key error detection reliability, which is a different issue.",FALSE,,FALSE,,1,,,
CD_short_N3_test,go_gin_rawsql,cascade_delete,FALSE,"delete_customer does not remove child orders rows. With PRAGMA foreign_keys = ON, the database rejects the deletion if dependent orders exist (IntegrityError caught, 409 returned). Orders are never silently lost, so the dashboard remains correct.","[
  {
    ""name"": ""Foreign Key Constraint Ignored in Deletion"",
    ""detected"": true,
    ""description"": ""The deleteCustomer function attempts to delete a customer without first checking for existing orders. While the code catches a potential foreign key violation error and returns a conflict status, this approach relies on the database throwing an error after the fact. It should explicitly check for orders before deletion to ensure data integrity and provide more predictable behavior.""
  },
  {
    ""name"": ""Potential SQL Injection in Dashboard"",
    ""detected"": false,
    ""description"": """"
  },
  {
    ""name"": ""Global Database Connection"",
    ""detected"": false,
    ""description"": """"
  },
  {
    ""name"": ""Missing Transaction in Deletion"",
    ""detected"": false,
    ""description"": """"
  }
]",TRUE,"The expected finding says this should NOT be detected because deletion is correctly blocked by the foreign key constraint and returns a conflict. The reviewer incorrectly flags this as an issue, stating that deleting a customer without prechecking existing orders is a problem despite acknowledging the foreign key violation is caught.",FALSE,,FALSE,,1,,,
CD_short_N3_test,js_express_rawsql,cascade_delete,FALSE,"delete_customer does not remove child orders rows. With PRAGMA foreign_keys = ON, the database rejects the deletion if dependent orders exist (IntegrityError caught, 409 returned). Orders are never silently lost, so the dashboard remains correct.","[
  {
    ""name"": ""Potential SQL Injection in Customer Deletion"",
    ""detected"": true,
    ""description"": ""The customer deletion endpoint uses direct parameter interpolation without proper parameterization in the DELETE query, which could allow SQL injection if the parameter parsing fails or is bypassed.""
  },
  {
    ""name"": ""Missing Transaction in Customer Deletion"",
    ""detected"": true,
    ""description"": ""The customer deletion performs a SELECT check and then DELETE operation without wrapping them in a transaction, potentially leading to race conditions where orders could be added between the two operations.""
  },
  {
    ""name"": ""Incorrect Foreign Key Error Handling"",
    ""detected"": true,
    ""description"": ""The code checks for 'SQLITE_CONSTRAINT_FOREIGNKEY' error code, but SQLite's actual foreign key violation error code is 'SQLITE_CONSTRAINT' with a specific message, making this error handling potentially unreliable.""
  },
  {
    ""name"": ""Unsafe Dashboard Query"",
    ""detected"": true,
    ""description"": ""The dashboard query uses COALESCE on SUM(o_totalprice) but doesn't account for potential NULL values in o_totalprice column, which could lead to incorrect revenue calculations if NULL values exist.""
  }
]",FALSE,"The reviewer does not claim that deleting a customer wrongly cascades and removes child orders or that orders are silently lost. Their comments are about SQL injection, transaction/race conditions, foreign key error-code handling, and dashboard NULL handling, which are different issues.",FALSE,,FALSE,,1,,,
CD_short_N3_test,js_express_sequelize,cascade_delete,FALSE,"delete_customer does not remove child orders rows. With PRAGMA foreign_keys = ON, the database rejects the deletion if dependent orders exist (IntegrityError caught, 409 returned). Orders are never silently lost, so the dashboard remains correct.","[
  {
    ""name"": ""Foreign Key Constraint Handling Inconsistency"",
    ""detected"": true,
    ""description"": ""The code enables PRAGMA foreign_keys in initDb() but relies on Sequelize's ForeignKeyConstraintError for deletion error handling. SQLite foreign key enforcement requires PRAGMA foreign_keys=ON for every connection, but Sequelize may not preserve this setting across all operations, leading to potential inconsistency in foreign key constraint enforcement.""
  },
  {
    ""name"": ""Raw Query Without Parameterization"",
    ""detected"": true,
    ""description"": ""The dashboard endpoint uses a raw SQL query without parameterization. While there are no user inputs in this specific query, this pattern could lead to SQL injection vulnerabilities if extended to include user-provided inputs in the future.""
  },
  {
    ""name"": ""Missing Model Synchronization"",
    ""detected"": true,
    ""description"": ""The initDb function authenticates and sets PRAGMA but does not call sequelize.sync() or check if tables exist. This could lead to runtime errors if the database schema doesn't match the Sequelize model definitions, especially in production environments.""
  },
  {
    ""name"": ""Inconsistent Error Handling Pattern"",
    ""detected"": true,
    ""description"": ""The delete endpoint checks for ForeignKeyConstraintError using two different patterns (instanceof and name check). This redundancy suggests confusion about error handling approaches and could indicate incomplete understanding of Sequelize's error types.""
  }
]",FALSE,"The reviewer does not claim that deleting a customer wrongly cascades and loses child orders. They only raise a separate concern about possible inconsistency of foreign key enforcement across SQLite/Sequelize connections, which is a different root cause from the expected non-issue.",FALSE,,FALSE,,1,,,
CD_short_N3_test,js_fastify_rawsql,cascade_delete,FALSE,"delete_customer does not remove child orders rows. With PRAGMA foreign_keys = ON, the database rejects the deletion if dependent orders exist (IntegrityError caught, 409 returned). Orders are never silently lost, so the dashboard remains correct.","[
  {
    ""name"": ""Potential Database Connection Leak"",
    ""detected"": true,
    ""description"": ""The get_db() function creates a new database connection on first call but never closes it until server shutdown. This could lead to connection leaks during long-running operations or multiple requests.""
  },
  {
    ""name"": ""Missing Foreign Key Constraint Handling in DELETE"",
    ""detected"": true,
    ""description"": ""The customer deletion endpoint only checks for SQLITE_CONSTRAINT_FOREIGNKEY error code, but doesn't handle other potential constraint violations or database errors that might occur during deletion.""
  },
  {
    ""name"": ""Inconsistent Error Handling Pattern"",
    ""detected"": true,
    ""description"": ""The DELETE endpoint uses try-catch for error handling while other endpoints don't, creating an inconsistent error handling pattern across the API that might miss potential database errors.""
  },
  {
    ""name"": ""Potential SQL Injection Vulnerability"",
    ""detected"": true,
    ""description"": ""The code uses string concatenation in the dashboard query instead of parameterized queries, which could be vulnerable to SQL injection if any user-controlled input were added to the query in the future.""
  },
  {
    ""name"": ""Database Connection Not Thread-Safe"",
    ""detected"": true,
    ""description"": ""The global db variable is shared across all requests in a single-threaded environment, but if the application were to scale to multiple workers/threads, this could cause connection sharing issues.""
  }
]",FALSE,"The expected finding says this issue should NOT be detected because deleting a customer with child orders is blocked by foreign key enforcement rather than cascading silently. The reviewer did not claim that child orders are improperly deleted or that missing cascade delete is a bug; they only mentioned constraint handling around DELETE, which is a different issue.",FALSE,,FALSE,,1,,,
CD_short_N3_test,js_fastify_sequelize,cascade_delete,FALSE,"delete_customer does not remove child orders rows. With PRAGMA foreign_keys = ON, the database rejects the deletion if dependent orders exist (IntegrityError caught, 409 returned). Orders are never silently lost, so the dashboard remains correct.","[
  {
    ""name"": ""Foreign Key Constraint Error Handling Inconsistency"",
    ""detected"": true,
    ""description"": ""In the customer deletion endpoint, the code checks for ForeignKeyConstraintError using both instanceof and name comparison, which is redundant and could lead to inconsistent error handling if the error object structure changes.""
  },
  {
    ""name"": ""Potential SQL Injection Vulnerability"",
    ""detected"": true,
    ""description"": ""In the customer deletion endpoint, the initial existence check uses a raw SQL query with parameter replacement, but the actual deletion uses Sequelize's destroy method. This inconsistency might lead to SQL injection if not properly handled, although Sequelize uses parameterized queries internally.""
  },
  {
    ""name"": ""Redundant Foreign Key Pragmas"",
    ""detected"": true,
    ""description"": ""The getDb function and the start function both execute 'PRAGMA foreign_keys = ON;', leading to redundant calls. This could be optimized by setting it once during initialization.""
  },
  {
    ""name"": ""Missing Order Model Usage in Dashboard"",
    ""detected"": true,
    ""description"": ""The dashboard endpoint uses a raw SQL query instead of the Sequelize Order model, which could lead to maintenance issues if the schema changes and the model is updated but the raw query is not.""
  },
  {
    ""name"": ""Inconsistent Error Handling in Customer Deletion"",
    ""detected"": true,
    ""description"": ""The customer deletion endpoint first checks for existence using a raw query, then uses Sequelize's destroy method. If the customer is deleted between the check and the destroy call, it might lead to an inconsistent state or error.""
  }
]",FALSE,"The reviewer does not claim that deleting a customer wrongly cascades to child orders or causes silent order loss. They only mention foreign key error handling and possible inconsistency, which is a different issue.",FALSE,,FALSE,,1,,,
CD_short_N3_test,python_fastapi_rawsql,cascade_delete,FALSE,"delete_customer does not remove child orders rows. With PRAGMA foreign_keys = ON, the database rejects the deletion if dependent orders exist (IntegrityError caught, 409 returned). Orders are never silently lost, so the dashboard remains correct.","[
  {
    ""name"": ""Potential Foreign Key Constraint Ignored"",
    ""detected"": true,
    ""description"": ""In the delete_customer endpoint, the code checks for existing orders by catching an IntegrityError after attempting deletion. However, the foreign key constraint might not be enforced if PRAGMA foreign_keys is not set for every connection, and the initial SELECT check does not guarantee orders don't exist due to race conditions.""
  },
  {
    ""name"": ""Database Connection Not Closed on Exception"",
    ""detected"": true,
    ""description"": ""In the dashboard endpoint, if an exception occurs during query execution, the finally block closes the connection. However, in delete_customer, the commit might fail after the DELETE, and the connection would still be closed, but any exception during commit would not be handled, potentially leaving the connection open.""
  },
  {
    ""name"": ""Inconsistent Error Handling"",
    ""detected"": true,
    ""description"": ""The delete_customer endpoint returns a 404 if the customer doesn't exist, but the dashboard endpoint does not handle potential database errors (e.g., table not found) and might crash, returning an unhandled exception instead of a proper error response.""
  }
]",TRUE,"The expected finding should NOT be detected, but the reviewer explicitly flags a related issue in delete_customer about foreign key enforcement and deletion with existing orders. This matches the same underlying concept of child-order handling on customer deletion, so it is an incorrect detection.",FALSE,,FALSE,,1,,,
CD_short_N3_test,python_fastapi_sqlalchemy,cascade_delete,FALSE,"delete_customer does not remove child orders rows. With PRAGMA foreign_keys = ON, the database rejects the deletion if dependent orders exist (IntegrityError caught, 409 returned). Orders are never silently lost, so the dashboard remains correct.","[
  {
    ""name"": ""Potential Foreign Key Constraint Ignored"",
    ""detected"": true,
    ""description"": ""In the delete_customer endpoint, the code checks for existing orders via a foreign key constraint exception (IntegrityError) but does not explicitly check for orders before deletion. This could lead to unnecessary database operations and exception handling when a simple pre-check could avoid the exception entirely.""
  },
  {
    ""name"": ""Inconsistent ORM Usage"",
    ""detected"": true,
    ""description"": ""The code uses both raw SQLAlchemy Core (execute) and ORM patterns (query) within the same session. In delete_customer, it uses execute for the existence check but query().delete() for the actual deletion, which is inconsistent and may lead to maintainability issues.""
  },
  {
    ""name"": ""Missing Cascade Handling"",
    ""detected"": true,
    ""description"": ""The delete operation does not handle potential cascade requirements. While the schema doesn't specify ON DELETE behavior, the application should either explicitly delete related orders or ensure proper cascade settings are configured in the database or ORM to maintain referential integrity.""
  },
  {
    ""name"": ""Real Type for Monetary Values"",
    ""detected"": true,
    ""description"": ""The o_totalprice column uses REAL (floating point) which is inappropriate for monetary values due to potential precision errors. Should use Numeric or Decimal type for accurate financial calculations.""
  },
  {
    ""name"": ""Text Type for Date"",
    ""detected"": true,
    ""description"": ""The o_orderdate column uses TEXT type instead of a proper date/datetime type. This prevents date-based operations (sorting, filtering by range) at the database level and requires application-side parsing.""
  }
]",TRUE,"The expected finding says this should NOT be detected because child orders are protected by foreign key enforcement and deletion fails safely. The reviewer explicitly flags 'Missing Cascade Handling' and says related orders should be explicitly deleted or cascaded, which incorrectly identifies this as a real issue.",FALSE,,FALSE,,1,,,
CD_short_N3_test,python_flask_rawsql,cascade_delete,FALSE,"delete_customer does not remove child orders rows. With PRAGMA foreign_keys = ON, the database rejects the deletion if dependent orders exist (IntegrityError caught, 409 returned). Orders are never silently lost, so the dashboard remains correct.","[
  {
    ""name"": ""Potential Foreign Key Constraint Ignored"",
    ""detected"": true,
    ""description"": ""In the delete_customer endpoint, the code checks for existing orders but then relies on the foreign key constraint to catch any remaining cases. However, the foreign key enforcement might not be active if the PRAGMA command fails or if the connection is reused improperly. This could lead to orphaned orders if the delete proceeds without constraint checks.""
  },
  {
    ""name"": ""Inconsistent Error Handling in DELETE"",
    ""detected"": true,
    ""description"": ""The delete_customer endpoint returns a 409 Conflict error when a foreign key constraint is violated, but it does not handle other potential database errors (e.g., connection issues, other constraints). This could lead to unhandled exceptions and 500 errors for unexpected failures.""
  },
  {
    ""name"": ""Missing Transaction in DELETE Operation"",
    ""detected"": true,
    ""description"": ""The delete_customer endpoint performs a SELECT and then a DELETE without wrapping both in a transaction. This creates a race condition where orders might be added after the SELECT check but before the DELETE, potentially bypassing the intended constraint check and leading to orphaned orders.""
  }
]",TRUE,"The expected finding should NOT be detected, but the reviewer explicitly flags the same underlying concern: that deleting a customer could proceed without enforcing foreign keys and lead to orphaned orders or lost integrity. This matches the cascade/delete-child-rows concept and is therefore an incorrect detection.",FALSE,,FALSE,,1,,,
CD_short_N3_test,python_flask_sqlalchemy,cascade_delete,FALSE,"delete_customer does not remove child orders rows. With PRAGMA foreign_keys = ON, the database rejects the deletion if dependent orders exist (IntegrityError caught, 409 returned). Orders are never silently lost, so the dashboard remains correct.","[
  {
    ""name"": ""Foreign Key Constraint Not Enforced"",
    ""detected"": true,
    ""description"": ""The code attempts to enable foreign key constraints with a conditional PRAGMA statement, but the condition 'if False' ensures it never executes. This leaves foreign key constraints disabled in SQLite, allowing invalid references.""
  },
  {
    ""name"": ""Incorrect Synchronize Session Parameter"",
    ""detected"": true,
    ""description"": ""The delete operation uses synchronize_session=False which is incorrect for relationships. This can cause session state to become inconsistent with the database after deletion.""
  },
  {
    ""name"": ""Missing Cascade Handling"",
    ""detected"": true,
    ""description"": ""The delete endpoint attempts to delete a customer without handling order dependencies. While it catches IntegrityError, proper cascade behavior should be implemented at the database or ORM level.""
  },
  {
    ""name"": ""Potential Session Scope Issue"",
    ""detected"": true,
    ""description"": ""Using scoped_session with Flask's g object may lead to thread-local session conflicts in multi-threaded environments, as scoped_session is already thread-local by default.""
  }
]",TRUE,"The expected finding says this should NOT be detected because deleting a customer with dependent orders is blocked by foreign key enforcement rather than silently cascading. The reviewer explicitly flags 'Missing Cascade Handling' as an issue, claiming proper cascade behavior should be implemented, which matches the same underlying concept and is therefore an incorrect detection.",FALSE,,FALSE,,1,,,
CD_short_P1_test,go_fiber_gorm,cascade_delete,TRUE,"delete_customer removes all orders for that customer, but orders_summary aggregates all rows in orders without filtering by existing customers. After deletion, the summary incorrectly drops the deleted customer's order count and revenue.","[
  {
    ""name"": ""Incorrect error handling for customer existence check"",
    ""detected"": true,
    ""description"": ""In the DELETE /api/customers/:c_custkey endpoint, the code checks for customer existence using db.Raw().Scan() but returns a 404 error if conversion fails, which should be a 400 error. Also, the existence check should use the transaction context to prevent race conditions.""
  },
  {
    ""name"": ""Potential SQL injection vulnerability"",
    ""detected"": true,
    ""description"": ""In the DELETE endpoint, the code uses string concatenation with c_custkey parameter directly in SQL queries without proper parameterization in some cases, though GORM's Raw method does use parameterization. However, the pattern is inconsistent and could be vulnerable if not properly handled.""
  },
  {
    ""name"": ""Unnecessary transaction handling"",
    ""detected"": true,
    ""description"": ""The DELETE endpoint uses explicit transaction management with Begin, Rollback, and Commit, but GORM provides automatic transaction handling through db.Transaction() which would be safer and more concise.""
  },
  {
    ""name"": ""Dead code in orders summary endpoint"",
    ""detected"": true,
    ""description"": ""In the GET /api/orders/summary endpoint, there's an unused variable 'check' and an empty assignment that serves no purpose and should be removed.""
  },
  {
    ""name"": ""Incorrect error response for parameter conversion"",
    ""detected"": true,
    ""description"": ""The DELETE endpoint returns 404 'Customer not found' when strconv.Atoi fails to convert the c_custkey parameter, but this should be a 400 Bad Request error for invalid input format.""
  }
]",FALSE,"The reviewer does not mention the core data-layer issue that deleting a customer cascades/removes orders while the orders_summary aggregates directly from orders, causing historical summary counts/revenue to drop after customer deletion.",FALSE,,FALSE,,1,,,
CD_short_P1_test,go_fiber_rawsql,cascade_delete,TRUE,"delete_customer removes all orders for that customer, but orders_summary aggregates all rows in orders without filtering by existing customers. After deletion, the summary incorrectly drops the deleted customer's order count and revenue.","[
  {
    ""name"": ""Missing Foreign Key Constraint Handling"",
    ""detected"": true,
    ""description"": ""The DELETE endpoint does not check for or handle foreign key constraint violations when deleting customers. While the schema defines a foreign key from orders to customer, the code assumes deletion will always succeed after removing orders, but this might not be the case if other tables (not shown in schema) reference customer.""
  },
  {
    ""name"": ""Incorrect Error Status Code"",
    ""detected"": true,
    ""description"": ""The DELETE endpoint returns 404 Not Found when the customer ID parameter conversion fails (strconv.Atoi error). This should be a 400 Bad Request error since the issue is with the input format, not the existence of the resource.""
  },
  {
    ""name"": ""Unnecessary Transaction Rollback Defer"",
    ""detected"": true,
    ""description"": ""The DELETE endpoint uses defer tx.Rollback() but explicitly calls tx.Commit() on success. If Commit() succeeds, the deferred Rollback() becomes a no-op, but it's unnecessary and might cause confusion. Best practice is to handle rollback explicitly only on error.""
  },
  {
    ""name"": ""Potential SQL Injection in Summary Endpoint"",
    ""detected"": true,
    ""description"": ""The /api/orders/summary endpoint uses string concatenation for the SQL query. While there are no parameters in this specific query, this pattern is dangerous if extended later. It should use parameterized queries consistently.""
  }
]",FALSE,"The reviewer discusses foreign key constraint handling when deleting customers, but does not identify the actual issue: deleting a customer's orders causes the orders_summary aggregate over all orders to lose that customer's historical counts/revenue.",FALSE,,FALSE,,1,,,
CD_short_P1_test,go_gin_gorm,cascade_delete,TRUE,"delete_customer removes all orders for that customer, but orders_summary aggregates all rows in orders without filtering by existing customers. After deletion, the summary incorrectly drops the deleted customer's order count and revenue.","[
  {
    ""name"": ""Foreign Key Constraint Violation in Customer Deletion"",
    ""detected"": true,
    ""description"": ""In deleteCustomer(), the code manually deletes orders before deleting the customer, but this bypasses GORM's built-in foreign key constraint handling. While this works, it's redundant since SQLite can handle ON DELETE CASCADE if properly configured at the schema level.""
  },
  {
    ""name"": ""Incorrect Error Handling for Non-existent Customer"",
    ""detected"": true,
    ""description"": ""In deleteCustomer(), when strconv.Atoi fails to convert the path parameter, the code returns 'Customer not found' (404) instead of a 400 Bad Request for invalid input format.""
  },
  {
    ""name"": ""Potential SQL Injection in Raw Query"",
    ""detected"": false,
    ""description"": """"
  },
  {
    ""name"": ""Transaction Rollback Not Handled Properly"",
    ""detected"": true,
    ""description"": ""In deleteCustomer(), tx.Rollback() returns an error which is not checked. This could leave transactions open if the rollback fails.""
  },
  {
    ""name"": ""Inconsistent Error Responses"",
    ""detected"": true,
    ""description"": ""The deleteCustomer() function returns different error formats: sometimes JSON with error message (404), sometimes empty body (500). This creates an inconsistent API contract.""
  },
  {
    ""name"": ""Unnecessary Raw SQL in GORM Context"",
    ""detected"": true,
    ""description"": ""Both deleteCustomer() and ordersSummary() use raw SQL queries instead of leveraging GORM's ORM capabilities (e.g., db.Delete(), db.Model().Count(), etc.), which defeats the purpose of using an ORM.""
  },
  {
    ""name"": ""Data Type Mismatch for Total Revenue"",
    ""detected"": true,
    ""description"": ""In ordersSummary(), the query uses COALESCE(SUM(o_totalprice), 0) which returns 0 as INTEGER, but the struct expects sql.NullFloat64. This may cause type conversion issues when the sum is zero.""
  }
]",FALSE,"The reviewer mentions manual deletion of orders before deleting a customer and calls it redundant due to ON DELETE CASCADE, but does not identify the actual data-layer bug: orders_summary aggregates directly from orders, so deleting customer orders changes historical summary counts/revenue incorrectly.",FALSE,,FALSE,,1,,,
CD_short_P1_test,go_gin_rawsql,cascade_delete,TRUE,"delete_customer removes all orders for that customer, but orders_summary aggregates all rows in orders without filtering by existing customers. After deletion, the summary incorrectly drops the deleted customer's order count and revenue.","[
  {
    ""name"": ""Potential Foreign Key Constraint Violation"",
    ""detected"": true,
    ""description"": ""In deleteCustomer, the orders deletion query does not check for foreign key constraint violations. While SQLite may handle this with ON DELETE CASCADE, the code doesn't explicitly define this constraint in the schema, potentially causing errors if constraints are enforced.""
  },
  {
    ""name"": ""Inconsistent Error Handling"",
    ""detected"": true,
    ""description"": ""In deleteCustomer, the initial customer existence check returns 404 Not Found for non-existent customers, but subsequent database errors return 500 Internal Server Error without distinguishing between different error types.""
  },
  {
    ""name"": ""Missing Transaction Rollback Error Handling"",
    ""detected"": true,
    ""description"": ""In deleteCustomer, the deferred tx.Rollback() ignores potential errors that could occur during rollback operations, which might mask important failure information in error scenarios.""
  },
  {
    ""name"": ""Potential Integer Overflow"",
    ""detected"": true,
    ""description"": ""In ordersSummary, total_orders is stored as int64 but the COUNT(*) result from SQLite might exceed int64 limits for extremely large datasets, causing unexpected behavior.""
  }
]",FALSE,"The expected issue is that deleting a customer also deletes their orders, causing orders_summary to undercount because it aggregates all orders. The reviewer did not mention the summary inconsistency or the data-loss effect on aggregates; they instead discussed possible foreign key constraint violations, which is a different root cause.",FALSE,,FALSE,,1,,,
CD_short_P1_test,js_express_rawsql,cascade_delete,TRUE,"delete_customer removes all orders for that customer, but orders_summary aggregates all rows in orders without filtering by existing customers. After deletion, the summary incorrectly drops the deleted customer's order count and revenue.","[
  {
    ""name"": ""Missing Foreign Key Constraint Enforcement"",
    ""detected"": true,
    ""description"": ""The DELETE endpoint for customers does not handle potential foreign key constraint violations when deleting orders. While the schema defines a foreign key, the code doesn't account for possible constraint failures that could occur during the orders deletion.""
  },
  {
    ""name"": ""Potential Transaction Rollback Issue"",
    ""detected"": true,
    ""description"": ""The transaction in the DELETE endpoint doesn't handle rollback on failure. If the second DELETE (customer) fails after the first (orders) succeeds, the transaction won't automatically roll back, potentially leaving orphaned orders records.""
  },
  {
    ""name"": ""Incorrect HTTP Status Code"",
    ""detected"": true,
    ""description"": ""The DELETE endpoint returns 204 No Content with an empty body, but attempts to send an empty string which may not be valid. 204 responses should have no body content according to HTTP specifications.""
  },
  {
    ""name"": ""SQL Injection Vulnerability"",
    ""detected"": true,
    ""description"": ""The code uses parameterized queries correctly in most places, but the transaction function passes parameters directly which is safe with better-sqlite3. However, this is more of a note - the current implementation is actually safe due to proper parameterization.""
  }
]",FALSE,"The expected issue is that deleting a customer also deletes their orders, causing orders_summary to undercount because it aggregates all orders rows. The reviewer only discusses foreign key handling and transaction behavior during deletion, not the summary/reporting inconsistency caused by removing historical order rows.",FALSE,,FALSE,,1,,,
CD_short_P1_test,js_express_sequelize,cascade_delete,TRUE,"delete_customer removes all orders for that customer, but orders_summary aggregates all rows in orders without filtering by existing customers. After deletion, the summary incorrectly drops the deleted customer's order count and revenue.","[
  {
    ""name"": ""Missing Foreign Key Constraint Enforcement"",
    ""detected"": true,
    ""description"": ""The Order model definition does not enforce the foreign key constraint to Customer. The o_custkey field should have allowNull: false and a proper foreign key reference constraint to ensure data integrity.""
  },
  {
    ""name"": ""Potential SQL Injection Vulnerability"",
    ""detected"": true,
    ""description"": ""The /api/orders/summary endpoint uses a raw SQL query without parameterization. While currently static, any future dynamic inputs could introduce SQL injection risks if not properly handled with parameterized queries.""
  },
  {
    ""name"": ""Inconsistent Data Type Handling"",
    ""detected"": true,
    ""description"": ""The o_totalprice field uses DataTypes.REAL which may cause floating-point precision issues for monetary values. Consider using DataTypes.DECIMAL for better precision in financial calculations.""
  },
  {
    ""name"": ""Missing Error Logging"",
    ""detected"": true,
    ""description"": ""Both endpoints catch errors but don't log them, making debugging difficult. The error objects should be logged while returning generic error messages to clients.""
  }
]",FALSE,"The reviewer does not identify the specific issue that deleting a customer cascades to delete orders, causing orders_summary to lose historical order counts/revenue because it aggregates directly from orders. Their foreign key constraint comment is a different data integrity concern.",FALSE,,FALSE,,1,,,
CD_short_P1_test,js_fastify_rawsql,cascade_delete,TRUE,"delete_customer removes all orders for that customer, but orders_summary aggregates all rows in orders without filtering by existing customers. After deletion, the summary incorrectly drops the deleted customer's order count and revenue.","[
  {
    ""name"": ""Missing Foreign Key Constraint Enforcement"",
    ""detected"": true,
    ""description"": ""The code does not enable foreign key constraints in SQLite. The DELETE operation on customer records may fail to properly cascade to orders if foreign keys are not enforced, potentially leaving orphaned order records.""
  },
  {
    ""name"": ""Transaction Error Handling"",
    ""detected"": true,
    ""description"": ""The transaction function lacks error handling. If any of the DELETE statements fail, the transaction will throw an exception that is not caught, potentially crashing the server and leaving the database in an inconsistent state.""
  },
  {
    ""name"": ""Potential SQL Injection"",
    ""detected"": true,
    ""description"": ""The customer deletion endpoint directly uses user input (c_custkey from URL parameter) without validation. While Number() conversion mitigates some risk, non-numeric inputs could cause unexpected behavior or errors.""
  },
  {
    ""name"": ""Inconsistent API Response Format"",
    ""detected"": true,
    ""description"": ""The /api/orders/summary endpoint returns a row object directly which may expose internal database structure. The /api/customers endpoint returns structured error objects, suggesting a more consistent response wrapper should be used.""
  }
]",FALSE,"The expected issue is that deleting a customer removes their orders, causing orders_summary to undercount because it aggregates all orders and loses historical data. The reviewer instead discusses missing foreign key enforcement and possible orphaned orders, which is the opposite root cause and does not identify the summary-dropping problem.",FALSE,,FALSE,,1,,,
CD_short_P1_test,js_fastify_sequelize,cascade_delete,TRUE,"delete_customer removes all orders for that customer, but orders_summary aggregates all rows in orders without filtering by existing customers. After deletion, the summary incorrectly drops the deleted customer's order count and revenue.","[
  {
    ""name"": ""Potential SQL Injection in Customer Deletion"",
    ""detected"": true,
    ""description"": ""The /api/customers/:c_custkey endpoint uses parseInt() on user input without validation, which could allow non-integer values to pass through and potentially cause SQL injection if the input is used directly in raw queries elsewhere.""
  },
  {
    ""name"": ""Missing Foreign Key Constraint Handling"",
    ""detected"": true,
    ""description"": ""The customer deletion endpoint deletes orders first but doesn't handle potential foreign key constraint violations if the database doesn't have ON DELETE CASCADE configured, which could lead to orphaned records or deletion failures.""
  },
  {
    ""name"": ""Inconsistent Data Type Handling"",
    ""detected"": true,
    ""description"": ""The o_orderdate field is stored as TEXT in the database but the code doesn't validate or parse it as a date, which could lead to inconsistent date formatting and potential issues with date-based operations.""
  },
  {
    ""name"": ""Raw Query Usage Without Sanitization"",
    ""detected"": true,
    ""description"": ""The /api/orders/summary endpoint uses raw: true with Sequelize functions, which could potentially expose the application to SQL injection if user input were incorporated into the query without proper sanitization.""
  }
]",FALSE,"The reviewer mentions foreign key/cascade configuration and orphaned records, but does not identify the actual issue: deleting a customer's orders causes the orders_summary aggregate over all orders to lose that customer's historical counts/revenue because it does not filter by existing customers. This is a different root cause.",FALSE,,FALSE,,1,,,
CD_short_P1_test,python_fastapi_rawsql,cascade_delete,TRUE,"delete_customer removes all orders for that customer, but orders_summary aggregates all rows in orders without filtering by existing customers. After deletion, the summary incorrectly drops the deleted customer's order count and revenue.","[
  {
    ""name"": ""Database Connection Not Closed on Exception"",
    ""detected"": true,
    ""description"": ""In the db_session_middleware, if an exception occurs during request processing, the database connection is not closed because the finally block only closes the connection when a response exists. This could lead to connection leaks.""
  },
  {
    ""name"": ""Missing Transaction Rollback on Failure"",
    ""detected"": true,
    ""description"": ""In the delete_customer endpoint, if an exception occurs after the first DELETE statement but before commit, the transaction remains open and changes are not rolled back. This could leave the database in an inconsistent state.""
  },
  {
    ""name"": ""Potential SQL Injection in Raw Queries"",
    ""detected"": false,
    ""description"": """"
  },
  {
    ""name"": ""Inconsistent Use of Asynchronous Middleware"",
    ""detected"": false,
    ""description"": """"
  }
]",FALSE,"The expected issue is that deleting a customer cascades to orders, causing orders_summary to lose historical order counts/revenue because it aggregates directly from orders. The reviewer did not mention summary/reporting inconsistency or cascade-delete effects; they only discussed connection handling and transaction rollback.",FALSE,,FALSE,,1,,,
CD_short_P1_test,python_fastapi_sqlalchemy,cascade_delete,TRUE,"delete_customer removes all orders for that customer, but orders_summary aggregates all rows in orders without filtering by existing customers. After deletion, the summary incorrectly drops the deleted customer's order count and revenue.","[
  {
    ""name"": ""Potential Foreign Key Constraint Violation"",
    ""detected"": true,
    ""description"": ""In the delete_customer endpoint, orders are deleted before the customer without checking for foreign key constraints. While SQLAlchemy's synchronize_session=False avoids some issues, this approach may still violate database-level foreign key constraints if not properly configured, especially in SQLite which enforces foreign keys only when enabled.""
  },
  {
    ""name"": ""Missing Database Session Rollback on Exception"",
    ""detected"": true,
    ""description"": ""Both endpoints use try-finally blocks to close sessions but lack except blocks to rollback transactions on errors. This could leave transactions open or in an inconsistent state if an exception occurs during database operations.""
  },
  {
    ""name"": ""Inconsistent ORM Column Types"",
    ""detected"": true,
    ""description"": ""The Order.o_totalprice uses Float type which corresponds to REAL in SQLite, but the schema expects REAL. This is actually consistent, but the o_orderdate uses Text type instead of a date-specific type which might cause issues with date operations.""
  }
]",FALSE,"The expected issue is that deleting a customer also deletes their orders, causing orders_summary to undercount because it aggregates directly from orders. The reviewer only mentions possible foreign key constraint problems when deleting orders/customer, not the summary/data-loss inconsistency caused by cascade deletion.",FALSE,,FALSE,,1,,,
CD_short_P1_test,python_flask_rawsql,cascade_delete,TRUE,"delete_customer removes all orders for that customer, but orders_summary aggregates all rows in orders without filtering by existing customers. After deletion, the summary incorrectly drops the deleted customer's order count and revenue.","[
  {
    ""name"": ""Missing Transaction in DELETE Endpoint"",
    ""detected"": true,
    ""description"": ""The DELETE endpoint for customers performs two DELETE operations without an explicit transaction. If the second DELETE (on customer) fails after the first (on orders) succeeds, it leaves orphaned orders records. This violates referential integrity and should be wrapped in a transaction.""
  },
  {
    ""name"": ""Potential SQL Injection in DELETE Endpoint"",
    ""detected"": false,
    ""description"": """"
  },
  {
    ""name"": ""Unsafe Use of Raw SQL in Summary Endpoint"",
    ""detected"": false,
    ""description"": """"
  },
  {
    ""name"": ""Database Connection Not Returned to Pool"",
    ""detected"": false,
    ""description"": """"
  }
]",FALSE,"The expected issue is that deleting a customer and their orders causes orders_summary to lose historical order counts/revenue because it aggregates directly from orders. The reviewer instead flags a missing transaction and incorrectly mentions orphaned orders, which is a different root cause and does not describe the summary inconsistency caused by cascade deletion.",FALSE,,FALSE,,1,,,
CD_short_P1_test,python_flask_sqlalchemy,cascade_delete,TRUE,"delete_customer removes all orders for that customer, but orders_summary aggregates all rows in orders without filtering by existing customers. After deletion, the summary incorrectly drops the deleted customer's order count and revenue.","[
  {
    ""name"": ""Missing Foreign Key Constraint Handling"",
    ""detected"": true,
    ""description"": ""The delete_customer endpoint deletes orders without checking foreign key constraints. While SQLAlchemy handles this with synchronize_session=False, the code doesn't explicitly handle potential integrity errors or ensure proper cascade behavior as defined in the database schema.""
  },
  {
    ""name"": ""Inconsistent Session Management"",
    ""detected"": true,
    ""description"": ""The code uses scoped_session but doesn't properly handle session closure in all scenarios. The teardown_appcontext only removes the session but doesn't ensure proper rollback or closure on exceptions, which could lead to connection leaks.""
  },
  {
    ""name"": ""Potential Data Inconsistency in Delete Operation"",
    ""detected"": true,
    ""description"": ""The delete_customer endpoint performs two separate delete operations without transaction atomicity guarantees. If the customer deletion fails after orders are deleted, the orders data becomes orphaned without a valid customer reference.""
  },
  {
    ""name"": ""Missing Error Handling on Commit"",
    ""detected"": true,
    ""description"": ""The delete_customer endpoint calls db.commit() without any exception handling. Database commit operations can fail due to various reasons (constraint violations, connection issues), but the code doesn't handle these potential failures.""
  }
]",FALSE,"The expected issue is that deleting a customer and their orders causes orders_summary, which aggregates directly from orders, to lose historical counts/revenue. The reviewer only mentions foreign key/cascade handling, transaction atomicity, and commit/session error handling, not the summary/reporting inconsistency caused by deleting order rows.",FALSE,,FALSE,,1,,,
CD_short_P2_test,go_fiber_gorm,cascade_delete,TRUE,"delete_customer removes all orders for that customer, but orders_history reads from orders without any customer-existence filter. The route name implies complete historical records are required, yet deleted orders silently disappear.","[
  {
    ""name"": ""Potential Foreign Key Constraint Violation"",
    ""detected"": true,
    ""description"": ""In the DELETE endpoint '/api/customers/:c_custkey<int>', the code manually deletes orders before deleting the customer. This bypasses GORM's built-in foreign key constraint handling and may lead to inconsistencies if the schema has ON DELETE constraints that aren't manually handled.""
  },
  {
    ""name"": ""Inefficient Customer Existence Check"",
    ""detected"": true,
    ""description"": ""The DELETE endpoint performs an additional SELECT query to check if the customer exists before deletion. This is redundant since the DELETE operation itself can indicate if a record was found and deleted, resulting in an unnecessary database roundtrip.""
  },
  {
    ""name"": ""Missing Error Handling in Transaction Commit"",
    ""detected"": true,
    ""description"": ""In the DELETE endpoint, if tx.Commit() fails, the code returns an error but does not attempt to rollback the transaction, potentially leaving the transaction open and resources locked.""
  },
  {
    ""name"": ""Unnecessary Table Specification in ORM Queries"",
    ""detected"": true,
    ""description"": ""Both endpoints use db.Table('table_name') despite having GORM model structs with TableName() methods defined. This is redundant since GORM can automatically determine the table name from the model struct, making the code more verbose and error-prone.""
  },
  {
    ""name"": ""Unnecessary SELECT Clause in ORM Query"",
    ""detected"": true,
    ""description"": ""The GET endpoint '/api/orders/history' explicitly lists all fields in the SELECT clause, which is redundant since GORM's Find() method automatically selects all fields by default when using a model struct.""
  }
]",FALSE,"The expected issue is that deleting a customer cascades/removes orders, causing the orders history endpoint to lose historical records because it reads from orders without preserving deleted data. The reviewer only mentions possible foreign key/constraint inconsistency from manually deleting orders, not the loss of historical order data or mismatch with the history route's intent.",FALSE,,FALSE,,1,,,
CD_short_P2_test,go_fiber_rawsql,cascade_delete,TRUE,"delete_customer removes all orders for that customer, but orders_history reads from orders without any customer-existence filter. The route name implies complete historical records are required, yet deleted orders silently disappear.","[
  {
    ""name"": ""Potential Foreign Key Constraint Violation"",
    ""detected"": true,
    ""description"": ""The deleteCustomer function deletes customer orders first, then the customer. However, if the database has foreign key constraints enabled (which SQLite supports but doesn't enforce by default), this could cause issues. The code doesn't check if foreign key constraints are enabled or handle potential constraint violations.""
  },
  {
    ""name"": ""Missing Database Connection Error Handling"",
    ""detected"": true,
    ""description"": ""The main function opens a database connection but doesn't verify it was successful with a ping or similar method. This could lead to runtime errors if the connection fails but sql.Open doesn't immediately return an error.""
  },
  {
    ""name"": ""Incorrect Error Response Code"",
    ""detected"": true,
    ""description"": ""In deleteCustomer, when strconv.Atoi fails to convert the parameter, it returns 404 (Not Found) instead of 400 (Bad Request). This is misleading as the issue is with the input format, not the existence of the resource.""
  },
  {
    ""name"": ""Potential SQL Injection"",
    ""detected"": true,
    ""description"": ""The ordersHistory function uses string concatenation to build the SQL query instead of parameterized queries. While the current query doesn't have parameters, this pattern is risky if the query is later modified to include user input.""
  },
  {
    ""name"": ""Unnecessary Transaction Rollback"",
    ""detected"": true,
    ""description"": ""In deleteCustomer, the defer tx.Rollback() is called even when the transaction is successfully committed. This causes an unnecessary error on commit success since Rollback after Commit will fail, though it's typically ignored in Go.""
  }
]",FALSE,"The expected issue is that deleting a customer also deletes their orders, causing orders_history to lose historical records. The reviewer mentions possible foreign key constraint problems when deleting orders/customer, but does not identify the loss of historical data or the mismatch with orders_history semantics.",FALSE,,FALSE,,1,,,
CD_short_P2_test,go_gin_gorm,cascade_delete,TRUE,"delete_customer removes all orders for that customer, but orders_history reads from orders without any customer-existence filter. The route name implies complete historical records are required, yet deleted orders silently disappear.","[
  {
    ""name"": ""Potential Foreign Key Constraint Violation"",
    ""detected"": true,
    ""description"": ""The DELETE endpoint for customers first deletes orders by customer key and then deletes the customer. However, if the database has foreign key constraints enabled (which SQLite supports but doesn't enforce by default), this could cause constraint violations if the orders table has a foreign key constraint that references customer.c_custkey. The code should check if foreign key constraints are enabled and handle them appropriately, or use a cascading delete if supported.""
  },
  {
    ""name"": ""Inconsistent Error Handling"",
    ""detected"": true,
    ""description"": ""In the DELETE endpoint, when converting the path parameter to an integer, the code returns a 404 Not Found status if the conversion fails. This is incorrect because a conversion error indicates a malformed request (e.g., non-integer value) rather than a missing resource. It should return a 400 Bad Request status instead.""
  },
  {
    ""name"": ""Unnecessary SELECT Before DELETE"",
    ""detected"": true,
    ""description"": ""The DELETE endpoint performs a SELECT query to check if the customer exists before deleting. This is redundant because the DELETE operation itself can indicate if a row was affected. The code could eliminate the initial SELECT and rely on the result of the DELETE FROM customer statement to determine if the customer existed.""
  },
  {
    ""name"": ""Potential SQL Injection in Raw SQL"",
    ""detected"": false,
    ""description"": """"
  },
  {
    ""name"": ""Missing Transaction Rollback on Commit Error"",
    ""detected"": true,
    ""description"": ""In the DELETE endpoint, if tx.Commit() fails, the code does not call tx.Rollback(). Although the transaction might be in an invalid state after a commit error, it is good practice to attempt a rollback to ensure the transaction is properly closed. This could lead to resource leaks or locked resources.""
  }
]",FALSE,"The expected issue is that deleting a customer also deletes their orders, causing historical order data to disappear from orders_history. The reviewer only mentions possible foreign key constraint/cascade handling concerns during deletion, not the loss of historical records or mismatch with orders_history semantics.",FALSE,,FALSE,,1,,,
CD_short_P2_test,go_gin_rawsql,cascade_delete,TRUE,"delete_customer removes all orders for that customer, but orders_history reads from orders without any customer-existence filter. The route name implies complete historical records are required, yet deleted orders silently disappear.","[
  {
    ""name"": ""Missing Foreign Key Constraint Handling"",
    ""detected"": true,
    ""description"": ""In deleteCustomer, the code deletes orders first and then the customer. However, if the foreign key constraint is enforced (e.g., with ON DELETE CASCADE), the manual order deletion is redundant. If not enforced, the code correctly handles the deletion order, but the behavior depends on the database configuration.""
  },
  {
    ""name"": ""Potential Null Pointer Dereference"",
    ""detected"": true,
    ""description"": ""In ordersHistory, the code initializes the result map with nil values for all fields except o_orderkey, then conditionally updates them. This is inefficient and error-prone, as it creates unnecessary nil assignments. It should directly assign the scanned values without pre-initializing to nil.""
  },
  {
    ""name"": ""Inefficient Query Handling"",
    ""detected"": true,
    ""description"": ""In ordersHistory, the query uses ORDER BY o_orderdate without an index. Since o_orderdate is a TEXT field, ordering might be slow for large datasets. Additionally, the query lacks pagination, which could lead to performance issues with many orders.""
  }
]",FALSE,"The expected issue is that deleting a customer also deletes their orders, causing ordersHistory to lose historical records. The reviewer only discusses foreign key/cascade configuration redundancy in deleteCustomer and does not identify the loss of historical order data or mismatch with ordersHistory semantics.",FALSE,,FALSE,,1,,,
CD_short_P2_test,js_express_rawsql,cascade_delete,TRUE,"delete_customer removes all orders for that customer, but orders_history reads from orders without any customer-existence filter. The route name implies complete historical records are required, yet deleted orders silently disappear.","[
  {
    ""name"": ""Database Connection Not Closed On Error"",
    ""detected"": true,
    ""description"": ""In the /api/customers/:c_custkey endpoint, if an error occurs during transaction execution, the database connection is closed before re-throwing the error, which is correct. However, in the /api/orders/history endpoint, if an error occurs during query execution, the database connection is closed before re-throwing the error, which is also correct. Both endpoints properly close the database connection in the catch block.""
  },
  {
    ""name"": ""Potential SQL Injection"",
    ""detected"": false,
    ""description"": """"
  },
  {
    ""name"": ""Missing Foreign Key Constraint Handling"",
    ""detected"": false,
    ""description"": """"
  },
  {
    ""name"": ""Transaction Error Handling"",
    ""detected"": true,
    ""description"": ""In the /api/customers/:c_custkey endpoint, the transaction function txn() is called without any error handling. If the transaction fails (e.g., due to a constraint violation), it will throw an error, which is caught by the outer try-catch block. However, the error is re-thrown after closing the database, which may not be the desired behavior for production (e.g., it could crash the server).""
  },
  {
    ""name"": ""Database Connection Management"",
    ""detected"": true,
    ""description"": ""The get_db() function creates a new database connection for each request. While this is acceptable for SQLite in some contexts, it may lead to performance issues under high load because each request opens and closes a new connection. Consider using a connection pool or reusing connections.""
  }
]",FALSE,"The reviewer does not mention that deleting a customer cascades to delete orders, causing /api/orders/history to lose historical records. Their findings focus on connection handling, transactions, and performance, which are unrelated to the cascade-delete/history data-loss issue.",FALSE,,FALSE,,1,,,
CD_short_P2_test,js_express_sequelize,cascade_delete,TRUE,"delete_customer removes all orders for that customer, but orders_history reads from orders without any customer-existence filter. The route name implies complete historical records are required, yet deleted orders silently disappear.","[
  {
    ""name"": ""Missing Foreign Key Constraint Enforcement"",
    ""detected"": true,
    ""description"": ""The DELETE endpoint '/api/customers/:c_custkey' deletes customer orders without explicitly enforcing the foreign key constraint through Sequelize associations. While the database schema has a foreign key, the code doesn't leverage Sequelize's cascade options, potentially leading to orphaned records if the database constraint isn't enforced.""
  },
  {
    ""name"": ""Potential SQL Injection Vulnerability"",
    ""detected"": true,
    ""description"": ""The '/api/orders/history' endpoint uses raw: true in findAll() which returns plain objects without Sequelize protection. While no direct user input is used here, this pattern could encourage unsafe practices elsewhere and bypasses Sequelize's built-in security features.""
  },
  {
    ""name"": ""Inconsistent Error Handling"",
    ""detected"": true,
    ""description"": ""The start() function catches errors but only exits the process without logging or providing any error context, making debugging difficult. This contrasts with the endpoint error handlers that return 500 status codes with error messages.""
  }
]",FALSE,"The expected issue is that deleting a customer cascades and removes orders, causing the orders history endpoint to lose historical records. The reviewer instead discusses missing foreign key/cascade enforcement and possible orphaned records, which is the opposite root cause and does not identify the history-loss problem.",FALSE,,FALSE,,1,,,
CD_short_P2_test,js_fastify_rawsql,cascade_delete,TRUE,"delete_customer removes all orders for that customer, but orders_history reads from orders without any customer-existence filter. The route name implies complete historical records are required, yet deleted orders silently disappear.","[
  {
    ""name"": ""Potential SQL Injection in DELETE Endpoint"",
    ""detected"": true,
    ""description"": ""The DELETE endpoint uses direct string concatenation for the customer key parameter instead of parameterized queries, which could allow SQL injection if the input is not properly sanitized.""
  },
  {
    ""name"": ""Missing Foreign Key Constraint Handling"",
    ""detected"": true,
    ""description"": ""The DELETE endpoint deletes customer orders before the customer, but if the database has foreign key constraints enabled with ON DELETE restrictions, this could cause errors or unexpected behavior.""
  },
  {
    ""name"": ""No Error Handling in Transaction"",
    ""detected"": true,
    ""description"": ""The transaction in the DELETE endpoint lacks error handling; if any of the DELETE statements fail, the transaction might not roll back properly, leading to partial data deletion.""
  },
  {
    ""name"": ""Incorrect HTTP Status Code in DELETE Endpoint"",
    ""detected"": true,
    ""description"": ""The DELETE endpoint returns a 204 No Content status but also attempts to return a body (undefined), which is invalid for 204 responses and may cause client-side errors.""
  },
  {
    ""name"": ""Unvalidated Numeric Parameter"",
    ""detected"": true,
    ""description"": ""The DELETE endpoint converts the customer key to a number without validation, which could lead to unexpected behavior if non-numeric values are provided in the URL parameter.""
  }
]",FALSE,"The reviewer does not mention that deleting a customer also deletes their orders, causing historical order records to disappear from orders_history. Their comments about foreign keys, transactions, SQL injection, status codes, and parameter validation are different issues.",FALSE,,FALSE,,1,,,
CD_short_P2_test,js_fastify_sequelize,cascade_delete,TRUE,"delete_customer removes all orders for that customer, but orders_history reads from orders without any customer-existence filter. The route name implies complete historical records are required, yet deleted orders silently disappear.","[
  {
    ""name"": ""Missing Foreign Key Constraint Enforcement"",
    ""detected"": true,
    ""description"": ""The code defines a foreign key relationship between Order.o_custkey and Customer.c_custkey but does not enforce referential integrity constraints during deletion. The deletion endpoint first removes orders and then the customer, but there's no database-level constraint to ensure this relationship is maintained.""
  },
  {
    ""name"": ""Potential SQL Injection Vulnerability"",
    ""detected"": true,
    ""description"": ""The endpoint '/api/customers/:c_custkey' uses parseInt directly on request parameters without validation. While parseInt may sanitize numeric inputs, it's not robust against all edge cases and doesn't validate that the input is actually a number before processing.""
  },
  {
    ""name"": ""Inconsistent Data Type Handling"",
    ""detected"": true,
    ""description"": ""The schema defines o_orderdate as TEXT but the application doesn't validate or format date inputs. This could lead to inconsistent date formats stored in the database and potential issues when sorting or querying by date.""
  },
  {
    ""name"": ""Missing Error Handling in Route Handlers"",
    ""detected"": true,
    ""description"": ""The '/api/orders/history' endpoint lacks proper error handling. If the database query fails, the error will propagate up without being caught and handled, potentially exposing internal details to the client.""
  }
]",FALSE,"The reviewer mentions lack of referential integrity enforcement during deletion, but does not identify the core issue that deleting a customer also deletes their orders, causing the orders_history endpoint to lose historical records. This is a different root cause.",FALSE,,FALSE,,1,,,
CD_short_P2_test,python_fastapi_rawsql,cascade_delete,TRUE,"delete_customer removes all orders for that customer, but orders_history reads from orders without any customer-existence filter. The route name implies complete historical records are required, yet deleted orders silently disappear.","[
  {
    ""name"": ""Missing Foreign Key Constraint Enforcement"",
    ""detected"": true,
    ""description"": ""In delete_customer endpoint, the foreign key constraint enforcement is not enabled in SQLite. The code should execute 'PRAGMA foreign_keys = ON' to ensure referential integrity when deleting customer orders.""
  },
  {
    ""name"": ""Database Connection Not Returned to Pool"",
    ""detected"": true,
    ""description"": ""Both endpoints use get_db() which creates a new connection but doesn't return it to a connection pool. This can lead to resource exhaustion under load as connections aren't reused.""
  },
  {
    ""name"": ""Potential SQL Injection Vulnerability"",
    ""detected"": true,
    ""description"": ""The orders_history endpoint uses direct string concatenation for SQL queries instead of parameterized queries, making it vulnerable to SQL injection if any filtering parameters are added in the future.""
  },
  {
    ""name"": ""Missing Error Handling for Database Operations"",
    ""detected"": true,
    ""description"": ""The delete_customer endpoint lacks proper error handling for database operations. If any execute() call fails, the transaction isn't rolled back and the error isn't caught, potentially leaving the database in an inconsistent state.""
  }
]",FALSE,"The expected issue is that deleting a customer cascades to delete orders, causing orders_history to lose historical records. The reviewer mentions foreign key enforcement, but does not identify the data-loss/history problem caused by cascading deletion and orders_history reading from the live orders table.",FALSE,,FALSE,,1,,,
CD_short_P2_test,python_fastapi_sqlalchemy,cascade_delete,TRUE,"delete_customer removes all orders for that customer, but orders_history reads from orders without any customer-existence filter. The route name implies complete historical records are required, yet deleted orders silently disappear.","[
  {
    ""name"": ""Missing Foreign Key Constraint in ORM"",
    ""detected"": true,
    ""description"": ""The Order model's o_custkey column is defined without a ForeignKey constraint to the Customer table, which prevents SQLAlchemy from enforcing referential integrity at the ORM level, even though the database schema has this constraint.""
  },
  {
    ""name"": ""Potential Data Inconsistency in Delete Operation"",
    ""detected"": true,
    ""description"": ""The delete_customer endpoint performs two separate delete operations without an explicit transaction wrapper, which could lead to partial deletion if the second operation fails after the first succeeds.""
  },
  {
    ""name"": ""Float Type for Monetary Data"",
    ""detected"": true,
    ""description"": ""The Order.o_totalprice column uses Float type which is imprecise for monetary values. This could lead to rounding errors in financial calculations.""
  },
  {
    ""name"": ""Text Type for Date Storage"",
    ""detected"": true,
    ""description"": ""The Order.o_orderdate column stores dates as Text instead of using proper date/time types, which prevents date-based operations and comparisons at the database level.""
  }
]",FALSE,"The expected issue is that deleting a customer also deletes their orders, causing orders_history to lose historical records. The reviewer mentions partial deletion risk from separate delete operations, but does not identify the core problem of cascading/removing orders that should be preserved for history.",FALSE,,FALSE,,1,,,
CD_short_P2_test,python_flask_rawsql,cascade_delete,TRUE,"delete_customer removes all orders for that customer, but orders_history reads from orders without any customer-existence filter. The route name implies complete historical records are required, yet deleted orders silently disappear.","[
  {
    ""name"": ""Missing Foreign Key Constraint Enforcement"",
    ""detected"": true,
    ""description"": ""The delete_customer endpoint deletes orders without checking if the database enforces foreign key constraints. SQLite3 has foreign key constraints disabled by default, which could lead to orphaned orders if not properly enabled.""
  },
  {
    ""name"": ""Unhandled Database Rollback on Failure"",
    ""detected"": true,
    ""description"": ""The delete_customer endpoint executes two DELETE statements but does not use a transaction rollback in case of failure. If the second DELETE fails after the first succeeds, it could leave inconsistent data (orders deleted but customer remains).""
  },
  {
    ""name"": ""Potential SQL Injection in orders_history"",
    ""detected"": false,
    ""description"": """"
  },
  {
    ""name"": ""Missing Index on orders.o_orderdate"",
    ""detected"": false,
    ""description"": """"
  }
]",FALSE,"The expected issue is that deleting a customer also deletes their orders, causing orders_history to lose historical records. The reviewer mentions foreign key enforcement/orphaned orders and transaction rollback, but does not identify the core problem of cascade-style deletion removing history needed by orders_history.",FALSE,,FALSE,,1,,,
CD_short_P2_test,python_flask_sqlalchemy,cascade_delete,TRUE,"delete_customer removes all orders for that customer, but orders_history reads from orders without any customer-existence filter. The route name implies complete historical records are required, yet deleted orders silently disappear.","[
  {
    ""name"": ""Potential Foreign Key Constraint Violation"",
    ""detected"": true,
    ""description"": ""In the delete_customer endpoint, the code deletes orders before deleting the customer without proper transaction handling. While SQLite may defer foreign key checks, this pattern could cause constraint violations in databases with immediate foreign key enforcement.""
  },
  {
    ""name"": ""Missing Cascade Configuration"",
    ""detected"": true,
    ""description"": ""The ORM relationships lack cascade configuration. The delete operation manually handles order deletion instead of using SQLAlchemy's cascade options, which could lead to inconsistent behavior and missed database-level constraints.""
  },
  {
    ""name"": ""Scoped Session Thread Safety"",
    ""detected"": true,
    ""description"": ""The scoped_session is used with Flask's g object, which is thread-local. However, in production environments with multiple workers/threads, this setup might not properly handle session isolation without additional configuration.""
  }
]",FALSE,"The expected issue is that deleting a customer also deletes their orders, causing historical order records to disappear from orders_history. The reviewer mentions foreign key/transaction concerns and missing ORM cascade configuration, but does not identify the loss of historical data or the mismatch with orders_history semantics.",FALSE,,FALSE,,1,,,
CD_short_P3_test,go_fiber_gorm,cascade_delete,TRUE,"delete_customer removes all orders for that customer. monthly_trend groups orders by month to compute trends without any customer-existence filter. Deleted orders silently disappear, distorting historical monthly counts and revenue.","[
  {
    ""name"": ""Potential Foreign Key Constraint Violation"",
    ""detected"": true,
    ""description"": ""In the DELETE endpoint, orders are deleted before the customer without checking if the customer has orders. This could cause a foreign key constraint violation if the database enforces referential integrity with ON DELETE restrictions.""
  },
  {
    ""name"": ""Missing Error Handling in Transaction Rollback"",
    ""detected"": true,
    ""description"": ""The transaction rollback calls (tx.Rollback()) do not check for errors. If a rollback fails, it could leave the transaction in an unknown state.""
  },
  {
    ""name"": ""Potential SQL Injection Vulnerability"",
    ""detected"": true,
    ""description"": ""The monthly-trend endpoint uses string concatenation for the SQL query instead of parameterized queries. While currently using constants, this pattern is risky if extended to dynamic inputs.""
  },
  {
    ""name"": ""Inconsistent Use of ORM vs Raw SQL"",
    ""detected"": true,
    ""description"": ""The code mixes GORM ORM patterns with raw SQL queries inconsistently, which can lead to maintenance issues and potential mismatches between model definitions and queries.""
  }
]",FALSE,"The expected issue is that deleting a customer also deletes their orders, causing historical monthly trend data to silently disappear. The reviewer instead discusses a possible foreign key constraint violation from deleting orders/customer, which is a different root cause and does not mention distortion of analytics from cascaded order deletion.",FALSE,,FALSE,,1,,,
CD_short_P3_test,go_fiber_rawsql,cascade_delete,TRUE,"delete_customer removes all orders for that customer. monthly_trend groups orders by month to compute trends without any customer-existence filter. Deleted orders silently disappear, distorting historical monthly counts and revenue.","[
  {
    ""name"": ""Missing Foreign Key Constraint Handling"",
    ""detected"": true,
    ""description"": ""In deleteCustomer, the code deletes orders first and then the customer, but does not check for foreign key constraint violations if the database enforces them. While SQLite may not enforce by default, it's a potential issue if foreign keys are enabled.""
  },
  {
    ""name"": ""Incorrect Error Handling in HTTP Handler"",
    ""detected"": true,
    ""description"": ""In deleteCustomer, returning a raw database error (from db.QueryRow or tx.Exec) directly to the HTTP response exposes internal details and may provide a poor client experience. Should be wrapped or mapped to a generic error.""
  },
  {
    ""name"": ""Potential SQL Injection"",
    ""detected"": false,
    ""description"": """"
  },
  {
    ""name"": ""Transaction Scope Issue"",
    ""detected"": false,
    ""description"": """"
  },
  {
    ""name"": ""Null Handling Inconsistency"",
    ""detected"": true,
    ""description"": ""In monthlyTrend, revenue is handled with sql.NullFloat64 and converted to nil if invalid, but o_totalprice in the schema is REAL (non-null). This suggests the column might allow NULLs despite schema, or the code is overly cautious.""
  }
]",FALSE,"The expected issue is that deleting a customer also deletes their orders, which causes historical monthly trend/reporting data to disappear and distort aggregates. The reviewer only mentions possible foreign key constraint handling around deleting orders before the customer, not the loss of historical analytics data from cascading/manual order deletion.",FALSE,,FALSE,,1,,,
CD_short_P3_test,go_gin_gorm,cascade_delete,TRUE,"delete_customer removes all orders for that customer. monthly_trend groups orders by month to compute trends without any customer-existence filter. Deleted orders silently disappear, distorting historical monthly counts and revenue.","[
  {
    ""name"": ""Potential SQL Injection in DELETE Endpoint"",
    ""detected"": true,
    ""description"": ""In the DELETE endpoint '/api/customers/:c_custkey', the code uses string concatenation with c.Param('c_custkey') directly in Exec calls. This could allow SQL injection if the parameter is not properly sanitized, despite being passed as a parameter in some cases.""
  },
  {
    ""name"": ""Inconsistent Parameter Usage in DELETE Endpoint"",
    ""detected"": true,
    ""description"": ""In the DELETE endpoint, the initial query uses a parameterized query with Where('c_custkey = ?', c.Param('c_custkey')), but the subsequent Exec calls use string concatenation. This inconsistency could lead to SQL injection vulnerabilities.""
  },
  {
    ""name"": ""Missing Error Handling in Monthly Trend Query"",
    ""detected"": true,
    ""description"": ""In the GET endpoint '/api/orders/monthly-trend', the code does not handle the case where o_orderdate might be NULL. The strftime function will return NULL for NULL dates, which could lead to incorrect grouping or NULL values in the result set that are not properly handled.""
  }
]",FALSE,"The expected issue is that deleting a customer cascades to deleting their orders, which then silently alters historical monthly trend aggregates. The reviewer only mentions SQL injection/inconsistent parameter usage in the delete endpoint and NULL handling in monthly_trend, not the data-loss/distorted analytics problem from cascade deletion.",FALSE,,FALSE,,1,,,
CD_short_P3_test,go_gin_rawsql,cascade_delete,TRUE,"delete_customer removes all orders for that customer. monthly_trend groups orders by month to compute trends without any customer-existence filter. Deleted orders silently disappear, distorting historical monthly counts and revenue.","[
  {
    ""name"": ""Potential Foreign Key Constraint Violation"",
    ""detected"": true,
    ""description"": ""The deleteCustomer function deletes orders before deleting the customer, which is correct for maintaining referential integrity. However, SQLite does not enforce foreign key constraints by default. The code should enable foreign key support with 'PRAGMA foreign_keys = ON' when initializing the database connection to ensure constraint enforcement.""
  },
  {
    ""name"": ""Null Handling Inconsistency"",
    ""detected"": true,
    ""description"": ""In the monthlyTrend function, the month and revenue fields are set to nil when their corresponding sql.Null* types are invalid. However, the query uses strftime which should always return a valid string for month, making month.Valid always true. The revenue field could be null if all orders in a month have null o_totalprice, which is handled correctly.""
  },
  {
    ""name"": ""Unnecessary Transaction Rollback"",
    ""detected"": true,
    ""description"": ""In deleteCustomer, the deferred tx.Rollback() is called even after a successful tx.Commit(). This is unnecessary because commit already ends the transaction, and calling rollback after commit may cause an error in some database drivers, though SQLite might handle it gracefully.""
  }
]",FALSE,"The expected issue is that deleting a customer also deletes their orders, which causes monthlyTrend historical aggregates to lose past data. The reviewer mentions foreign key enforcement and deletion order, but does not identify the analytics distortion caused by cascading/removing orders used by monthlyTrend.",FALSE,,FALSE,,1,,,
CD_short_P3_test,js_express_rawsql,cascade_delete,TRUE,"delete_customer removes all orders for that customer. monthly_trend groups orders by month to compute trends without any customer-existence filter. Deleted orders silently disappear, distorting historical monthly counts and revenue.","[
  {
    ""name"": ""Potential SQL Injection in Customer Deletion"",
    ""detected"": true,
    ""description"": ""The DELETE endpoint uses parameterized queries correctly, but the transaction function directly interpolates the parameter. While better-sqlite3 uses parameter binding in prepared statements, the transaction function should also use parameterized calls to maintain consistency and prevent potential injection if the transaction pattern changes.""
  },
  {
    ""name"": ""Missing Error Handling in Transaction"",
    ""detected"": true,
    ""description"": ""The transaction in the customer deletion endpoint does not handle potential errors. If either DELETE statement fails (e.g., due to constraint violations), the transaction will throw an unhandled exception, crashing the server.""
  },
  {
    ""name"": ""Database Connection Not Closed on App Exit"",
    ""detected"": true,
    ""description"": ""The process event handlers for 'exit', 'SIGINT', and 'SIGTERM' close the database connection but do not ensure the Express app is properly shut down. This could lead to open handles preventing clean process termination.""
  },
  {
    ""name"": ""No Index on o_orderdate for Monthly Trend Query"",
    ""detected"": ""false"",
    ""description"": ""The monthly trend query uses o_orderdate in GROUP BY and ORDER BY clauses. While this could benefit from an index, the ground rules specify not to flag schema design issues, so this is not detected as an issue.""
  },
  {
    ""name"": ""Potential Resource Leak on Repeated getDb Calls"",
    ""detected"": ""false"",
    ""description"": ""The getDb function creates a new database connection if one doesn't exist, but it doesn't check if the connection is still valid. However, since better-sqlite3 handles connections internally and the app is simple, this is not flagged as an issue.""
  }
]",FALSE,"The reviewer does not mention that deleting a customer cascades to deleting orders and thereby distorts historical monthly_trend aggregates. Their findings are about SQL injection, transaction error handling, shutdown behavior, and indexing/resource concerns, which are different issues.",FALSE,,FALSE,,1,,,
CD_short_P3_test,js_express_sequelize,cascade_delete,TRUE,"delete_customer removes all orders for that customer. monthly_trend groups orders by month to compute trends without any customer-existence filter. Deleted orders silently disappear, distorting historical monthly counts and revenue.","[
  {
    ""name"": ""Missing Foreign Key Constraint Enforcement"",
    ""detected"": true,
    ""description"": ""The Customer model definition does not explicitly define the foreign key relationship from Orders to Customer. While Sequelize can infer relationships, explicit definition using `references` in the Order model would ensure proper foreign key constraint enforcement at the ORM level.""
  },
  {
    ""name"": ""Potential SQL Injection Vulnerability"",
    ""detected"": true,
    ""description"": ""The `/api/orders/monthly-trend` endpoint uses raw SQL with string concatenation for the query. While the input values are not directly user-provided, using parameterized queries or Sequelize's built-in aggregation methods would be safer and more maintainable.""
  },
  {
    ""name"": ""Inconsistent Data Type Parsing"",
    ""detected"": true,
    ""description"": ""The `c_custkey` parameter is parsed as an integer using `parseInt`, but if the database uses a different integer type or if the value is not a valid integer, this could lead to unexpected behavior. Using Sequelize's built-in type casting or validation would be more robust.""
  },
  {
    ""name"": ""Missing Error Logging"",
    ""detected"": true,
    ""description"": ""The error handlers in both endpoints return generic error messages without logging the actual error. This makes debugging difficult in production environments. Logging the error details would aid in troubleshooting.""
  },
  {
    ""name"": ""Transaction Scope Mismanagement"",
    ""detected"": true,
    ""description"": ""The transaction in the `/api/customers/:c_custkey` endpoint is correctly scoped, but if an error occurs during the transaction, it is caught and handled generically. However, the transaction is automatically rolled back by Sequelize, but the error handling does not distinguish between transaction errors and other errors.""
  }
]",FALSE,"The reviewer does not mention that deleting a customer cascades to deleting that customer's orders, nor that this would distort historical monthly trend aggregates by removing past orders from the dataset.",FALSE,,FALSE,,1,,,
CD_short_P3_test,js_fastify_rawsql,cascade_delete,TRUE,"delete_customer removes all orders for that customer. monthly_trend groups orders by month to compute trends without any customer-existence filter. Deleted orders silently disappear, distorting historical monthly counts and revenue.","[
  {
    ""name"": ""Missing Foreign Key Constraint Enforcement"",
    ""detected"": true,
    ""description"": ""In the DELETE endpoint, orders are deleted without checking if the customer deletion succeeds, potentially leaving orphaned orders if the customer deletion fails due to foreign key constraints not being enforced by the database.""
  },
  {
    ""name"": ""Inconsistent Database Connection Handling"",
    ""detected"": true,
    ""description"": ""The DELETE endpoint returns a 204 status with no content after deleting records, but the code attempts to return undefined, which may cause issues. Additionally, the database connection is closed in the finally block, but the reply is sent before closure, which is correct but should be noted for consistency.""
  },
  {
    ""name"": ""Potential SQL Injection in Raw Query"",
    ""detected"": false,
    ""description"": ""The code uses parameterized queries with placeholders, which prevents SQL injection. No issue detected.""
  }
]",FALSE,"The expected issue is that deleting a customer cascades to deleting orders, which distorts historical monthly trend analytics because monthly_trend aggregates orders without accounting for deleted customers/orders. The reviewer instead discusses possible orphaned orders or foreign key enforcement failure, which is the opposite root cause and does not mention analytics distortion from cascade deletion.",FALSE,,FALSE,,1,,,
CD_short_P3_test,js_fastify_sequelize,cascade_delete,TRUE,"delete_customer removes all orders for that customer. monthly_trend groups orders by month to compute trends without any customer-existence filter. Deleted orders silently disappear, distorting historical monthly counts and revenue.","[
  {
    ""name"": ""Potential SQL Injection in DELETE Endpoint"",
    ""detected"": true,
    ""description"": ""In the DELETE endpoint '/api/customers/:c_custkey', the initial existence check uses a raw SQL query with parameter replacement, which is safe. However, the subsequent DELETE operations also use raw queries. While parameter replacement is used, it's generally safer to use the Sequelize models for operations to avoid potential SQL injection risks and ensure consistency.""
  },
  {
    ""name"": ""Inconsistent Use of Sequelize Models"",
    ""detected"": true,
    ""description"": ""The code defines Sequelize models (Customer and Order) but does not use them for the DELETE operations in the '/api/customers/:c_custkey' endpoint. Instead, it uses raw SQL queries. This inconsistency may lead to maintenance issues and bypasses Sequelize's built-in protections.""
  },
  {
    ""name"": ""Missing Error Handling in Shutdown"",
    ""detected"": true,
    ""description"": ""The shutdown function catches errors when closing the sequelize connection but does not handle them, only exiting the process. This could mask errors during shutdown, making debugging difficult.""
  },
  {
    ""name"": ""Use of TEXT for Date Field"",
    ""detected"": false,
    ""description"": """"
  }
]",FALSE,"The expected issue is that deleting a customer also deletes their orders, which causes historical monthly trend queries to lose past order data and distort analytics. The reviewer only mentions SQL injection risk, raw SQL usage, model inconsistency, and shutdown error handling; they do not identify the cascade-delete/historical analytics data-loss problem.",FALSE,,FALSE,,1,,,
CD_short_P3_test,python_fastapi_rawsql,cascade_delete,TRUE,"delete_customer removes all orders for that customer. monthly_trend groups orders by month to compute trends without any customer-existence filter. Deleted orders silently disappear, distorting historical monthly counts and revenue.","[
  {
    ""name"": ""Database Connection Not Async"",
    ""detected"": true,
    ""description"": ""The code uses synchronous sqlite3 connections in FastAPI async endpoints, which can block the event loop and degrade performance under concurrent requests.""
  },
  {
    ""name"": ""Missing Foreign Key Constraint Handling"",
    ""detected"": true,
    ""description"": ""The delete_customer endpoint manually deletes orders before the customer, but relies on application logic rather than database-level constraints for integrity, which is error-prone if not wrapped in a transaction.""
  },
  {
    ""name"": ""Potential SQL Injection in Raw Queries"",
    ""detected"": false,
    ""description"": """"
  },
  {
    ""name"": ""Lifespan Manager Does Nothing"",
    ""detected"": false,
    ""description"": """"
  },
  {
    ""name"": ""Database Connection Not Closed on Exception"",
    ""detected"": false,
    ""description"": """"
  }
]",FALSE,"The reviewer mentions manual deletion of orders before deleting a customer and lack of DB-level constraint handling, but does not identify the actual issue: that deleting orders causes historical monthly_trend aggregates to silently lose past orders and distort counts/revenue.",FALSE,,FALSE,,1,,,
CD_short_P3_test,python_fastapi_sqlalchemy,cascade_delete,TRUE,"delete_customer removes all orders for that customer. monthly_trend groups orders by month to compute trends without any customer-existence filter. Deleted orders silently disappear, distorting historical monthly counts and revenue.","[
  {
    ""name"": ""Missing Cascade Delete Handling"",
    ""detected"": true,
    ""description"": ""In the delete_customer endpoint, orders are manually deleted before deleting the customer, but this approach is not atomic. If the customer deletion fails after orders are deleted, orphaned orders could remain. The database schema does not specify ON DELETE CASCADE, so this manual approach is necessary but should be wrapped in a transaction to ensure atomicity.""
  },
  {
    ""name"": ""Potential SQL Injection in Group By"",
    ""detected"": true,
    ""description"": ""In the monthly_trend endpoint, the group_by clause uses a raw string 'month' which is actually an alias defined in the query. While SQLAlchemy typically handles aliases safely, using a string literal in group_by might be misinterpreted. It's safer to use the alias object directly (e.g., group_by('month') should be group_by(func.strftime('%Y-%m', Order.o_orderdate)) or use the labeled column properly).""
  },
  {
    ""name"": ""Float Type for Monetary Value"",
    ""detected"": true,
    ""description"": ""The Order.o_totalprice column is defined as Float, which can lead to rounding errors for monetary values. The schema uses REAL (SQLite's float), but the code should use a more precise type like Decimal for financial data to avoid precision issues.""
  },
  {
    ""name"": ""Text Type for Date"",
    ""detected"": true,
    ""description"": ""The Order.o_orderdate column is stored as Text in the database and mapped to Text in SQLAlchemy. This can lead to issues with date formatting, comparisons, and aggregations. It should be stored as a DATE type or use SQLAlchemy's Date type for better handling.""
  }
]",FALSE,"The expected issue is that deleting a customer also deletes their orders, which causes monthly_trend historical aggregates to silently lose past data. The reviewer instead discusses lack of atomicity/transactions and possible orphaned orders due to manual deletion, not the distortion of analytics from cascading order removal.",FALSE,,FALSE,,1,,,
CD_short_P3_test,python_flask_rawsql,cascade_delete,TRUE,"delete_customer removes all orders for that customer. monthly_trend groups orders by month to compute trends without any customer-existence filter. Deleted orders silently disappear, distorting historical monthly counts and revenue.","[
  {
    ""name"": ""Missing transaction in delete_customer"",
    ""detected"": true,
    ""description"": ""The DELETE endpoint performs two separate DELETE operations without wrapping them in a transaction. If the second DELETE fails after the first succeeds, it could leave orphaned orders records in the database.""
  },
  {
    ""name"": ""Potential SQL injection in monthly_trend"",
    ""detected"": true,
    ""description"": ""The monthly_trend endpoint uses string concatenation to build the SQL query with strftime formatting. While not directly vulnerable to user input, this pattern is error-prone and could lead to SQL injection if modified incorrectly in the future.""
  }
]",FALSE,"The expected issue is that deleting a customer also deletes their orders, which causes monthly_trend historical aggregates to silently lose past data. The reviewer only mentions missing transaction handling in delete_customer and possible SQL injection in monthly_trend, not the cascade-delete distortion of analytics.",FALSE,,FALSE,,1,,,
CD_short_P3_test,python_flask_sqlalchemy,cascade_delete,TRUE,"delete_customer removes all orders for that customer. monthly_trend groups orders by month to compute trends without any customer-existence filter. Deleted orders silently disappear, distorting historical monthly counts and revenue.","[
  {
    ""name"": ""Missing Cascade Delete Handling"",
    ""detected"": true,
    ""description"": ""In the delete_customer endpoint, orders are manually deleted with a separate query before deleting the customer. This approach is error-prone and inefficient compared to using SQLAlchemy's cascade options in the relationship definition, which would automatically handle order deletion when a customer is deleted.""
  },
  {
    ""name"": ""Potential SQL Injection in Monthly Trend"",
    ""detected"": true,
    ""description"": ""The monthly_trend endpoint uses func.strftime with a raw string format directly in the query. While SQLAlchemy provides some protection, using raw string formatting in query expressions can potentially expose the application to SQL injection if the format string were to come from user input.""
  },
  {
    ""name"": ""Inconsistent Session Management"",
    ""detected"": true,
    ""description"": ""The get_db function uses Flask's g object for session management while the monthly_trend endpoint doesn't explicitly handle session closure. The teardown_appcontext handler closes the session, but explicit session management with context managers would be more reliable and consistent.""
  }
]",FALSE,"The reviewer mentions manual deletion of orders versus ORM cascade configuration, but does not identify the actual data-layer issue: deleting customer orders causes historical monthly_trend aggregates to lose past orders and distort counts/revenue.",FALSE,,FALSE,,1,,,
ER_short_N1_test,go_fiber_gorm,exposed_record,FALSE,"discontinue_product sets p_status to 'discontinued', and list_products filters with WHERE p_status = 'active'. Discontinued products are properly excluded from results.","[
  {
    ""name"": ""Hardcoded Status Value"",
    ""detected"": true,
    ""description"": ""The discontinue endpoint hardcodes 'discontinued' as a string literal in the update query, and the product listing endpoint hardcodes 'active'. This creates fragility if status values change in the future.""
  },
  {
    ""name"": ""Inconsistent Record Check"",
    ""detected"": true,
    ""description"": ""The discontinue endpoint performs an initial SELECT to check if the product exists, but then runs a separate UPDATE. This creates a race condition where the product could be deleted between the two operations.""
  },
  {
    ""name"": ""Mixed ORM Usage"",
    ""detected"": true,
    ""description"": ""The code uses both the Product struct (with GORM tags) and ad-hoc structs/raw table names inconsistently. This reduces type safety and maintainability.""
  }
]",FALSE,"The reviewer does not claim that discontinued products remain exposed in list results or that the status filter fails. Their mention of hardcoded status literals is a different maintainability concern, not the incorrect exposed-record issue.",FALSE,,FALSE,,1,,,
ER_short_N1_test,go_fiber_rawsql,exposed_record,FALSE,"discontinue_product sets p_status to 'discontinued', and list_products filters with WHERE p_status = 'active'. Discontinued products are properly excluded from results.","[
  {
    ""name"": ""Inconsistent Error Handling"",
    ""detected"": true,
    ""description"": ""The discontinue endpoint returns a 404 status when the product key parameter conversion fails, but this should be a 400 Bad Request error since the issue is with the input format rather than a missing resource.""
  },
  {
    ""name"": ""Database Connection Overhead"",
    ""detected"": true,
    ""description"": ""Each API handler opens and closes a new database connection, which creates unnecessary overhead and could lead to connection pool exhaustion under load. Connections should be reused across requests.""
  },
  {
    ""name"": ""Null Value Handling Inconsistency"",
    ""detected"": true,
    ""description"": ""The discontinue endpoint returns a JSON response with p_status set to 'discontinued', but the GET endpoint returns null for p_name and p_retailprice when they are NULL. This creates inconsistent API behavior for nullable fields.""
  },
  {
    ""name"": ""Missing Transaction"",
    ""detected"": true,
    ""description"": ""The discontinue endpoint performs a SELECT followed by an UPDATE without transaction protection, creating a race condition where the product could be deleted between the two operations.""
  }
]",FALSE,"The reviewer does not mention discontinued products being exposed by list_products or any issue with filtering on p_status. Their findings are about error handling, connection reuse, null handling, and transaction/race conditions.",FALSE,,FALSE,,1,,,
ER_short_N1_test,go_gin_gorm,exposed_record,FALSE,"discontinue_product sets p_status to 'discontinued', and list_products filters with WHERE p_status = 'active'. Discontinued products are properly excluded from results.","[
  {
    ""name"": ""Inconsistent JSON Field Name"",
    ""detected"": true,
    ""description"": ""The Product struct defines the JSON tag for PProductkey as 'p_productkey', but the endpoint returns it as 'p_productkey' in the discontinue handler and as 'p_productkey' in the list handler. This is consistent, but the discontinue endpoint returns a manually constructed JSON object that uses the same field name, which is correct. However, note that the discontinue endpoint returns a JSON object with fields 'p_productkey' and 'p_status', while the list endpoint returns an array of objects with fields 'p_productkey', 'p_name', and 'p_retailprice'. There is no inconsistency in the field names themselves, but the discontinue endpoint does not use the Product struct for serialization, which might lead to maintenance issues if the field names change. However, the field names are hardcoded to match the schema. This is not a direct issue but a potential maintenance risk.""
  },
  {
    ""name"": ""Unnecessary SELECT Before UPDATE"",
    ""detected"": true,
    ""description"": ""In the discontinue endpoint, there is an initial SELECT query to check if the product exists before performing the UPDATE. This is redundant because the UPDATE operation can return the number of rows affected. If no rows are updated, it means the product does not exist. This extra SELECT causes an unnecessary database round-trip.""
  },
  {
    ""name"": ""Hardcoded Status Value"",
    ""detected"": true,
    ""description"": ""The discontinue endpoint hardcodes the status value 'discontinued' in the UPDATE query. This is also hardcoded in the WHERE clause of the list endpoint ('active'). These magic strings should be defined as constants to avoid typos and ensure consistency.""
  },
  {
    ""name"": ""Inconsistent Use of GORM Table Method"",
    ""detected"": true,
    ""description"": ""The discontinue endpoint uses db.Table(\""product\"") for both the SELECT and UPDATE queries, while the list endpoint also uses db.Table(\""product\""). However, the Product struct is defined with a TableName method that returns \""product\"". It is more idiomatic to use the model struct (e.g., db.Model(&Product{})) instead of hardcoding the table name, which reduces duplication and errors.""
  },
  {
    ""name"": ""Potential SQL Injection Risk"",
    ""detected"": false,
    ""description"": ""The code uses parameterized queries (e.g., Where(\""p_productkey = ?\"", pProductkey)) which prevents SQL injection. No issue detected.""
  },
  {
    ""name"": ""Error Handling for strconv.Atoi"",
    ""detected"": true,
    ""description"": ""In the discontinue endpoint, if strconv.Atoi fails (e.g., due to a non-integer parameter), it returns a 404 Not Found. This is misleading because the error is due to invalid input, not a missing product. It should return a 400 Bad Request for malformed parameters.""
  }
]",FALSE,The expected finding says this issue should NOT be detected because discontinued products are filtered out by p_status = 'active'. The reviewer does not claim that discontinued records are exposed or that list_products returns discontinued products.,FALSE,,FALSE,,1,,,
ER_short_N1_test,go_gin_rawsql,exposed_record,FALSE,"discontinue_product sets p_status to 'discontinued', and list_products filters with WHERE p_status = 'active'. Discontinued products are properly excluded from results.","[
  {
    ""name"": ""Global DB Connection Variable"",
    ""detected"": true,
    ""description"": ""The 'db' variable is declared globally and initialized in main. This can lead to concurrency issues in web handlers and makes testing difficult.""
  },
  {
    ""name"": ""Inconsistent Error Handling"",
    ""detected"": true,
    ""description"": ""The discontinueProduct handler returns 404 for both invalid parameter conversion and missing product, but uses different error messages. This inconsistency can confuse API consumers.""
  },
  {
    ""name"": ""Missing Status Field in ListProducts"",
    ""detected"": true,
    ""description"": ""The listProducts handler filters by 'active' status but doesn't return the p_status field in the response. This makes it impossible for clients to verify the product status.""
  },
  {
    ""name"": ""Potential SQL Injection in DiscontinueProduct"",
    ""detected"": false,
    ""description"": """"
  },
  {
    ""name"": ""Missing Input Validation"",
    ""detected"": false,
    ""description"": """"
  }
]",FALSE,The expected finding should not be detected because discontinued products are filtered out correctly. The reviewer does not claim that discontinued/exposed records are returned; their note about omitting p_status from the response is a different issue.,FALSE,,FALSE,,1,,,
ER_short_N1_test,js_express_rawsql,exposed_record,FALSE,"discontinue_product sets p_status to 'discontinued', and list_products filters with WHERE p_status = 'active'. Discontinued products are properly excluded from results.","[
  {
    ""name"": ""Database Connection Management"",
    ""detected"": true,
    ""description"": ""The code creates and closes database connections per request using getDb() and db.close(). This can lead to performance issues and connection leaks if exceptions occur before close() is called.""
  },
  {
    ""name"": ""Error Handling"",
    ""detected"": true,
    ""description"": ""In the catch blocks, the database connection is closed but then the error is thrown again without proper handling. This may expose internal details and doesn't provide appropriate HTTP responses to clients.""
  },
  {
    ""name"": ""Parameter Parsing"",
    ""detected"": true,
    ""description"": ""The p_productkey parameter is parsed using parseInt without validation for NaN values. This could lead to unexpected behavior if non-numeric values are provided in the URL parameter.""
  }
]",FALSE,"The reviewer does not mention discontinued products being exposed or any issue with list filtering by p_status. Their findings are about connection management, error handling, and parameter parsing, so they correctly do not flag this non-issue.",FALSE,,FALSE,,1,,,
ER_short_N1_test,js_express_sequelize,exposed_record,FALSE,"discontinue_product sets p_status to 'discontinued', and list_products filters with WHERE p_status = 'active'. Discontinued products are properly excluded from results.","[
  {
    ""name"": ""Direct SQL Query Instead of ORM"",
    ""detected"": true,
    ""description"": ""The code uses raw SQL queries with sequelize.query() instead of the Sequelize ORM model methods. This bypasses the defined Product model and its validation, potentially leading to inconsistencies if the model definition changes.""
  },
  {
    ""name"": ""Inconsistent Query Type Usage"",
    ""detected"": true,
    ""description"": ""The UPDATE query uses type: QueryTypes.UPDATE, but Sequelize's query method for UPDATE should typically use type: QueryTypes.UPDATE only when expecting metadata. For data modification, it's more appropriate to use the model's update method or ensure proper return type handling.""
  },
  {
    ""name"": ""Missing Model Synchronization"",
    ""detected"": true,
    ""description"": ""The code does not call sequelize.sync() or similar method to ensure the database schema matches the model definitions. This could lead to runtime errors if the table does not exist or has mismatched columns.""
  }
]",FALSE,"The reviewer does not claim that discontinued products are exposed or that list_products fails to filter out non-active records. Their findings are about raw SQL, query type usage, and model synchronization, which do not match this issue.",FALSE,,FALSE,,1,,,
ER_short_N1_test,js_fastify_rawsql,exposed_record,FALSE,"discontinue_product sets p_status to 'discontinued', and list_products filters with WHERE p_status = 'active'. Discontinued products are properly excluded from results.","[
  {
    ""name"": ""Potential SQL Injection"",
    ""detected"": true,
    ""description"": ""In the discontinue endpoint, the product key is directly interpolated into the SQL query without parameterization, which could allow SQL injection if non-numeric values are passed in the URL parameter.""
  },
  {
    ""name"": ""Missing Transaction for Discontinue Operation"",
    ""detected"": true,
    ""description"": ""The discontinue endpoint performs a SELECT followed by an UPDATE without transaction control, creating a race condition where the product could be deleted between the two operations.""
  },
  {
    ""name"": ""Inconsistent Status Handling"",
    ""detected"": true,
    ""description"": ""The discontinue endpoint hardcodes 'discontinued' status while the products endpoint filters for 'active' status, but the schema allows any TEXT value which could lead to inconsistent behavior.""
  },
  {
    ""name"": ""Database Connection Not Closed Properly"",
    ""detected"": true,
    ""description"": ""The process exit handler attempts to close the database connection but uses an empty catch block that silently ignores any errors during closure.""
  }
]",TRUE,"The expected finding says this issue should NOT be detected because discontinued products are correctly filtered out. The reviewer incorrectly flags a matching concept with 'Inconsistent Status Handling,' explicitly noting that discontinue sets 'discontinued' while listing filters for 'active,' implying a data exposure/status-filter problem.",FALSE,,FALSE,,1,,,
ER_short_N1_test,js_fastify_sequelize,exposed_record,FALSE,"discontinue_product sets p_status to 'discontinued', and list_products filters with WHERE p_status = 'active'. Discontinued products are properly excluded from results.","[
  {
    ""name"": ""Potential SQL Injection in discontinue endpoint"",
    ""detected"": true,
    ""description"": ""In the discontinue endpoint, the p_productkey parameter is directly converted to a number and used in the query without validation, which could allow SQL injection if non-numeric values are provided.""
  },
  {
    ""name"": ""Missing transaction in discontinue operation"",
    ""detected"": true,
    ""description"": ""The discontinue endpoint performs a read (findOne) and then an update operation without using a transaction, which could lead to race conditions if multiple requests are made simultaneously.""
  },
  {
    ""name"": ""Inconsistent status filtering in products endpoint"",
    ""detected"": ""false"",
    ""description"": """"
  }
]",FALSE,"The expected finding should NOT be detected, and the reviewer did not flag discontinued products as being exposed. They explicitly marked 'Inconsistent status filtering in products endpoint' as false, which aligns with the ground truth.",FALSE,,FALSE,,1,,,
ER_short_N1_test,python_fastapi_rawsql,exposed_record,FALSE,"discontinue_product sets p_status to 'discontinued', and list_products filters with WHERE p_status = 'active'. Discontinued products are properly excluded from results.","[
  {
    ""name"": ""Database Connection Not Async"",
    ""detected"": true,
    ""description"": ""The get_db() function uses synchronous sqlite3.connect() in an async FastAPI context. This can block the event loop and degrade performance under load, as database operations are executed synchronously.""
  },
  {
    ""name"": ""Missing Transaction Rollback"",
    ""detected"": true,
    ""description"": ""In discontinue_product(), if an exception occurs after the UPDATE but before commit(), the transaction is not rolled back. This could leave the database in an inconsistent state if errors occur during the operation.""
  },
  {
    ""name"": ""Potential SQL Injection Risk"",
    ""detected"": false,
    ""description"": """"
  },
  {
    ""name"": ""Resource Leak in List Endpoint"",
    ""detected"": true,
    ""description"": ""The list_products() endpoint does not close the database connection if an exception occurs during query execution or JSON serialization. The finally block only closes the connection if no exception occurs in the try block.""
  }
]",FALSE,"The reviewer does not claim that discontinued products are exposed by list_products or that filtering on p_status is incorrect. Their findings are about async DB usage, rollback handling, SQL injection, and resource leaks, so they correctly do not detect this non-issue.",FALSE,,FALSE,,1,,,
ER_short_N1_test,python_fastapi_sqlalchemy,exposed_record,FALSE,"discontinue_product sets p_status to 'discontinued', and list_products filters with WHERE p_status = 'active'. Discontinued products are properly excluded from results.","[
  {
    ""name"": ""Database session management in discontinue_product"",
    ""detected"": true,
    ""description"": ""The discontinue_product endpoint creates a new session instead of using the dependency injection pattern established by get_db(), leading to potential session management inconsistencies and resource leaks.""
  },
  {
    ""name"": ""Redundant database query in discontinue_product"",
    ""detected"": true,
    ""description"": ""The discontinue_product endpoint performs two separate queries for the same product: first checking if it exists with a partial query, then fetching the full product object using db.get(), which is inefficient and unnecessary.""
  },
  {
    ""name"": ""Missing session rollback on discontinue_product failure"",
    ""detected"": true,
    ""description"": ""The discontinue_product endpoint lacks a rollback call in case of exceptions between the commit and the finally block, which could leave the session in an inconsistent state.""
  }
]",FALSE,"The reviewer output does not mention discontinued products being exposed by list_products or any issue with p_status filtering. It only discusses session management, redundant queries, and rollback behavior.",FALSE,,FALSE,,1,,,
ER_short_N1_test,python_flask_rawsql,exposed_record,FALSE,"discontinue_product sets p_status to 'discontinued', and list_products filters with WHERE p_status = 'active'. Discontinued products are properly excluded from results.","[
  {
    ""name"": ""Potential SQL Injection in discontinue_product"",
    ""detected"": false,
    ""description"": """"
  },
  {
    ""name"": ""Missing Transaction Handling in discontinue_product"",
    ""detected"": false,
    ""description"": """"
  },
  {
    ""name"": ""Inconsistent Status Handling"",
    ""detected"": true,
    ""description"": ""The discontinue_product endpoint hardcodes 'discontinued' status value while the list_products endpoint filters for 'active' status. This creates an implicit dependency between endpoints that could break if status values change.""
  },
  {
    ""name"": ""Missing Error Handling on Commit"",
    ""detected"": true,
    ""description"": ""The discontinue_product endpoint calls db.commit() without any error handling. If the commit fails (e.g., due to constraint violations), the function will return success but the database changes won't be persisted.""
  },
  {
    ""name"": ""Inconsistent API Response Format"",
    ""detected"": true,
    ""description"": ""The discontinue_product endpoint returns a custom response format with p_productkey and p_status, while list_products returns the full row data. This inconsistency may cause problems for API consumers.""
  }
]",FALSE,"The expected finding should not be detected because discontinued products are filtered out correctly. The reviewer did not claim that discontinued records are exposed; their 'Inconsistent Status Handling' note is about coupling between status values, not exposed records.",FALSE,,FALSE,,1,,,
ER_short_N1_test,python_flask_sqlalchemy,exposed_record,FALSE,"discontinue_product sets p_status to 'discontinued', and list_products filters with WHERE p_status = 'active'. Discontinued products are properly excluded from results.","[
  {
    ""name"": ""Potential SQL Injection in Discontinue Endpoint"",
    ""detected"": false,
    ""description"": """"
  },
  {
    ""name"": ""Missing Session Rollback on Exception"",
    ""detected"": true,
    ""description"": ""In discontinue_product endpoint, if an exception occurs after the update but before commit, there's no rollback mechanism which could leave the session in an inconsistent state.""
  },
  {
    ""name"": ""Inconsistent Status Value Handling"",
    ""detected"": true,
    ""description"": ""The discontinue endpoint hardcodes 'discontinued' status while the list endpoint filters for 'active' status - these magic values should be consistent constants.""
  },
  {
    ""name"": ""Unnecessary Query in Discontinue Endpoint"",
    ""detected"": true,
    ""description"": ""The discontinue_product endpoint performs two queries: first to check existence, then to update. This could be optimized to a single update-returning query.""
  },
  {
    ""name"": ""Missing Session Scope Management"",
    ""detected"": true,
    ""description"": ""The get_db() function creates a new session per request but doesn't handle session expiration or ensure proper isolation between requests in long-running processes.""
  }
]",FALSE,The reviewer does not claim that discontinued products are still exposed by list_products. Mentioning status-value consistency is not the same as alleging an exposed-record bug.,FALSE,,FALSE,,1,,,
ER_short_N2_test,go_fiber_gorm,exposed_record,FALSE,"update_product_price only modifies p_retailprice, which does not affect product visibility. get_product returns the product, but since the write does not change any availability-related state, there is no exposed record issue.","[
  {
    ""name"": ""Unnecessary DB Query in Update"",
    ""detected"": true,
    ""description"": ""The update endpoint performs an initial SELECT query to check if the product exists, then performs the UPDATE, and finally another SELECT to return the updated row. This could be optimized by directly updating and returning the row in a single query using GORM's Update with Returning clause or by using FirstOrCreate pattern.""
  },
  {
    ""name"": ""Inconsistent Error Handling"",
    ""detected"": true,
    ""description"": ""In the update endpoint, database errors from the UPDATE operation are returned directly without proper HTTP status conversion, while other endpoints handle GORM's ErrRecordNotFound specifically. This could lead to internal server errors being exposed to the client without appropriate status codes.""
  },
  {
    ""name"": ""Unused Struct Fields"",
    ""detected"": true,
    ""description"": ""The UpdatePricePayload struct only contains PRetailprice, but the update endpoint uses this payload without validating if it's provided. Since the struct field is not a pointer, it will default to 0.0 if not provided, potentially updating prices to zero unintentionally.""
  },
  {
    ""name"": ""Inefficient Field Selection"",
    ""detected"": true,
    ""description"": ""Both endpoints explicitly select all fields (p_productkey, p_name, p_status, p_retailprice) using Select() when querying for products. This is redundant since the Product struct already defines these fields and GORM automatically selects all columns by default when using Table().""
  }
]",FALSE,"The reviewer does not mention any issue about a write making a previously hidden/unavailable product visible or otherwise exposing a record. Their findings are about query efficiency, error handling, payload validation, and field selection, which are unrelated.",FALSE,,FALSE,,1,,,
ER_short_N2_test,go_fiber_rawsql,exposed_record,FALSE,"update_product_price only modifies p_retailprice, which does not affect product visibility. get_product returns the product, but since the write does not change any availability-related state, there is no exposed record issue.","[
  {
    ""name"": ""Incorrect Error Handling for Invalid Product Key"",
    ""detected"": true,
    ""description"": ""In the PUT endpoint, when converting the product key parameter to an integer fails, the code returns 'Product not found' (404) instead of a 400 Bad Request for invalid input format.""
  },
  {
    ""name"": ""Unsafe Type Casting for Price Update"",
    ""detected"": true,
    ""description"": ""The PUT endpoint directly uses payload['p_retailprice'] (interface{}) in the SQL UPDATE without type validation, which could lead to SQL errors or incorrect data if the input is not a valid number.""
  },
  {
    ""name"": ""Missing Null Handling in Product Retrieval"",
    ""detected"": true,
    ""description"": ""The GET endpoint uses Scan() on nullable fields (p_name, p_status, p_retailprice) without checking for sql.NullString/sql.NullFloat64, which may cause runtime errors if database NULL values are present.""
  },
  {
    ""name"": ""Inconsistent Error Handling"",
    ""detected"": true,
    ""description"": ""The PUT endpoint returns the raw database error (potentially exposing internal details) for non-404 errors, while the GET endpoint handles them uniformly. This inconsistency may leak sensitive information.""
  }
]",FALSE,"The reviewer does not mention any issue about a write making a record visible or exposing a previously unavailable product. Their findings concern error handling, type validation, null scanning, and information leakage, so they correctly do not flag this non-issue.",FALSE,,FALSE,,1,,,
ER_short_N2_test,go_gin_gorm,exposed_record,FALSE,"update_product_price only modifies p_retailprice, which does not affect product visibility. get_product returns the product, but since the write does not change any availability-related state, there is no exposed record issue.","[
  {
    ""name"": ""Unnecessary struct field selection in GET endpoint"",
    ""detected"": true,
    ""description"": ""In the GET endpoint, the code explicitly selects columns that are already mapped by the Product struct. This is redundant since GORM automatically maps all struct fields when using TableName() method and proper column tags.""
  },
  {
    ""name"": ""Missing JSON binding error handling in PUT endpoint"",
    ""detected"": true,
    ""description"": ""The PUT endpoint ignores the error returned by c.ShouldBindJSON(&payload), which could result in updating with invalid or zero values if the JSON payload is malformed.""
  },
  {
    ""name"": ""Redundant product existence check in PUT endpoint"",
    ""detected"": true,
    ""description"": ""The PUT endpoint performs an extra SELECT query to check if the product exists before updating, but the UPDATE operation itself already returns an error if the record doesn't exist, making the initial check unnecessary.""
  },
  {
    ""name"": ""Inconsistent error handling for invalid product key parameter"",
    ""detected"": true,
    ""description"": ""Both endpoints return '404 Not Found' when strconv.Atoi fails to convert the product key parameter, but this should be treated as a '400 Bad Request' since it's a client-side parameter format error.""
  }
]",FALSE,"The expected issue should not be detected, and the reviewer output does not mention any exposed-record or visibility/availability problem caused by updating product price.",FALSE,,FALSE,,1,,,
ER_short_N2_test,go_gin_rawsql,exposed_record,FALSE,"update_product_price only modifies p_retailprice, which does not affect product visibility. get_product returns the product, but since the write does not change any availability-related state, there is no exposed record issue.","[
  {
    ""name"": ""Incorrect error handling for JSON binding"",
    ""detected"": true,
    ""description"": ""In the PUT endpoint, when JSON binding fails, the code silently continues with an empty map instead of returning an error response. This could lead to null pointer exceptions when accessing payload['p_retailprice'].""
  },
  {
    ""name"": ""Missing price validation in update"",
    ""detected"": true,
    ""description"": ""The PUT endpoint directly uses payload['p_retailprice'] without checking if the key exists or if the value is a valid number, which could cause database errors or incorrect updates.""
  },
  {
    ""name"": ""Redundant product existence check"",
    ""detected"": true,
    ""description"": ""The PUT endpoint performs an initial SELECT to check if the product exists, but then performs another SELECT after the UPDATE to retrieve the updated product. The initial check is redundant since the UPDATE would affect zero rows if the product doesn't exist.""
  }
]",FALSE,"The reviewer does not mention any issue about a write making a record improperly visible or exposed. Their findings are about JSON binding, price validation, and redundant existence checks, so they correctly did not flag this non-issue.",FALSE,,FALSE,,1,,,
ER_short_N2_test,js_express_rawsql,exposed_record,FALSE,"update_product_price only modifies p_retailprice, which does not affect product visibility. get_product returns the product, but since the write does not change any availability-related state, there is no exposed record issue.","[
  {
    ""name"": ""Missing Input Validation for p_retailprice"",
    ""detected"": true,
    ""description"": ""The PUT endpoint does not validate that p_retailprice is present in the request body and is a valid number. This could lead to setting null/undefined prices or type errors.""
  },
  {
    ""name"": ""Potential SQL Injection in GET Endpoint"",
    ""detected"": true,
    ""description"": ""The GET endpoint directly uses user-provided p_productkey in SQL without validation. While better-sqlite3 uses parameterized queries, non-integer values could cause errors or unexpected behavior.""
  },
  {
    ""name"": ""No Error Handling on Database Operations"",
    ""detected"": true,
    ""description"": ""The UPDATE operation in the PUT endpoint does not handle potential database errors (e.g., constraint violations), which could crash the application.""
  },
  {
    ""name"": ""Inconsistent Use of parseInt"",
    ""detected"": true,
    ""description"": ""The PUT endpoint uses parseInt on the URL parameter but does not handle NaN cases, potentially leading to incorrect database queries.""
  }
]",FALSE,"The reviewer does not mention any issue about a write making a record improperly visible or exposed. Their findings are about input validation, SQL injection, error handling, and parseInt usage, which are unrelated.",FALSE,,FALSE,,1,,,
ER_short_N2_test,js_express_sequelize,exposed_record,FALSE,"update_product_price only modifies p_retailprice, which does not affect product visibility. get_product returns the product, but since the write does not change any availability-related state, there is no exposed record issue.","[
  {
    ""name"": ""Missing price validation"",
    ""detected"": true,
    ""description"": ""In the PUT /api/products/:p_productkey/price endpoint, the code directly uses payload['p_retailprice'] without checking if it exists or validating it's a valid number, which could lead to setting invalid price values or null.""
  },
  {
    ""name"": ""Unnecessary product existence check"",
    ""detected"": true,
    ""description"": ""The PUT endpoint first checks if the product exists with a separate query, then updates it. This can be optimized by using the update directly and checking affected rows instead, reducing database roundtrips.""
  },
  {
    ""name"": ""Inconsistent error handling"",
    ""detected"": true,
    ""description"": ""The start() function catches errors but only exits the process without logging or handling the error properly, making debugging difficult when database authentication fails.""
  }
]",FALSE,"The reviewer does not mention any issue about a write making a record improperly visible or exposed. Their findings are about price validation, query optimization, and error handling, so they correctly do not flag this non-issue.",FALSE,,FALSE,,1,,,
ER_short_N2_test,js_fastify_rawsql,exposed_record,FALSE,"update_product_price only modifies p_retailprice, which does not affect product visibility. get_product returns the product, but since the write does not change any availability-related state, there is no exposed record issue.","[
  {
    ""name"": ""SQL Injection Vulnerability"",
    ""detected"": true,
    ""description"": ""The code directly interpolates user input into SQL queries without parameterization in the UPDATE statement, creating a potential SQL injection vulnerability in the PUT endpoint.""
  },
  {
    ""name"": ""Missing Transaction Handling"",
    ""detected"": true,
    ""description"": ""The PUT endpoint performs multiple database operations (SELECT, UPDATE, SELECT) without transaction wrapping, risking data inconsistency if intermediate operations fail.""
  },
  {
    ""name"": ""Unvalidated Price Input"",
    ""detected"": true,
    ""description"": ""The PUT endpoint accepts and directly uses payload.p_retailprice without validation, allowing invalid values (negative numbers, non-numeric values) to be stored in the database.""
  },
  {
    ""name"": ""Database Connection Management"",
    ""detected"": true,
    ""description"": ""The database connection is closed only on process exit, but not properly handled during Fastify shutdown, potentially leaving connections open during graceful shutdowns.""
  }
]",FALSE,"The reviewer does not mention any issue about a write making a previously hidden/unavailable product visible or otherwise exposing a record. Their findings are about SQL injection, transactions, input validation, and connection management.",FALSE,,FALSE,,1,,,
ER_short_N2_test,js_fastify_sequelize,exposed_record,FALSE,"update_product_price only modifies p_retailprice, which does not affect product visibility. get_product returns the product, but since the write does not change any availability-related state, there is no exposed record issue.","[
  {
    ""name"": ""Unnecessary SELECT after UPDATE"",
    ""detected"": true,
    ""description"": ""In the PUT endpoint, after updating the product price, the code performs an additional SELECT query to fetch the updated row. This is redundant since the update operation already confirms success and the updated values could be returned directly if needed.""
  },
  {
    ""name"": ""Missing Input Validation for Price Update"",
    ""detected"": true,
    ""description"": ""The PUT endpoint accepts any payload without validating that p_retailprice exists and is a valid number. This could lead to setting invalid price values or null prices if the field is missing from the request body.""
  },
  {
    ""name"": ""Potential SQL Injection Risk"",
    ""detected"": true,
    ""description"": ""The code uses raw parameter parsing without explicit type casting for p_productkey in route parameters. While Sequelize generally handles injection, direct parameter usage without validation could pose risks if the input isn't properly sanitized before being passed to the query.""
  },
  {
    ""name"": ""Inconsistent Error Response Format"",
    ""detected"": true,
    ""description"": ""The GET endpoint returns { error: 'Product not found' } on 404, but the PUT endpoint returns the same error format. However, the PUT endpoint also returns the updated product on success, while GET returns the product directly. This inconsistency might confuse API consumers.""
  }
]",FALSE,"The reviewer does not mention any issue about a record becoming exposed or visible due to the price update. Their findings are about redundant SELECTs, input validation, SQL injection risk, and response format, which do not match the exposed-record concept.",FALSE,,FALSE,,1,,,
ER_short_N2_test,python_fastapi_rawsql,exposed_record,FALSE,"update_product_price only modifies p_retailprice, which does not affect product visibility. get_product returns the product, but since the write does not change any availability-related state, there is no exposed record issue.","[
  {
    ""name"": ""Missing Price Field Check"",
    ""detected"": true,
    ""description"": ""The update_product_price endpoint does not check if the 'p_retailprice' field exists in the payload before using it, which could cause a KeyError if the field is missing.""
  },
  {
    ""name"": ""Database Connection Not Returned to Pool"",
    ""detected"": true,
    ""description"": ""The get_db function creates a new connection each time, but the code does not use a connection pool or reuse connections, which could lead to performance issues under load.""
  },
  {
    ""name"": ""Unhandled Database Errors"",
    ""detected"": true,
    ""description"": ""The update_product_price endpoint does not handle potential database errors (e.g., constraint violations) during the UPDATE operation, which could cause unhandled exceptions.""
  }
]",FALSE,"The reviewer does not mention any issue about a write making a record visible or exposing a product through availability-related state changes. Their findings are about missing field checks, connection pooling, and unhandled database errors, which are unrelated.",FALSE,,FALSE,,1,,,
ER_short_N2_test,python_fastapi_sqlalchemy,exposed_record,FALSE,"update_product_price only modifies p_retailprice, which does not affect product visibility. get_product returns the product, but since the write does not change any availability-related state, there is no exposed record issue.","[
  {
    ""name"": ""Unused product_to_dict function"",
    ""detected"": true,
    ""description"": ""The product_to_dict function is defined but never used in the codebase. It appears in lines 41-47 but is not referenced by any endpoint, resulting in dead code.""
  },
  {
    ""name"": ""Inefficient request body parsing"",
    ""detected"": true,
    ""description"": ""The update_product_price endpoint manually parses JSON using complex logic with multiple fallbacks (lines 64-83) instead of using FastAPI's built-in dependency injection for JSON payloads. This approach is error-prone and less maintainable.""
  },
  {
    ""name"": ""Missing payload validation"",
    ""detected"": true,
    ""description"": ""The update_product_price endpoint directly accesses payload['p_retailprice'] without checking if the key exists or validating the value type (line 91). This could cause KeyError or type conversion issues.""
  },
  {
    ""name"": ""Redundant query after update"",
    ""detected"": true,
    ""description"": ""In update_product_price, after updating and committing (lines 86-92), the code performs an additional query to fetch the updated row (lines 94-101) instead of using the session's current state or returning the updated object directly.""
  },
  {
    ""name"": ""Inconsistent exception detail format"",
    ""detected"": true,
    ""description"": ""The HTTPException handler (lines 50-55) checks if exc.detail is a dict, but get_product endpoint returns detail as a string (line 122), while update_product_price returns detail as a dict (line 88). This inconsistency may cause formatting issues.""
  },
  {
    ""name"": ""Unnecessary primary key query"",
    ""detected"": true,
    ""description"": ""In update_product_price, an initial query checks if the product exists by selecting only p_productkey (line 86), followed by an update and another full row query. This could be optimized by combining operations.""
  }
]",FALSE,"The reviewer does not mention any issue about a write making a record improperly visible or exposed. Their findings concern dead code, parsing, validation, redundant queries, exception formatting, and query optimization.",FALSE,,FALSE,,1,,,
ER_short_N2_test,python_flask_rawsql,exposed_record,FALSE,"update_product_price only modifies p_retailprice, which does not affect product visibility. get_product returns the product, but since the write does not change any availability-related state, there is no exposed record issue.","[
  {
    ""name"": ""Missing JSON Payload Validation"",
    ""detected"": true,
    ""description"": ""The update_product_price endpoint does not validate the presence of 'p_retailprice' key in the JSON payload. This will cause a KeyError if the key is missing.""
  },
  {
    ""name"": ""Potential SQL Injection Risk"",
    ""detected"": true,
    ""description"": ""The code uses parameterized queries correctly for productkey, but the update endpoint directly uses payload['p_retailprice'] without validation. While SQLite parameterization prevents injection, this pattern could be risky if ported to other SQL dialects or if validation is bypassed.""
  },
  {
    ""name"": ""Unnecessary SELECT Before UPDATE"",
    ""detected"": true,
    ""description"": ""The update_product_price endpoint performs a SELECT to check if the product exists before the UPDATE. This is redundant since the UPDATE itself returns the number of affected rows, which could be used to determine if the product exists.""
  },
  {
    ""name"": ""Missing Transaction Rollback on Error"",
    ""detected"": true,
    ""description"": ""The update endpoint commits the transaction regardless of whether subsequent operations (like the final SELECT) succeed. If the final SELECT fails after commit, the API would return an error despite the update being successful.""
  }
]",FALSE,"The reviewer does not mention any issue about a record becoming exposed or visible due to the price update. Their findings are about payload validation, SQL injection, redundant SELECT, and transaction handling, which are unrelated.",FALSE,,FALSE,,1,,,
ER_short_N2_test,python_flask_sqlalchemy,exposed_record,FALSE,"update_product_price only modifies p_retailprice, which does not affect product visibility. get_product returns the product, but since the write does not change any availability-related state, there is no exposed record issue.","[
  {
    ""name"": ""Potential SQL Injection"",
    ""detected"": true,
    ""description"": ""In update_product_price endpoint, payload['p_retailprice'] is directly used without validation, which could allow SQL injection if malicious input is provided.""
  },
  {
    ""name"": ""Missing Transaction Rollback on Error"",
    ""detected"": true,
    ""description"": ""The update_product_price endpoint commits changes without proper error handling. If an exception occurs after update but before commit, the transaction should be rolled back to maintain data consistency.""
  },
  {
    ""name"": ""Inefficient Double Query"",
    ""detected"": true,
    ""description"": ""The update_product_price endpoint queries the product existence first, then updates, and then queries again to fetch updated data. This results in three database operations where two could suffice.""
  },
  {
    ""name"": ""Unnecessary Scoped Session Usage"",
    ""detected"": true,
    ""description"": ""Using scoped_session without proper thread-local context management in Flask might lead to session handling issues, especially in multi-threaded environments.""
  }
]",FALSE,"The reviewer does not mention any issue about a write making a record improperly visible or exposed. Their findings are about SQL injection, transaction handling, query efficiency, and session usage, so they correctly do not flag this non-issue.",FALSE,,FALSE,,1,,,
ER_short_N3_test,go_fiber_gorm,exposed_record,FALSE,"archive_product sets p_status to 'archived'. list_archived_products returns only archived products via WHERE p_status = 'archived'. The endpoint is intentionally designed to serve these records, so no product is incorrectly exposed.","[
  {
    ""name"": ""Potential SQL Injection in Archive Endpoint"",
    ""detected"": true,
    ""description"": ""The archive endpoint uses direct string concatenation for the error response message in line 49, which could enable SQL injection if the parameter value contains malicious content. This should use parameterized output or proper escaping.""
  },
  {
    ""name"": ""Inconsistent Error Handling"",
    ""detected"": true,
    ""description"": ""The archive endpoint returns different error types - fiber errors and direct database errors (line 54). This creates inconsistent API responses and could expose internal error details to clients.""
  },
  {
    ""name"": ""Missing Status Field in ArchivedProductResponse"",
    ""detected"": true,
    ""description"": ""The ArchivedProductResponse struct used in the GET /api/products/archived endpoint doesn't include the p_status field, which is inconsistent with the update operation that sets this field and might confuse API consumers.""
  }
]",FALSE,"The reviewer does not mention archived products being improperly exposed or any issue with list_archived_products returning archived records. Their findings are about SQL injection, error handling, and response fields, so they correctly do not flag this non-issue.",FALSE,,FALSE,,1,,,
ER_short_N3_test,go_fiber_rawsql,exposed_record,FALSE,"archive_product sets p_status to 'archived'. list_archived_products returns only archived products via WHERE p_status = 'archived'. The endpoint is intentionally designed to serve these records, so no product is incorrectly exposed.","[
  {
    ""name"": ""Inconsistent Error Handling"",
    ""detected"": true,
    ""description"": ""In the archive endpoint, database errors (other than sql.ErrNoRows) are returned directly, which exposes internal details. These should be handled and returned as proper HTTP 500 errors instead.""
  },
  {
    ""name"": ""Missing Status Field in Archived Products"",
    ""detected"": true,
    ""description"": ""The GET /api/products/archived endpoint returns product data but omits the p_status field in the response, even though it's used in the query filter and is relevant to the endpoint's purpose.""
  },
  {
    ""name"": ""Potential SQL Injection"",
    ""detected"": false,
    ""description"": """"
  },
  {
    ""name"": ""Transaction Scope Issue"",
    ""detected"": false,
    ""description"": """"
  }
]",FALSE,"The reviewer does not claim that archived products are improperly exposed or that the archived-products endpoint leaks records it should not return. Their findings are about error handling and a missing response field, which are different issues.",FALSE,,FALSE,,1,,,
ER_short_N3_test,go_gin_gorm,exposed_record,FALSE,"archive_product sets p_status to 'archived'. list_archived_products returns only archived products via WHERE p_status = 'archived'. The endpoint is intentionally designed to serve these records, so no product is incorrectly exposed.","[
  {
    ""name"": ""Inconsistent JSON Field Name for PStatus"",
    ""detected"": true,
    ""description"": ""The Product struct omits the 'p_status' field from JSON serialization in the GET endpoint, but the POST endpoint returns it. This inconsistency could cause confusion for API consumers.""
  },
  {
    ""name"": ""Unnecessary Separate Query in POST Endpoint"",
    ""detected"": true,
    ""description"": ""The POST endpoint performs a separate SELECT query to check if the product exists before updating, which is inefficient. The UPDATE operation could directly return the number of affected rows to determine existence.""
  },
  {
    ""name"": ""Potential Data Type Mismatch in Update"",
    ""detected"": true,
    ""description"": ""The UPDATE query sets p_status to a string 'archived', but the schema defines p_status as TEXT which is compatible. However, using a pointer type (*string) in the struct suggests nullable strings, but the update uses a non-null string value.""
  }
]",FALSE,"The reviewer does not claim that archived products are improperly exposed or that list_archived_products returns records it should not. Their findings concern JSON field consistency, query efficiency, and a type/nullability concern, which do not match the exposed-record issue.",FALSE,,FALSE,,1,,,
ER_short_N3_test,go_gin_rawsql,exposed_record,FALSE,"archive_product sets p_status to 'archived'. list_archived_products returns only archived products via WHERE p_status = 'archived'. The endpoint is intentionally designed to serve these records, so no product is incorrectly exposed.","[
  {
    ""name"": ""Missing p_status in Archived Products Query"",
    ""detected"": true,
    ""description"": ""The GET /api/products/archived endpoint queries and returns p_productkey, p_name, and p_retailprice but omits p_status. Since the endpoint specifically filters by archived status, returning the status field would provide complete product information and maintain consistency with the archive endpoint response.""
  },
  {
    ""name"": ""Inconsistent Error Handling for Invalid Product Key"",
    ""detected"": true,
    ""description"": ""The POST /api/products/:p_productkey/archive endpoint returns 'Product not found' when the path parameter conversion fails (strconv.Atoi error). This is misleading because the error is about parameter format, not product existence. It should return a 400 Bad Request for invalid input format.""
  },
  {
    ""name"": ""Potential SQL Injection Vulnerability"",
    ""detected"": true,
    ""description"": ""The code uses string concatenation to build the SQL query in the GET /api/products/archived endpoint. While the parameter is static here, this pattern is risky if extended to dynamic filters. Using parameterized queries consistently is recommended.""
  }
]",FALSE,"The reviewer does not claim that archived products are improperly exposed or that the endpoint returns records it should not. Their note about omitting p_status is about response completeness, not unauthorized exposure.",FALSE,,FALSE,,1,,,
ER_short_N3_test,js_express_rawsql,exposed_record,FALSE,"archive_product sets p_status to 'archived'. list_archived_products returns only archived products via WHERE p_status = 'archived'. The endpoint is intentionally designed to serve these records, so no product is incorrectly exposed.","[
  {
    ""name"": ""Missing Transaction for Status Update"",
    ""detected"": true,
    ""description"": ""In the archive endpoint, the SELECT and UPDATE operations should be wrapped in a transaction to ensure atomicity and prevent race conditions where the product might be deleted between the check and update.""
  },
  {
    ""name"": ""Potential SQL Injection in Archive Endpoint"",
    ""detected"": false,
    ""description"": """"
  },
  {
    ""name"": ""Missing Input Validation for p_productkey"",
    ""detected"": false,
    ""description"": """"
  },
  {
    ""name"": ""Database Connection Not Closed Properly on App Shutdown"",
    ""detected"": false,
    ""description"": """"
  },
  {
    ""name"": ""Missing Error Handling for Database Operations"",
    ""detected"": true,
    ""description"": ""The code lacks error handling for database operations in both endpoints. If prepare() or run()/get()/all() methods fail (e.g., due to database corruption or syntax errors), the application will crash or return incomplete responses.""
  }
]",FALSE,"The reviewer does not claim that archived products are improperly exposed or that list_archived_products returns records it should not. Their findings concern transactions and error handling, so they correctly do not detect this non-issue.",FALSE,,FALSE,,1,,,
ER_short_N3_test,js_express_sequelize,exposed_record,FALSE,"archive_product sets p_status to 'archived'. list_archived_products returns only archived products via WHERE p_status = 'archived'. The endpoint is intentionally designed to serve these records, so no product is incorrectly exposed.","[
  {
    ""name"": ""Missing Schema Sync"",
    ""detected"": true,
    ""description"": ""The application does not call sequelize.sync() to ensure the database schema matches the model definitions before starting the server, which could cause runtime errors if the tables don't exist.""
  },
  {
    ""name"": ""Inconsistent Archive Status Handling"",
    ""detected"": true,
    ""description"": ""The archive endpoint hardcodes 'archived' status value without checking if the product is already archived, potentially causing unnecessary database writes and inconsistent state responses.""
  },
  {
    ""name"": ""Missing Transaction in Archive Operation"",
    ""detected"": true,
    ""description"": ""The archive endpoint performs a read (findOne) followed by an update without using a transaction, creating a potential race condition where the product could be deleted between the two operations.""
  },
  {
    ""name"": ""Incomplete Error Handling"",
    ""detected"": true,
    ""description"": ""The server startup error handler only exits the process without logging the error, making debugging difficult when database authentication fails.""
  }
]",FALSE,"The reviewer does not claim that archived products are improperly exposed or that list_archived_products returns records it should not. Their archive-status comments concern state handling and transactions, not unauthorized record exposure.",FALSE,,FALSE,,1,,,
ER_short_N3_test,js_fastify_rawsql,exposed_record,FALSE,"archive_product sets p_status to 'archived'. list_archived_products returns only archived products via WHERE p_status = 'archived'. The endpoint is intentionally designed to serve these records, so no product is incorrectly exposed.","[
  {
    ""name"": ""Missing Transaction for Archive Operation"",
    ""detected"": true,
    ""description"": ""In the /api/products/:p_productkey/archive endpoint, the code checks if a product exists and then updates its status. This creates a race condition where the product could be deleted between the SELECT and UPDATE operations, potentially causing an update on a non-existent row.""
  },
  {
    ""name"": ""Potential SQL Injection in GET Endpoint"",
    ""detected"": true,
    ""description"": ""The /api/products/archived endpoint uses string concatenation to build a SQL query with a hardcoded status value. While currently safe, this pattern is vulnerable if future modifications add user input to the query without proper parameterization.""
  },
  {
    ""name"": ""Database Connection Not Closed on App Shutdown"",
    ""detected"": true,
    ""description"": ""The shutdown function attempts to close the database connection but doesn't wait for the Fastify server to close first. This could lead to database connections being abruptly terminated while requests are still being processed.""
  }
]",FALSE,"The reviewer does not claim that archived products are improperly exposed. Their findings discuss transactions, SQL injection pattern concerns, and shutdown/connection handling, which are unrelated to exposing records via the archived-products endpoint.",FALSE,,FALSE,,1,,,
ER_short_N3_test,js_fastify_sequelize,exposed_record,FALSE,"archive_product sets p_status to 'archived'. list_archived_products returns only archived products via WHERE p_status = 'archived'. The endpoint is intentionally designed to serve these records, so no product is incorrectly exposed.","[
  {
    ""name"": ""Missing Sequelize Sync"",
    ""detected"": true,
    ""description"": ""The code does not call sequelize.sync() to ensure database tables are created before starting the server, which may cause queries to fail if tables don't exist.""
  },
  {
    ""name"": ""Duplicate Signal Handlers"",
    ""detected"": true,
    ""description"": ""Identical SIGINT and SIGTERM handlers are registered separately, which is redundant and could be consolidated into a single handler function.""
  },
  {
    ""name"": ""Inconsistent Error Handling"",
    ""detected"": true,
    ""description"": ""The start() function catches errors but doesn't attempt to close the database connection before exiting, unlike the signal handlers which properly clean up.""
  }
]",FALSE,"The reviewer does not mention archived products being improperly exposed or any issue about list_archived_products returning archived records. Their findings are unrelated, so they correctly did not flag this non-issue.",FALSE,,FALSE,,1,,,
ER_short_N3_test,python_fastapi_rawsql,exposed_record,FALSE,"archive_product sets p_status to 'archived'. list_archived_products returns only archived products via WHERE p_status = 'archived'. The endpoint is intentionally designed to serve these records, so no product is incorrectly exposed.","[
  {
    ""name"": ""Database Connection Not Managed with Context Manager"",
    ""detected"": true,
    ""description"": ""The code uses try-finally to close the database connection, but it does not use a context manager (with statement) which would automatically handle rollback on exceptions. This could leave the database in an inconsistent state if an error occurs after the UPDATE but before commit.""
  },
  {
    ""name"": ""Potential SQL Injection in Raw Query"",
    ""detected"": false,
    ""description"": ""The code uses parameterized queries correctly, which prevents SQL injection. No issue is present.""
  },
  {
    ""name"": ""Missing Rollback on Exception"",
    ""detected"": true,
    ""description"": ""The archive_product endpoint lacks a rollback in the except block. If an exception occurs after the UPDATE but before commit, the transaction remains open and changes might not be rolled back, leading to potential data inconsistency.""
  },
  {
    ""name"": ""Hardcoded Status Value"",
    ""detected"": false,
    ""description"": ""The code uses a hardcoded string 'archived' which is consistent with the schema's p_status field. Since the schema does not specify constraints, this is acceptable.""
  }
]",FALSE,"The reviewer does not claim that archived products are improperly exposed or that list_archived_products returns records it should not. Their findings are about transaction handling and rollback, so they correctly do not detect this non-issue.",FALSE,,FALSE,,1,,,
ER_short_N3_test,python_fastapi_sqlalchemy,exposed_record,FALSE,"archive_product sets p_status to 'archived'. list_archived_products returns only archived products via WHERE p_status = 'archived'. The endpoint is intentionally designed to serve these records, so no product is incorrectly exposed.","[
  {
    ""name"": ""Potential SQL Injection in Filter"",
    ""detected"": false,
    ""description"": """"
  },
  {
    ""name"": ""Missing Transaction Rollback on Exception"",
    ""detected"": true,
    ""description"": ""In archive_product endpoint, if an exception occurs after the update but before commit, the transaction is not rolled back, potentially leaving the database in an inconsistent state.""
  },
  {
    ""name"": ""Inconsistent Session Management"",
    ""detected"": true,
    ""description"": ""Both endpoints use explicit session management with try/finally blocks, but FastAPI dependency injection with get_db pattern would be more consistent and reliable for session handling.""
  },
  {
    ""name"": ""Unnecessary Query in Archive Operation"",
    ""detected"": true,
    ""description"": ""The archive_product endpoint performs an initial existence check query before the update, which is redundant as the update operation itself can determine if a row was affected.""
  },
  {
    ""name"": ""Float Type for Monetary Values"",
    ""detected"": false,
    ""description"": """"
  },
  {
    ""name"": ""Missing Index on Filtered Column"",
    ""detected"": false,
    ""description"": """"
  }
]",FALSE,The reviewer does not claim that archived products are improperly exposed or that list_archived_products returns records it should not. They correctly do not flag this non-issue.,FALSE,,FALSE,,1,,,
ER_short_N3_test,python_flask_rawsql,exposed_record,FALSE,"archive_product sets p_status to 'archived'. list_archived_products returns only archived products via WHERE p_status = 'archived'. The endpoint is intentionally designed to serve these records, so no product is incorrectly exposed.","
[
  {
    ""name"": ""Missing transaction handling in archive endpoint"",
    ""detected"": true,
    ""description"": ""The archive_product endpoint executes an UPDATE query without proper transaction error handling. If the commit fails, there's no rollback mechanism and the function would return a 200 status despite the operation failing.""
  },
  {
    ""name"": ""Potential SQL injection vulnerability"",
    ""detected"": false,
    ""description"": """"
  },
  {
    ""name"": ""Inconsistent status code usage"",
    ""detected"": false,
    ""description"": """"
  },
  {
    ""name"": ""Missing error handling for database operations"",
    ""detected"": true,
    ""description"": ""Both endpoints execute database queries without try-catch blocks or error handling. Any database errors (e.g., connection issues, constraint violations) would result in unhandled exceptions and HTTP 500 errors instead of proper error responses.""
  }
]",FALSE,"The reviewer does not claim that archived products are improperly exposed or that list_archived_products returns records it should not. Their findings are about transaction/error handling, not unauthorized record exposure.",FALSE,,FALSE,,1,,,
ER_short_N3_test,python_flask_sqlalchemy,exposed_record,FALSE,"archive_product sets p_status to 'archived'. list_archived_products returns only archived products via WHERE p_status = 'archived'. The endpoint is intentionally designed to serve these records, so no product is incorrectly exposed.","[
  {
    ""name"": ""Potential Session Leak in archive_product"",
    ""detected"": true,
    ""description"": ""In archive_product endpoint, the session is not closed if an exception occurs before commit. This could lead to session leaks. The session should be properly closed or managed with a context manager.""
  },
  {
    ""name"": ""Potential Session Leak in list_archived_products"",
    ""detected"": true,
    ""description"": ""In list_archived_products endpoint, the session is not closed after query execution. This could lead to session leaks. The session should be properly closed or managed with a context manager.""
  },
  {
    ""name"": ""Missing Transaction Rollback on Error"",
    ""detected"": true,
    ""description"": ""In archive_product endpoint, if the update operation fails after the initial query, there's no rollback mechanism. The session should include error handling with rollback to maintain transaction integrity.""
  }
]",FALSE,"The reviewer does not mention any issue about archived products being improperly exposed or returned by list_archived_products. Their findings are only about session leaks and missing rollback, so they correctly do not flag this non-issue.",FALSE,,FALSE,,1,,,
ER_short_P1_test,go_fiber_gorm,exposed_record,TRUE,"discontinue_product sets p_status to 'discontinued', but get_product returns the product without checking p_status. A discontinued product is still served to clients as if it were available.","[
  {
    ""name"": ""Unnecessary Query in Discontinue Endpoint"",
    ""detected"": true,
    ""description"": ""The discontinue endpoint performs an initial SELECT query to check if the product exists before updating, which is redundant. The UPDATE operation can directly return whether a row was affected, eliminating the need for the initial existence check.""
  },
  {
    ""name"": ""Potential SQL Injection Risk"",
    ""detected"": false,
    ""description"": """"
  },
  {
    ""name"": ""Inconsistent Error Handling"",
    ""detected"": true,
    ""description"": ""The discontinue endpoint returns the database error directly if the initial SELECT fails (except for not found), which may expose internal error details. It should handle errors more consistently by returning a generic error message to the client.""
  },
  {
    ""name"": ""Unnecessary Table Specification in GORM"",
    ""detected"": true,
    ""description"": ""The discontinue endpoint uses db.Table(\""product\"") explicitly, but the Product struct already defines the table name. Using Model(&Product{}) would be more consistent and reduce hardcoding.""
  },
  {
    ""name"": ""Missing Transaction for Read-Modify-Write"",
    ""detected"": false,
    ""description"": """"
  }
]",FALSE,"The reviewer does not mention that discontinued products are still returned by get_product due to missing p_status filtering. Their findings focus on redundant queries, error handling, GORM usage, and transactions, which are different issues.",FALSE,,FALSE,,1,,,
ER_short_P1_test,go_fiber_rawsql,exposed_record,TRUE,"discontinue_product sets p_status to 'discontinued', but get_product returns the product without checking p_status. A discontinued product is still served to clients as if it were available.","[
  {
    ""name"": ""Database Connection Per Request"",
    ""detected"": true,
    ""description"": ""The code opens and closes a new database connection for each HTTP request in both endpoints. This creates unnecessary overhead and can lead to connection pool exhaustion under load.""
  },
  {
    ""name"": ""Inconsistent Error Handling"",
    ""detected"": true,
    ""description"": ""The discontinue endpoint returns 404 for invalid product key format while the GET endpoint also returns 404. Invalid parameter format should return 400 Bad Request instead of 404 Not Found.""
  },
  {
    ""name"": ""Missing Status Validation"",
    ""detected"": true,
    ""description"": ""The discontinue endpoint doesn't check if the product is already discontinued before updating, potentially causing unnecessary database writes and inconsistent audit trails.""
  },
  {
    ""name"": ""Null Handling Inconsistency"",
    ""detected"": true,
    ""description"": ""The GET endpoint converts NULL values to nil in JSON, but the discontinue endpoint doesn't handle NULL values in the initial SELECT query, which could cause issues if p_status is NULL.""
  }
]",FALSE,"The reviewer does not mention that get_product returns discontinued products without checking p_status. Their 'Missing Status Validation' finding is about discontinue_product not checking if a product is already discontinued, which is a different root cause.",FALSE,,FALSE,,1,,,
ER_short_P1_test,go_gin_gorm,exposed_record,TRUE,"discontinue_product sets p_status to 'discontinued', but get_product returns the product without checking p_status. A discontinued product is still served to clients as if it were available.","[
  {
    ""name"": ""Inconsistent Table Name Usage"",
    ""detected"": true,
    ""description"": ""The Product struct defines 'product' as its table name, but the POST endpoint explicitly uses db.Table('product') instead of relying on the struct's table name definition, creating inconsistency.""
  },
  {
    ""name"": ""Unnecessary SELECT in POST Endpoint"",
    ""detected"": true,
    ""description"": ""The POST endpoint performs an initial SELECT query to check if the product exists, but this is redundant since the subsequent UPDATE operation already returns the number of affected rows, which can be used to check existence.""
  },
  {
    ""name"": ""Inconsistent Error Handling"",
    ""detected"": true,
    ""description"": ""The POST endpoint returns 'Product not found' for both invalid integer conversion and actual database record not found, which conflates two different error conditions with the same response.""
  },
  {
    ""name"": ""Missing Status Check in GET Endpoint"",
    ""detected"": true,
    ""description"": ""The GET endpoint returns any product regardless of status, but the comment states it should return 'purchasable product', suggesting it should filter by status but doesn't implement this filter.""
  }
]",TRUE,"The reviewer explicitly identifies that the GET endpoint returns products regardless of status and should filter by status, which matches the core issue that discontinued products are still exposed because p_status is not checked.",TRUE,,TRUE,,1,,,
ER_short_P1_test,go_gin_rawsql,exposed_record,TRUE,"discontinue_product sets p_status to 'discontinued', but get_product returns the product without checking p_status. A discontinued product is still served to clients as if it were available.","[
  {
    ""name"": ""Inconsistent DB Variable Shadowing"",
    ""detected"": true,
    ""description"": ""In discontinueProduct, the line 'db := getDB()' shadows the global 'db' variable with a local one. This creates confusion and is unnecessary since the global variable is already accessible.""
  },
  {
    ""name"": ""Missing Status Check in discontinueProduct"",
    ""detected"": true,
    ""description"": ""The discontinueProduct function updates the product status without first checking if the product is already discontinued. This could lead to unnecessary database writes and incorrect audit trails.""
  },
  {
    ""name"": ""Inconsistent Error Handling for Invalid Input"",
    ""detected"": true,
    ""description"": ""In both discontinueProduct and getProduct, a failed strconv.Atoi conversion returns a 404 'Product not found' error. This is misleading; it should be a 400 Bad Request for malformed input.""
  },
  {
    ""name"": ""Potential SQL Injection Risk"",
    ""detected"": false,
    ""description"": """"
  },
  {
    ""name"": ""Missing Input Validation"",
    ""detected"": false,
    ""description"": """"
  },
  {
    ""name"": ""Transaction Handling"",
    ""detected"": false,
    ""description"": """"
  }
]",FALSE,"The expected issue is that get_product returns discontinued products because it does not check p_status. The reviewer did not mention getProduct exposing discontinued records; their status-related finding was only about discontinueProduct not checking if a product was already discontinued, which is a different root cause.",FALSE,,FALSE,,1,,,
ER_short_P1_test,js_express_rawsql,exposed_record,TRUE,"discontinue_product sets p_status to 'discontinued', but get_product returns the product without checking p_status. A discontinued product is still served to clients as if it were available.","[
  {
    ""name"": ""Database Connection Not Closed on App Exit"",
    ""detected"": true,
    ""description"": ""The close_db function is called on SIGINT/SIGTERM signals, but the application does not close the database connection when the Express server stops normally (e.g., process.exit elsewhere). This could lead to resource leaks.""
  },
  {
    ""name"": ""Missing Transaction in Discontinue Endpoint"",
    ""detected"": true,
    ""description"": ""The discontinue endpoint performs a SELECT followed by an UPDATE without a transaction. This could lead to race conditions where the product might be deleted between the SELECT and UPDATE operations, causing inconsistent state.""
  },
  {
    ""name"": ""GET Endpoint Returns Discontinued Products"",
    ""detected"": true,
    ""description"": ""The GET endpoint returns products regardless of their status, including discontinued ones. The comment suggests it should only return 'purchasable' products, but the query does not filter by status.""
  }
]",TRUE,"The reviewer explicitly states that the GET endpoint returns products regardless of status, including discontinued ones, which matches the expected issue that discontinued products are still served because get_product does not check p_status.",TRUE,,TRUE,,1,,,
ER_short_P1_test,js_express_sequelize,exposed_record,TRUE,"discontinue_product sets p_status to 'discontinued', but get_product returns the product without checking p_status. A discontinued product is still served to clients as if it were available.","[
  {
    ""name"": ""Missing Sequelize Sync"",
    ""detected"": true,
    ""description"": ""The code does not call sequelize.sync() to create the table structure before starting the server, which may cause queries to fail if the table doesn't exist.""
  },
  {
    ""name"": ""Inconsistent Discontinued Status Check"",
    ""detected"": true,
    ""description"": ""The discontinue endpoint updates product status to 'discontinued' but the GET endpoint returns products without checking if they are discontinued, potentially exposing discontinued products as purchasable.""
  },
  {
    ""name"": ""Missing Transaction Handling"",
    ""detected"": true,
    ""description"": ""The discontinue endpoint performs a read and then an update without transaction isolation, which could lead to race conditions if multiple requests try to discontinue the same product simultaneously.""
  }
]",TRUE,"The reviewer explicitly states that the discontinue endpoint sets status to 'discontinued' while the GET endpoint returns products without checking that status, exposing discontinued products. This matches the expected root cause.",TRUE,,TRUE,,1,,,
ER_short_P1_test,js_fastify_rawsql,exposed_record,TRUE,"discontinue_product sets p_status to 'discontinued', but get_product returns the product without checking p_status. A discontinued product is still served to clients as if it were available.","[
  {
    ""name"": ""Database Connection Not Closed"",
    ""detected"": true,
    ""description"": ""The database connection is never closed, which could lead to resource leaks when the application shuts down. This occurs because the Database instance created at startup is never explicitly closed.""
  },
  {
    ""name"": ""SQL Injection Vulnerability"",
    ""detected"": true,
    ""description"": ""The code uses string concatenation for SQL queries with user-provided parameters (p_productkey), which creates a SQL injection vulnerability. This appears in both the GET and POST endpoints when constructing the WHERE clause.""
  },
  {
    ""name"": ""Missing Transaction Handling"",
    ""detected"": true,
    ""description"": ""The POST endpoint performs a read operation followed by an update operation without transaction protection, creating a race condition where the product could be deleted between the SELECT and UPDATE operations.""
  },
  {
    ""name"": ""Inconsistent Error Response Format"",
    ""detected"": true,
    ""description"": ""The GET endpoint returns a 404 error with an error object { error: 'Product not found' } while the POST endpoint returns the same status code but with a different format, creating inconsistency in API response patterns.""
  }
]",FALSE,"The reviewer does not mention that discontinued products are still returned by get_product due to missing p_status filtering. Their findings are about connection cleanup, SQL injection, transaction handling, and error format, which are different issues.",FALSE,,FALSE,,1,,,
ER_short_P1_test,js_fastify_sequelize,exposed_record,TRUE,"discontinue_product sets p_status to 'discontinued', but get_product returns the product without checking p_status. A discontinued product is still served to clients as if it were available.","[
  {
    ""name"": ""Inconsistent Status Update Response"",
    ""detected"": true,
    ""description"": ""The discontinue endpoint returns a custom response object with only p_productkey and p_status, while the get endpoint returns the full product row. This creates an inconsistency in API response format between endpoints.""
  },
  {
    ""name"": ""Missing Transaction Handling"",
    ""detected"": true,
    ""description"": ""The discontinue endpoint performs a read-then-update operation without transaction isolation, which could lead to race conditions if multiple requests try to discontinue the same product simultaneously.""
  },
  {
    ""name"": ""Potential SQL Injection Vulnerability"",
    ""detected"": true,
    ""description"": ""The code uses raw parameter parsing directly in route handlers without proper validation, which could allow SQL injection if the parameter parsing fails or if non-integer values are provided.""
  }
]",FALSE,The reviewer does not mention that discontinued products are still returned by get_product due to missing p_status filtering. Their noted API response inconsistency is a different issue.,FALSE,,FALSE,,1,,,
ER_short_P1_test,python_fastapi_rawsql,exposed_record,TRUE,"discontinue_product sets p_status to 'discontinued', but get_product returns the product without checking p_status. A discontinued product is still served to clients as if it were available.","[
  {
    ""name"": ""Missing Transaction Rollback on Exception"",
    ""detected"": true,
    ""description"": ""In discontinue_product endpoint, if an exception occurs after the UPDATE but before commit(), the transaction remains open and uncommitted changes persist in the connection. The middleware closes the connection but doesn't rollback, potentially leaving transactions open.""
  },
  {
    ""name"": ""Inconsistent Connection Handling in Middleware"",
    ""detected"": true,
    ""description"": ""The db_session_middleware closes the connection in finally block but doesn't handle rollback for failed transactions. This could lead to resource leaks or inconsistent state if exceptions occur during request processing.""
  },
  {
    ""name"": ""Potential SQL Injection in discontinue_product"",
    ""detected"": true,
    ""description"": ""The discontinue_product endpoint uses string concatenation for status value 'discontinued' instead of parameterization. While not immediately vulnerable, this pattern is error-prone and could lead to SQL injection if modified incorrectly.""
  },
  {
    ""name"": ""Missing Transaction Management in discontinue_product"",
    ""detected"": true,
    ""description"": ""The discontinue_product endpoint performs a SELECT and UPDATE as separate operations without explicit transaction control. This could lead to race conditions where the product status changes between the two operations.""
  }
]",FALSE,"The expected issue is that get_product returns discontinued products because it does not check p_status. The reviewer output does not mention get_product, missing status filtering, or exposure of discontinued records.",FALSE,,FALSE,,1,,,
ER_short_P1_test,python_fastapi_sqlalchemy,exposed_record,TRUE,"discontinue_product sets p_status to 'discontinued', but get_product returns the product without checking p_status. A discontinued product is still served to clients as if it were available.","[
  {
    ""name"": ""Potential SQL Injection in discontinue_product"",
    ""detected"": true,
    ""description"": ""The discontinue_product endpoint uses direct string interpolation for the p_status value 'discontinued' in the update query, which could be vulnerable if the value were user-controlled. While currently hardcoded, this pattern is risky if extended to accept dynamic status values.""
  },
  {
    ""name"": ""Missing Transaction Rollback on Error"",
    ""detected"": true,
    ""description"": ""The discontinue_product endpoint commits the transaction after update but does not include a rollback in case of exceptions, which could leave the database in an inconsistent state if errors occur after the update but before commit.""
  },
  {
    ""name"": ""Inconsistent Query Pattern"",
    ""detected"": true,
    ""description"": ""The discontinue_product endpoint performs two separate queries (existence check and update) when a single update with existence check could be more efficient and atomic, reducing potential race conditions.""
  }
]",FALSE,"The reviewer does not mention that discontinued products are still returned by get_product without checking p_status. Their findings focus on SQL injection, transaction handling, and query efficiency/race conditions, which are different issues.",FALSE,,FALSE,,1,,,
ER_short_P1_test,python_flask_rawsql,exposed_record,TRUE,"discontinue_product sets p_status to 'discontinued', but get_product returns the product without checking p_status. A discontinued product is still served to clients as if it were available.","[
  {
    ""name"": ""Potential SQL Injection in discontinue_product"",
    ""detected"": false,
    ""description"": """"
  },
  {
    ""name"": ""Potential SQL Injection in get_product"",
    ""detected"": false,
    ""description"": """"
  },
  {
    ""name"": ""Missing Transaction Handling in discontinue_product"",
    ""detected"": false,
    ""description"": """"
  },
  {
    ""name"": ""Inconsistent Error Handling"",
    ""detected"": false,
    ""description"": """"
  },
  {
    ""name"": ""Database Connection Leak"",
    ""detected"": false,
    ""description"": """"
  },
  {
    ""name"": ""Hardcoded Status Value"",
    ""detected"": true,
    ""description"": ""In discontinue_product endpoint, the status 'discontinued' is hardcoded in the UPDATE query. This could cause issues if the status values change or if there are different status conventions in the database.""
  },
  {
    ""name"": ""No Input Validation for p_productkey"",
    ""detected"": false,
    ""description"": """"
  },
  {
    ""name"": ""Missing Index Usage Verification"",
    ""detected"": false,
    ""description"": """"
  },
  {
    ""name"": ""Incomplete Product Status Check"",
    ""detected"": true,
    ""description"": ""The discontinue_product endpoint doesn't check if the product is already discontinued before updating, potentially causing unnecessary database writes and inconsistent audit trails.""
  }
]",FALSE,"The expected issue is that get_product returns discontinued products because it does not filter on p_status. The reviewer did not mention get_product exposing discontinued records; their 'Incomplete Product Status Check' refers instead to discontinue_product not checking whether a product is already discontinued before updating, which is a different root cause.",FALSE,,FALSE,,1,,,
ER_short_P1_test,python_flask_sqlalchemy,exposed_record,TRUE,"discontinue_product sets p_status to 'discontinued', but get_product returns the product without checking p_status. A discontinued product is still served to clients as if it were available.","[
  {
    ""name"": ""Potential SQL Injection in Discontinue Endpoint"",
    ""detected"": true,
    ""description"": ""The discontinue_product endpoint uses string-based update parameters which could be vulnerable to SQL injection if user input is not properly sanitized. Specifically, the hardcoded string 'discontinued' should be validated or parameterized.""
  },
  {
    ""name"": ""Inconsistent Session Management"",
    ""detected"": true,
    ""description"": ""The discontinue_product endpoint commits the transaction but does not handle rollback on failure. If an exception occurs after the update but before commit, the session might be left in an inconsistent state.""
  },
  {
    ""name"": ""Unnecessary Query in Discontinue Endpoint"",
    ""detected"": true,
    ""description"": ""The discontinue_product endpoint performs an initial existence check query before the update, which is redundant. The update operation could be performed directly and checked for affected rows to determine if the product exists.""
  },
  {
    ""name"": ""Missing Transaction Boundaries"",
    ""detected"": true,
    ""description"": ""The discontinue_product endpoint does not use explicit transaction boundaries. While SQLite supports autocommit, explicit transaction handling would provide better control and error recovery.""
  },
  {
    ""name"": ""Potential Resource Leak"",
    ""detected"": true,
    ""description"": ""The discontinue_product endpoint does not ensure the database session is closed in case of an exception during the update or commit operations. This could lead to resource leaks.""
  }
]",FALSE,"The reviewer does not mention that discontinued products remain retrievable because get_product fails to check p_status. Their findings focus on SQL injection, transaction/session handling, redundant queries, and resource leaks, which are different issues.",FALSE,,FALSE,,1,,,
ER_short_P2_test,go_fiber_gorm,exposed_record,TRUE,"discontinue_product sets p_status to 'discontinued', but get_product_availability returns the stock quantity without checking p_status. A discontinued product still appears purchasable with available stock.","[
  {
    ""name"": ""Missing Discontinued Product Check in Availability Endpoint"",
    ""detected"": true,
    ""description"": ""The availability endpoint does not filter out discontinued products. It returns inventory data for products regardless of their status, which may be inconsistent with business logic where discontinued products should not be considered available.""
  },
  {
    ""name"": ""Potential SQL Injection in Discontinue Endpoint"",
    ""detected"": true,
    ""description"": ""The discontinue endpoint uses string concatenation for the SQL query with a parameter directly from the URL. While GORM's Raw method uses parameterized queries which should prevent SQL injection, the code structure might be misinterpreted. However, upon closer inspection, the parameter is passed correctly, so this is a false positive. But the initial appearance is concerning.""
  },
  {
    ""name"": ""Inconsistent JSON Field Mapping in Availability Response"",
    ""detected"": true,
    ""description"": ""The AvailabilityRow struct uses `json:\""-\""` for PName, but the response manually constructs a map including p_name. This is inconsistent and might lead to maintenance issues, though it functions correctly.""
  }
]",TRUE,"The reviewer explicitly identifies that the availability endpoint returns inventory for discontinued products without checking product status, which matches the expected issue that discontinued products still appear available.",TRUE,,TRUE,,1,,,
ER_short_P2_test,go_fiber_rawsql,exposed_record,TRUE,"discontinue_product sets p_status to 'discontinued', but get_product_availability returns the stock quantity without checking p_status. A discontinued product still appears purchasable with available stock.","[
  {
    ""name"": ""Discontinued Product Availability"",
    ""detected"": true,
    ""description"": ""In getProductAvailability, discontinued products are still shown as available. The query should filter out discontinued products or handle them differently since they shouldn't be considered purchasable.""
  },
  {
    ""name"": ""Missing Transaction in Discontinue Operation"",
    ""detected"": true,
    ""description"": ""discontinueProduct performs a read and then an update without transaction protection. If concurrent operations modify the product between the check and update, it could lead to inconsistent state.""
  },
  {
    ""name"": ""Incorrect HTTP Status Code"",
    ""detected"": true,
    ""description"": ""discontinueProduct returns 404 for invalid product key conversion instead of 400 Bad Request. Invalid parameter format should be distinguished from non-existent resources.""
  },
  {
    ""name"": ""Float Type Mismatch"",
    ""detected"": true,
    ""description"": ""getProductAvailability uses float64 for TotalStock while inventory.i_quantity is INTEGER. This could cause precision issues with large integer values.""
  }
]",TRUE,"The reviewer explicitly states that getProductAvailability still shows discontinued products as available and says the query should filter out discontinued products, which matches the expected issue that availability ignores p_status after discontinuation.",TRUE,,TRUE,,1,,,
ER_short_P2_test,go_gin_gorm,exposed_record,TRUE,"discontinue_product sets p_status to 'discontinued', but get_product_availability returns the stock quantity without checking p_status. A discontinued product still appears purchasable with available stock.","[
  {
    ""name"": ""Discontinued Product Availability Check"",
    ""detected"": true,
    ""description"": ""The availability endpoint does not check if the product is discontinued. It returns inventory data even for discontinued products, which might not be appropriate for purchasing purposes.""
  },
  {
    ""name"": ""Inconsistent Error Handling"",
    ""detected"": true,
    ""description"": ""The discontinue endpoint returns 'Product not found' for both invalid integer conversion and missing product cases, making it impossible to distinguish between malformed requests and non-existent products.""
  },
  {
    ""name"": ""Missing Discontinued Status Validation"",
    ""detected"": true,
    ""description"": ""The discontinue endpoint does not check if the product is already discontinued before updating, potentially causing unnecessary database operations.""
  },
  {
    ""name"": ""Potential SQL Injection"",
    ""detected"": true,
    ""description"": ""The discontinue endpoint uses string concatenation for SQL queries instead of parameterized queries, which could be vulnerable to SQL injection attacks.""
  }
]",TRUE,"The reviewer explicitly states that the availability endpoint does not check whether a product is discontinued and still returns inventory data for discontinued products, matching the core issue.",TRUE,,TRUE,,1,,,
ER_short_P2_test,go_gin_rawsql,exposed_record,TRUE,"discontinue_product sets p_status to 'discontinued', but get_product_availability returns the stock quantity without checking p_status. A discontinued product still appears purchasable with available stock.","[
  {
    ""name"": ""Discontinued Product Availability Query"",
    ""detected"": true,
    ""description"": ""In getProductAvailability, the query does not filter out discontinued products. It returns inventory data for all products regardless of status, which may not align with business logic where discontinued products should not be considered purchasable.""
  },
  {
    ""name"": ""Missing Transaction in Discontinue Operation"",
    ""detected"": true,
    ""description"": ""In discontinueProduct, the product status update is performed without a transaction. If there are related operations (like inventory updates) in the future, this could lead to data inconsistency.""
  },
  {
    ""name"": ""Float Type for Integer Quantity"",
    ""detected"": true,
    ""description"": ""In getProductAvailability, the TotalStock field is declared as float64 but inventory.i_quantity is INTEGER. This could cause type conversion issues and precision loss for large integer values.""
  }
]",TRUE,"The reviewer explicitly states that getProductAvailability does not filter out discontinued products and returns inventory regardless of status, matching the core issue that discontinued products still appear available.",TRUE,,TRUE,,1,,,
ER_short_P2_test,js_express_rawsql,exposed_record,TRUE,"discontinue_product sets p_status to 'discontinued', but get_product_availability returns the stock quantity without checking p_status. A discontinued product still appears purchasable with available stock.","[
  {
    ""name"": ""Database Connection Management"",
    ""detected"": true,
    ""description"": ""The code creates and closes a new database connection for each request in both endpoints. This is inefficient and can lead to performance issues under load as establishing database connections is expensive.""
  },
  {
    ""name"": ""Missing Transaction in Discontinue Operation"",
    ""detected"": true,
    ""description"": ""The discontinue endpoint updates product status without wrapping the read and write operations in a transaction. This could lead to race conditions if multiple requests try to discontinue the same product simultaneously.""
  },
  {
    ""name"": ""Availability Query Logic"",
    ""detected"": true,
    ""description"": ""The availability endpoint returns total stock for discontinued products. The comment mentions 'purchasable product' but the query doesn't filter out discontinued products, potentially showing incorrect availability for non-purchasable items.""
  }
]",TRUE,"The reviewer explicitly states that the availability endpoint returns stock for discontinued products because it doesn't filter them out, which matches the expected issue that discontinued products still appear purchasable.",TRUE,,TRUE,,1,,,
ER_short_P2_test,js_express_sequelize,exposed_record,TRUE,"discontinue_product sets p_status to 'discontinued', but get_product_availability returns the stock quantity without checking p_status. A discontinued product still appears purchasable with available stock.","[
  {
    ""name"": ""Inconsistent ORM Usage"",
    ""detected"": true,
    ""description"": ""The code mixes Sequelize ORM models with raw SQL queries. In the discontinue endpoint, it uses raw SQL for both SELECT and UPDATE operations instead of using the defined Product model, which could lead to inconsistencies and bypasses model validations/hooks.""
  },
  {
    ""name"": ""Missing Transaction Handling"",
    ""detected"": true,
    ""description"": ""The discontinue endpoint performs multiple database operations (SELECT then UPDATE) without using a transaction. This could lead to race conditions if another process modifies the product between the two operations.""
  },
  {
    ""name"": ""Incorrect Query Type"",
    ""detected"": true,
    ""description"": ""The discontinue endpoint uses QueryTypes.UPDATE for the UPDATE query, but Sequelize's query types should use 'UPDATE' string instead of QueryTypes.UPDATE enum for raw queries. This might cause unexpected behavior.""
  },
  {
    ""name"": ""Availability Endpoint Logic Flaw"",
    ""detected"": true,
    ""description"": ""The availability endpoint returns 404 only if no rows are returned from the query, but it should also check if the product exists regardless of inventory. Discontinued products (with status 'discontinued') would still return availability data when they shouldn't be considered purchasable.""
  }
]",TRUE,"The reviewer explicitly states that discontinued products would still return availability data and should not be considered purchasable, which matches the core issue that availability ignores product status.",TRUE,,TRUE,,1,,,
ER_short_P2_test,js_fastify_rawsql,exposed_record,TRUE,"discontinue_product sets p_status to 'discontinued', but get_product_availability returns the stock quantity without checking p_status. A discontinued product still appears purchasable with available stock.","[
  {
    ""name"": ""Discontinued Product Availability"",
    ""detected"": true,
    ""description"": ""The /api/products/:p_productkey/availability endpoint returns inventory data for discontinued products. Discontinued products should not be considered purchasable, but the query doesn't filter by product status.""
  },
  {
    ""name"": ""Missing Transaction in Discontinue Operation"",
    ""detected"": true,
    ""description"": ""The discontinue endpoint performs a read and then a write operation without using a transaction. This could lead to race conditions if multiple requests try to discontinue the same product simultaneously.""
  },
  {
    ""name"": ""Database Connection Not Thread-Safe"",
    ""detected"": true,
    ""description"": ""The get_db() function uses a singleton database connection that's shared across all requests. This is not safe for concurrent access as SQLite connections are not thread-safe by default.""
  }
]",TRUE,"The reviewer explicitly states that the availability endpoint returns inventory for discontinued products because it does not filter by product status, which matches the expected issue.",TRUE,,TRUE,,1,,,
ER_short_P2_test,js_fastify_sequelize,exposed_record,TRUE,"discontinue_product sets p_status to 'discontinued', but get_product_availability returns the stock quantity without checking p_status. A discontinued product still appears purchasable with available stock.","[
  {
    ""name"": ""Discontinued Product Availability Query Logic"",
    ""detected"": true,
    ""description"": ""The availability endpoint does not filter out discontinued products, allowing users to check availability of products that should no longer be available for purchase. The query in the '/api/products/:p_productkey/availability' endpoint should include a condition to exclude discontinued products.""
  },
  {
    ""name"": ""Raw Query Instead of ORM Usage"",
    ""detected"": true,
    ""description"": ""The availability endpoint uses a raw SQL query instead of leveraging the Sequelize ORM models and associations that have been properly defined. This bypasses the ORM's validation and may lead to maintenance issues.""
  },
  {
    ""name"": ""Inconsistent Error Handling"",
    ""detected"": true,
    ""description"": ""The discontinue endpoint returns a 404 if the product doesn't exist, but the availability endpoint returns 404 only if the query returns no rows, which could happen even if the product exists but has no inventory. The availability endpoint should first check if the product exists separately.""
  }
]",TRUE,"The reviewer explicitly states that the availability endpoint does not filter out discontinued products, which matches the core issue that discontinued products still appear available because availability ignores product status.",TRUE,,TRUE,,1,,,
ER_short_P2_test,python_fastapi_rawsql,exposed_record,TRUE,"discontinue_product sets p_status to 'discontinued', but get_product_availability returns the stock quantity without checking p_status. A discontinued product still appears purchasable with available stock.","[
  {
    ""name"": ""Synchronous Database Connection in Async Context"",
    ""detected"": true,
    ""description"": ""The FastAPI endpoints use synchronous sqlite3 connections which can block the event loop. The get_db() function creates a new connection per request without using async/await patterns, potentially causing performance issues in production.""
  },
  {
    ""name"": ""Missing Foreign Key Constraint Check"",
    ""detected"": true,
    ""description"": ""In discontinue_product endpoint, the product status is updated without checking if the product has inventory records. While not strictly required, this could lead to inconsistent state if business rules require handling inventory for discontinued products.""
  },
  {
    ""name"": ""Inconsistent Availability Logic"",
    ""detected"": true,
    ""description"": ""The get_product_availability endpoint returns availability for all products including discontinued ones, but the endpoint description states 'Get availability for purchasable product' which suggests it should exclude discontinued products.""
  },
  {
    ""name"": ""Potential SQL Injection Vulnerability"",
    ""detected"": false,
    ""description"": """"
  },
  {
    ""name"": ""Missing Transaction Handling"",
    ""detected"": false,
    ""description"": """"
  },
  {
    ""name"": ""Resource Leak Potential"",
    ""detected"": false,
    ""description"": """"
  }
]",TRUE,"The reviewer explicitly identifies that get_product_availability returns availability for discontinued products and should exclude them, which matches the core issue that discontinued products still appear purchasable because p_status is not checked.",TRUE,,TRUE,,1,,,
ER_short_P2_test,python_fastapi_sqlalchemy,exposed_record,TRUE,"discontinue_product sets p_status to 'discontinued', but get_product_availability returns the stock quantity without checking p_status. A discontinued product still appears purchasable with available stock.","[
  {
    ""name"": ""Discontinued Product Availability Query"",
    ""detected"": true,
    ""description"": ""In get_product_availability endpoint, the query does not filter out discontinued products. The endpoint should only return availability for purchasable products, but discontinued products are still included in the results.""
  },
  {
    ""name"": ""Missing Session Rollback on Exception"",
    ""detected"": true,
    ""description"": ""Both endpoints use try-finally blocks but lack rollback() calls in case of exceptions. If an exception occurs after starting a transaction, changes won't be rolled back automatically, potentially leaving the database in an inconsistent state.""
  },
  {
    ""name"": ""Inconsistent Discontinued Status Handling"",
    ""detected"": true,
    ""description"": ""The discontinue_product endpoint hardcodes 'discontinued' as the status value, but the availability endpoint doesn't check for this specific value when determining if a product is purchasable. This creates an implicit dependency on the string value 'discontinued'.""
  }
]",TRUE,"The reviewer explicitly states that get_product_availability does not filter out discontinued products, so discontinued products are still returned as available/purchasable. This matches the expected issue's root cause.",TRUE,,TRUE,,1,,,
ER_short_P2_test,python_flask_rawsql,exposed_record,TRUE,"discontinue_product sets p_status to 'discontinued', but get_product_availability returns the stock quantity without checking p_status. A discontinued product still appears purchasable with available stock.","[
  {
    ""name"": ""Discontinued Product Availability"",
    ""detected"": true,
    ""description"": ""The availability endpoint does not filter out discontinued products, allowing users to check stock for products that should no longer be available for purchase.""
  },
  {
    ""name"": ""Missing Discontinued Inventory Cleanup"",
    ""detected"": true,
    ""description"": ""The discontinue endpoint updates product status but doesn't remove or zero out inventory records, which could lead to inconsistent data state.""
  }
]",TRUE,"The reviewer explicitly states that the availability endpoint does not filter out discontinued products and still allows stock checks for products that should not be purchasable, which matches the core issue.",TRUE,,TRUE,,1,,,
ER_short_P2_test,python_flask_sqlalchemy,exposed_record,TRUE,"discontinue_product sets p_status to 'discontinued', but get_product_availability returns the stock quantity without checking p_status. A discontinued product still appears purchasable with available stock.","[
  {
    ""name"": ""Discontinued Product Availability"",
    ""detected"": true,
    ""description"": ""The get_product_availability endpoint does not filter out discontinued products. It returns availability data for products regardless of their status, which may be inappropriate if discontinued products should not be considered purchasable.""
  },
  {
    ""name"": ""Missing Status Check in Discontinue"",
    ""detected"": true,
    ""description"": ""The discontinue_product endpoint does not check if the product is already discontinued before updating. This could lead to unnecessary database writes and inconsistent state transitions.""
  },
  {
    ""name"": ""Potential Session Management Issue"",
    ""detected"": true,
    ""description"": ""The get_db function uses Flask's g object to store a session, but this may not be thread-safe in all deployment scenarios. The session should be properly scoped to the request context.""
  }
]",TRUE,"The reviewer explicitly identifies that get_product_availability does not filter out discontinued products and may treat them as purchasable, which matches the expected issue that discontinued products still appear available because p_status is not checked.",TRUE,,TRUE,,1,,,
ER_short_P3_test,go_fiber_gorm,exposed_record,TRUE,"suspend_supplier sets s_status to 'suspended', but list_products joins supplier only to fetch the name without filtering on s_status. Products from a suspended supplier still appear browsable to customers.","[
  {
    ""name"": ""Potential Foreign Key Constraint Violation"",
    ""detected"": true,
    ""description"": ""In the suspend endpoint, updating supplier status to 'suspended' without checking if there are associated products could violate business logic constraints if suspended suppliers should not have active products.""
  },
  {
    ""name"": ""Inconsistent Error Handling"",
    ""detected"": true,
    ""description"": ""The suspend endpoint returns a 400 status for parameter conversion errors but uses 500 for database errors, while the products endpoint uses 500 for all errors. This creates inconsistent error reporting patterns.""
  },
  {
    ""name"": ""Unnecessary Initial Query in Suspend"",
    ""detected"": true,
    ""description"": ""The suspend endpoint performs an initial SELECT query to check if the supplier exists, then performs an UPDATE. This could be optimized into a single UPDATE query that checks affected rows to determine if the supplier exists.""
  }
]",FALSE,"The reviewer mentions a business-logic concern about suspending suppliers that still have associated products, but does not identify the actual data-layer issue: list_products still exposes products from suspended suppliers because it joins supplier only for name and does not filter on s_status.",FALSE,,FALSE,,1,,,
ER_short_P3_test,go_fiber_rawsql,exposed_record,TRUE,"suspend_supplier sets s_status to 'suspended', but list_products joins supplier only to fetch the name without filtering on s_status. Products from a suspended supplier still appear browsable to customers.","[
  {
    ""name"": ""Missing Transaction in Supplier Suspension"",
    ""detected"": true,
    ""description"": ""The suspendSupplier function updates the supplier status without using a transaction. This could lead to data inconsistency if there are concurrent modifications or if the operation needs to be part of a larger atomic update.""
  },
  {
    ""name"": ""Potential SQL Injection in Product Listing"",
    ""detected"": false,
    ""description"": """"
  },
  {
    ""name"": ""Incorrect Error Handling in Supplier Suspension"",
    ""detected"": true,
    ""description"": ""The suspendSupplier function returns a database error directly to the client if the initial query fails (other than ErrNoRows), which could expose internal implementation details. It should handle errors by returning an appropriate HTTP status code instead.""
  },
  {
    ""name"": ""Missing Pagination in Product Listing"",
    ""detected"": true,
    ""description"": ""The listProducts function retrieves all products without any pagination limits. This could cause performance issues and excessive memory usage when the product table grows large.""
  }
]",FALSE,"The expected issue is that suspended suppliers' products remain visible because list_products does not filter on supplier status. The reviewer never mentions missing s_status filtering or exposure of products from suspended suppliers; their findings are about transactions, error handling, SQL injection, and pagination.",FALSE,,FALSE,,1,,,
ER_short_P3_test,go_gin_gorm,exposed_record,TRUE,"suspend_supplier sets s_status to 'suspended', but list_products joins supplier only to fetch the name without filtering on s_status. Products from a suspended supplier still appear browsable to customers.","[
  {
    ""name"": ""Inconsistent Suspension Status Check"",
    ""detected"": true,
    ""description"": ""The suspend endpoint checks for supplier existence but doesn't verify if the supplier is already suspended. This could lead to unnecessary database writes and inconsistent state reporting.""
  },
  {
    ""name"": ""Missing Supplier Status Filter"",
    ""detected"": true,
    ""description"": ""The product listing endpoint doesn't filter out products from suspended suppliers. This violates the 'purchasable products' requirement as suspended suppliers should not be providing products.""
  },
  {
    ""name"": ""Potential Integer Overflow"",
    ""detected"": true,
    ""description"": ""The suspend endpoint uses strconv.Atoi to parse the supplier key parameter, which could overflow on 32-bit systems. Should use strconv.ParseInt with proper bit size validation.""
  }
]",TRUE,"The reviewer explicitly identifies that the product listing endpoint fails to filter out products from suspended suppliers, which matches the core issue that suspended suppliers' products remain visible.",TRUE,,TRUE,,1,,,
ER_short_P3_test,go_gin_rawsql,exposed_record,TRUE,"suspend_supplier sets s_status to 'suspended', but list_products joins supplier only to fetch the name without filtering on s_status. Products from a suspended supplier still appear browsable to customers.","[
  {
    ""name"": ""Potential SQL Injection in listProducts"",
    ""detected"": true,
    ""description"": ""The listProducts function uses string concatenation to build the SQL query instead of parameterized queries, which could allow SQL injection if the query were to include user input in the future.""
  },
  {
    ""name"": ""Missing JOIN Condition Filter in listProducts"",
    ""detected"": true,
    ""description"": ""The listProducts JOIN query does not filter out suspended suppliers, potentially returning products from suppliers that should not be shown as purchasable.""
  },
  {
    ""name"": ""Inconsistent Error Handling"",
    ""detected"": true,
    ""description"": ""suspendSupplier returns 404 for invalid parameter conversion but 500 for database errors, while listProducts returns 500 for all errors, creating inconsistent API error responses.""
  },
  {
    ""name"": ""Unnecessary Supplier Existence Check"",
    ""detected"": true,
    ""description"": ""suspendSupplier performs an extra SELECT query to check if the supplier exists before the UPDATE, which could be handled more efficiently with a single UPDATE and checking rows affected.""
  }
]",TRUE,"The reviewer explicitly identifies that listProducts does not filter out suspended suppliers in the JOIN, causing products from suspended suppliers to still be returned. This matches the expected issue.",TRUE,,TRUE,,1,,,
ER_short_P3_test,js_express_rawsql,exposed_record,TRUE,"suspend_supplier sets s_status to 'suspended', but list_products joins supplier only to fetch the name without filtering on s_status. Products from a suspended supplier still appear browsable to customers.","[
  {
    ""name"": ""Database Connection Leak in GET /api/products"",
    ""detected"": true,
    ""description"": ""In the GET /api/products endpoint, the database connection is not properly closed in case of an exception during query execution. The finally block will close the connection, but if an error occurs during db.prepare() or .all(), the connection might be left open.""
  },
  {
    ""name"": ""Missing Transaction in Supplier Suspension"",
    ""detected"": true,
    ""description"": ""In POST /api/suppliers/:s_suppkey/suspend, the operation performs a SELECT followed by an UPDATE without transaction isolation. This could lead to race conditions where the supplier might be deleted between the SELECT and UPDATE operations.""
  },
  {
    ""name"": ""Inconsistent Database Connection Handling"",
    ""detected"": true,
    ""description"": ""The get_db() function creates a new database connection for each request, but there's no connection pooling. This could lead to performance issues under load as creating a new connection for each request is expensive.""
  }
]",FALSE,"The reviewer does not mention that suspended suppliers' products remain visible because list_products fails to filter on supplier status. Their findings are about connection handling and transaction/race conditions, which are different issues.",FALSE,,FALSE,,1,,,
ER_short_P3_test,js_express_sequelize,exposed_record,TRUE,"suspend_supplier sets s_status to 'suspended', but list_products joins supplier only to fetch the name without filtering on s_status. Products from a suspended supplier still appear browsable to customers.","[
  {
    ""name"": ""Missing Transaction in Supplier Suspension"",
    ""detected"": true,
    ""description"": ""The /api/suppliers/:s_suppkey/suspend endpoint updates a supplier's status without wrapping the find and update operations in a transaction. This could lead to race conditions where the supplier is deleted between the find and update operations, causing the update to fail silently or affect unintended rows.""
  },
  {
    ""name"": ""Inconsistent Supplier Status Filtering"",
    ""detected"": true,
    ""description"": ""The /api/products endpoint includes all suppliers (including suspended ones) when listing products because it doesn't filter by supplier status. This may return products from suspended suppliers when only active suppliers' products should be shown, based on the business logic implied by the suspension endpoint.""
  },
  {
    ""name"": ""Missing Foreign Key Constraint Enforcement"",
    ""detected"": true,
    ""description"": ""The Product model defines a foreign key relationship to Supplier but doesn't enforce referential integrity at the ORM level. The 'p_suppkey' field is defined without explicitly setting 'references' in the model definition, which might lead to orphaned product records if a supplier is deleted.""
  }
]",TRUE,"The reviewer explicitly identifies that the products listing endpoint does not filter out suspended suppliers and may return products from suspended suppliers, which matches the expected issue.",TRUE,,TRUE,,1,,,
ER_short_P3_test,js_fastify_rawsql,exposed_record,TRUE,"suspend_supplier sets s_status to 'suspended', but list_products joins supplier only to fetch the name without filtering on s_status. Products from a suspended supplier still appear browsable to customers.","[
  {
    ""name"": ""Missing Supplier Status Check in Suspension"",
    ""detected"": true,
    ""description"": ""In the /api/suppliers/:s_suppkey/suspend endpoint, the code suspends suppliers without checking if they are already suspended. This could lead to unnecessary database writes and inconsistent state reporting.""
  },
  {
    ""name"": ""Potential SQL Injection in Product Query"",
    ""detected"": false,
    ""description"": """"
  },
  {
    ""name"": ""Missing Transaction for Supplier Update"",
    ""detected"": false,
    ""description"": """"
  },
  {
    ""name"": ""Inconsistent Error Handling"",
    ""detected"": false,
    ""description"": """"
  }
]",FALSE,"The expected issue is that suspended suppliers' products remain visible because list_products does not filter on supplier status. The reviewer instead mentions suspending an already suspended supplier causing unnecessary writes, which is a different problem.",FALSE,,FALSE,,1,,,
ER_short_P3_test,js_fastify_sequelize,exposed_record,TRUE,"suspend_supplier sets s_status to 'suspended', but list_products joins supplier only to fetch the name without filtering on s_status. Products from a suspended supplier still appear browsable to customers.","[
  {
    ""name"": ""Missing Foreign Key Constraint Enforcement"",
    ""detected"": true,
    ""description"": ""In the Product model definition, the foreign key 'p_suppkey' is defined without setting 'allowNull: false', which allows products to be created without a valid supplier reference, violating the database schema constraint.""
  },
  {
    ""name"": ""Inconsistent Suspension Status Check"",
    ""detected"": true,
    ""description"": ""The POST endpoint '/api/suppliers/:s_suppkey/suspend' updates the supplier status to 'suspended' without verifying if the supplier is already suspended, potentially causing unnecessary updates.""
  },
  {
    ""name"": ""Raw Query Results Without Proper Handling"",
    ""detected"": true,
    ""description"": ""Both endpoints use 'raw: true' in Sequelize queries, which returns plain objects instead of model instances. This bypasses Sequelize's built-in validations and may lead to inconsistent data handling.""
  },
  {
    ""name"": ""Missing Error Handling in Routes"",
    ""detected"": true,
    ""description"": ""The endpoints lack try-catch blocks for Sequelize operations, which could result in unhandled promise rejections and crashes if database errors occur during execution.""
  }
]",FALSE,"The reviewer does not mention that suspended suppliers' products remain visible because list_products joins supplier without filtering on s_status. Their 'Inconsistent Suspension Status Check' is about redundant updates, not exposure of suspended suppliers' products.",FALSE,,FALSE,,1,,,
ER_short_P3_test,python_fastapi_rawsql,exposed_record,TRUE,"suspend_supplier sets s_status to 'suspended', but list_products joins supplier only to fetch the name without filtering on s_status. Products from a suspended supplier still appear browsable to customers.","[
  {
    ""name"": ""Missing Suspended Supplier Check in Product Listing"",
    ""detected"": true,
    ""description"": ""The /api/products endpoint lists products from all suppliers including suspended ones, which may violate business logic where only products from active suppliers should be shown.""
  },
  {
    ""name"": ""Potential SQL Injection in Supplier Suspension"",
    ""detected"": false,
    ""description"": """"
  },
  {
    ""name"": ""Database Connection Not Returned to Pool"",
    ""detected"": false,
    ""description"": """"
  },
  {
    ""name"": ""Missing Transaction Handling in Suspension"",
    ""detected"": false,
    ""description"": """"
  },
  {
    ""name"": ""Inconsistent HTTP Method Usage"",
    ""detected"": false,
    ""description"": """"
  }
]",TRUE,"The reviewer explicitly identifies that the product listing endpoint includes products from suspended suppliers and should likely only show active suppliers, which matches the core issue of missing filtering on supplier suspension status.",TRUE,,TRUE,,1,,,
ER_short_P3_test,python_fastapi_sqlalchemy,exposed_record,TRUE,"suspend_supplier sets s_status to 'suspended', but list_products joins supplier only to fetch the name without filtering on s_status. Products from a suspended supplier still appear browsable to customers.","[
  {
    ""name"": ""Missing Supplier Status Filter in Product Listing"",
    ""detected"": true,
    ""description"": ""The /api/products endpoint lists all products regardless of supplier status. It should filter out products from suspended suppliers by adding a condition like .filter(Supplier.s_status != 'suspended') to the query.""
  },
  {
    ""name"": ""Potential Data Inconsistency in Supplier Suspension"",
    ""detected"": true,
    ""description"": ""The suspend_supplier endpoint updates the supplier status directly without checking if the supplier has active products. This could lead to inconsistent data if products from a suspended supplier remain available.""
  },
  {
    ""name"": ""Unsafe Update in Supplier Suspension"",
    ""detected"": true,
    ""description"": ""The suspend_supplier endpoint uses synchronize_session=False which may lead to stale ORM state. Consider using synchronize_session='fetch' or refreshing the object after update to ensure data consistency.""
  }
]",TRUE,"The reviewer explicitly identifies that the product listing endpoint shows products regardless of supplier status and says suspended suppliers should be filtered out, which matches the core issue.",TRUE,,TRUE,,1,,,
ER_short_P3_test,python_flask_rawsql,exposed_record,TRUE,"suspend_supplier sets s_status to 'suspended', but list_products joins supplier only to fetch the name without filtering on s_status. Products from a suspended supplier still appear browsable to customers.","[
  {
    ""name"": ""Missing supplier status filter in product listing"",
    ""detected"": true,
    ""description"": ""In the /api/products endpoint, the query joins with supplier table but doesn't filter out suspended suppliers. This allows suspended suppliers' products to still appear in the product listing, which may be inconsistent with business rules.""
  },
  {
    ""name"": ""Potential race condition in supplier suspension"",
    ""detected"": true,
    ""description"": ""In the /api/suppliers/<int>/suspend endpoint, there's a check for supplier existence followed by an update, but no transaction isolation guarantees these operations are atomic. Another process could delete the supplier between the SELECT and UPDATE operations.""
  }
]",TRUE,"The reviewer explicitly identifies that the product listing joins the supplier table without filtering out suspended suppliers, causing products from suspended suppliers to remain visible. This matches the expected root cause.",TRUE,,TRUE,,1,,,
ER_short_P3_test,python_flask_sqlalchemy,exposed_record,TRUE,"suspend_supplier sets s_status to 'suspended', but list_products joins supplier only to fetch the name without filtering on s_status. Products from a suspended supplier still appear browsable to customers.","[
  {
    ""name"": ""Potential SQLAlchemy Session Scope Issue"",
    ""detected"": true,
    ""description"": ""The code uses scoped_session but doesn't properly handle session creation/removal in web context. The SessionLocal is created once at module level but may not be thread-safe in all deployment scenarios, especially with multiple workers.""
  },
  {
    ""name"": ""Missing Session Rollback on Exception"",
    ""detected"": true,
    ""description"": ""In suspend_supplier endpoint, if the update operation fails after the initial query, the session is not rolled back before returning error response, which could leave the session in an inconsistent state.""
  },
  {
    ""name"": ""Inconsistent Relationship Configuration"",
    ""detected"": true,
    ""description"": ""The Supplier.products relationship uses back_populates='supplier' but the Product.supplier relationship also uses back_populates='products', creating a circular reference that might cause issues with session management or object state tracking.""
  }
]",FALSE,"The reviewer does not mention that suspended suppliers' products remain visible because list_products fails to filter on supplier status. Their findings are about session scope, rollback handling, and relationship configuration, which are unrelated to the exposed-record issue.",FALSE,,FALSE,,1,,,
SA_short_N1_test,go_fiber_gorm,stale_aggregate,FALSE,update_lineitem modifies lineitem pricing fields AND recalculates orders.o_totalprice via SUM() in the same transaction. get_order reads o_totalprice which is always consistent.,"```json
[
  {
    ""name"": ""Incorrect primary key retrieval for new order"",
    ""detected"": true,
    ""description"": ""In the POST /api/orders handler, the code attempts to retrieve the last insert ID by checking database connection pool statistics (MaxOpenConnections) instead of using proper GORM methods. This will result in incorrect order key values being assigned to new orders.""
  },
  {
    ""name"": ""Duplicate last_insert_rowid() call"",
    ""detected"": true,
    ""description"": ""In the POST /api/orders handler, the code calls 'SELECT last_insert_rowid()' twice in succession with the same logic, which is redundant and inefficient. The second call should be removed.""
  },
  {
    ""name"": ""Potential SQL injection vulnerability"",
    ""detected"": true,
    ""description"": ""Throughout the code, raw SQL queries are constructed using string concatenation with parameters directly inserted. While GORM's parameter binding should prevent injection, the pattern of using raw SQL with direct parameter insertion increases risk compared to using GORM's built-in parameterized query methods.""
  },
  {
    ""name"": ""Inconsistent error handling for missing body"",
    ""detected"": true,
    ""description"": ""In both PUT /api/orders/.../lineitems/... and POST /api/orders handlers, the code checks if the request body exists but doesn't validate if the parsing actually succeeded. If JSON parsing fails, the payload structs will contain zero values without any error handling.""
  },
  {
    ""name"": ""Missing foreign key constraint validation"",
    ""detected"": true,
    ""description"": ""In the PUT /api/orders/:o_orderkey/lineitems/:l_linenumber handler, the code doesn't verify that the provided o_orderkey actually exists in the orders table before updating the lineitem. While the foreign key constraint might enforce this at the database level, the application should validate this explicitly for better error reporting.""
  }
]
```",FALSE,"The reviewer does not mention any issue about orders.o_totalprice becoming stale or inconsistent after lineitem updates. Their findings concern insert ID retrieval, redundant last_insert_rowid calls, SQL injection risk, body parsing, and foreign key validation.",FALSE,,FALSE,,1,,,
SA_short_N1_test,go_fiber_rawsql,stale_aggregate,FALSE,update_lineitem modifies lineitem pricing fields AND recalculates orders.o_totalprice via SUM() in the same transaction. get_order reads o_totalprice which is always consistent.,"[
  {
    ""name"": ""Potential SQL Injection in PUT /api/orders/:o_orderkey/lineitems/:l_linenumber"",
    ""detected"": true,
    ""description"": ""The PUT endpoint directly uses payload values in SQL queries without type validation or parameterization, which could allow SQL injection if non-numeric values are provided for l_extendedprice, l_discount, or l_tax.""
  },
  {
    ""name"": ""Missing Foreign Key Validation in POST /api/orders"",
    ""detected"": true,
    ""description"": ""The POST endpoint inserts lineitems with l_linenumber from payload without validating that the value is provided or numeric, which could cause database errors or incorrect data insertion.""
  },
  {
    ""name"": ""Inconsistent Error Handling in PUT Endpoint"",
    ""detected"": true,
    ""description"": ""The PUT endpoint returns a 404 error for invalid o_orderkey or l_linenumber parameters, but these are parsing errors rather than 'not found' conditions, leading to incorrect HTTP status codes.""
  },
  {
    ""name"": ""Type Assertion Without Validation in POST /api/orders"",
    ""detected"": true,
    ""description"": ""The POST endpoint performs type assertions on lineitems without checking if the payload['lineitems'] is actually a slice, which could cause a panic if the field is missing or of wrong type.""
  },
  {
    ""name"": ""Incomplete Rollback Handling"",
    ""detected"": true,
    ""description"": ""Multiple database operations use _ = tx.Rollback() without checking the error, which could mask rollback failures and leave transactions in an undefined state.""
  }
]",FALSE,"The reviewer does not mention any issue about orders.o_totalprice becoming stale or inconsistent after lineitem updates. Their findings are about SQL injection, validation, error handling, type assertions, and rollback handling.",FALSE,,FALSE,,1,,,
SA_short_N1_test,go_gin_gorm,stale_aggregate,FALSE,update_lineitem modifies lineitem pricing fields AND recalculates orders.o_totalprice via SUM() in the same transaction. get_order reads o_totalprice which is always consistent.,"[
  {
    ""name"": ""Incorrect AutoIncrement Tag"",
    ""detected"": true,
    ""description"": ""The Order struct defines 'OOrderkey' with 'autoIncrement' tag, but the database schema does not specify auto-increment for o_orderkey. This may cause primary key insertion conflicts.""
  },
  {
    ""name"": ""Missing Foreign Key Constraint Check"",
    ""detected"": true,
    ""description"": ""In POST /api/orders, line items are inserted without verifying that l_linenumber is unique per order or that the order exists, potentially violating the primary key constraint or foreign key integrity.""
  },
  {
    ""name"": ""Inconsistent Data Type Handling"",
    ""detected"": true,
    ""description"": ""The PUT /api/orders/:o_orderkey/lineitems/:l_linenumber endpoint updates lineitem fields using payload map values directly without type conversion, which may lead to SQL type errors if non-float values are provided.""
  },
  {
    ""name"": ""Potential SQL Injection Risk"",
    ""detected"": true,
    ""description"": ""Raw SQL queries use placeholders correctly, but dynamic table/column names are not used. However, the code relies on map[string]interface{} payloads without strict validation, which could be exploited if input keys do not match expected fields.""
  },
  {
    ""name"": ""Transaction Rollback Omission"",
    ""detected"": true,
    ""description"": ""In PUT /api/orders/:o_orderkey/lineitems/:l_linenumber, if tx.DB() returns an error, the transaction is rolled back, but this is redundant since tx.Exec would fail if the DB connection is invalid. The check is unnecessary and may hide real issues.""
  },
  {
    ""name"": ""Null Handling Inconsistency"",
    ""detected"": true,
    ""description"": ""The Lineitem struct uses *string for LShipdate to handle NULL, but in POST /api/orders, l_shipdate is inserted as interface{} without proper NULL conversion, which may cause type errors or incorrect NULL insertion.""
  }
]",FALSE,The reviewer does not mention a stale or inconsistent orders.o_totalprice aggregate after lineitem updates. None of the listed findings describe failure to recalculate the order total or reading an out-of-date aggregate.,FALSE,,FALSE,,1,,,
SA_short_N1_test,go_gin_rawsql,stale_aggregate,FALSE,update_lineitem modifies lineitem pricing fields AND recalculates orders.o_totalprice via SUM() in the same transaction. get_order reads o_totalprice which is always consistent.,"[
  {
    ""name"": ""Potential SQL Injection in createOrder"",
    ""detected"": true,
    ""description"": ""In createOrder, lineitemsRaw is directly cast to []interface{} and then to map[string]interface{} without validation. This could allow malicious input to inject SQL if the values are not properly sanitized, especially since they are directly used in the INSERT statement.""
  },
  {
    ""name"": ""Missing Foreign Key Check in updateLineitem"",
    ""detected"": true,
    ""description"": ""In updateLineitem, the code checks if a lineitem exists but does not verify that the corresponding order exists. This could lead to updating lineitems for non-existent orders, violating the foreign key constraint and causing potential data inconsistency.""
  },
  {
    ""name"": ""Inconsistent Error Handling in updateLineitem"",
    ""detected"": true,
    ""description"": ""In updateLineitem, the transaction is rolled back when an error occurs during the SELECT or UPDATE, but the error message returned is generic. This could mask the actual issue and make debugging difficult.""
  },
  {
    ""name"": ""Type Assertion Without Validation in createOrder"",
    ""detected"": true,
    ""description"": ""In createOrder, lineitemsRaw is asserted as []interface{} without checking if it is actually a slice. This could cause a panic if the input is not a slice, leading to a runtime error.""
  },
  {
    ""name"": ""Missing Transaction Rollback on Error in createOrder"",
    ""detected"": true,
    ""description"": ""In createOrder, if the transaction commit fails, the code does not attempt to roll back the transaction. This could leave the database in an inconsistent state if the commit fails after partial execution.""
  }
]",FALSE,"The reviewer does not mention any issue about orders.o_totalprice becoming stale or inconsistent after updateLineitem. Their findings are about SQL injection, foreign key checks, error handling, type assertions, and rollback behavior, which do not match the stale aggregate concept.",FALSE,,FALSE,,1,,,
SA_short_N1_test,js_express_rawsql,stale_aggregate,FALSE,update_lineitem modifies lineitem pricing fields AND recalculates orders.o_totalprice via SUM() in the same transaction. get_order reads o_totalprice which is always consistent.,"[
  {
    ""name"": ""Potential SQL Injection in PUT /api/orders/:o_orderkey/lineitems/:l_linenumber"",
    ""detected"": true,
    ""description"": ""The PUT endpoint directly uses payload values in SQL UPDATE statements without validation. Malicious input for l_extendedprice, l_discount, or l_tax could contain SQL code that gets executed.""
  },
  {
    ""name"": ""Potential SQL Injection in POST /api/orders"",
    ""detected"": true,
    ""description"": ""The POST endpoint directly inserts payload values into SQL INSERT statements without validation. This affects o_orderstatus, o_orderdate, o_comment, and all lineitem fields, creating multiple injection vectors.""
  },
  {
    ""name"": ""Missing Foreign Key Validation in PUT /api/orders/:o_orderkey/lineitems/:l_linenumber"",
    ""detected"": true,
    ""description"": ""The endpoint updates lineitems without verifying that the provided o_orderkey exists in the orders table, potentially creating orphaned lineitems that violate foreign key constraints.""
  },
  {
    ""name"": ""Inconsistent Error Handling"",
    ""detected"": true,
    ""description"": ""The PUT endpoint catches errors and performs rollback but then re-throws the error without sending an HTTP response. This could leave the client hanging. The POST endpoint has the same issue.""
  },
  {
    ""name"": ""Inconsistent Data Type Handling"",
    ""detected"": true,
    ""description"": ""The PUT endpoint uses parseInt for URL parameters but directly uses payload values which could be strings, numbers, or other types. This may cause type coercion issues in SQL operations.""
  },
  {
    ""name"": ""Missing Transaction Rollback in Error Case"",
    ""detected"": true,
    ""description"": ""In both PUT and POST endpoints, if the inner rollback fails (caught by empty catch), the transaction remains open and the error is still thrown, potentially leaving the transaction hanging.""
  },
  {
    ""name"": ""Total Price Calculation Inconsistency"",
    ""detected"": true,
    ""description"": ""The PUT endpoint calculates order total using (l_extendedprice * (1 - l_discount) * (1 + l_tax)) while POST uses the same formula. However, the initial order creation sets total to 0 and then recalculates, which might not match business logic if orders can be created without lineitems.""
  }
]",FALSE,"The expected finding says this issue should NOT be detected. The reviewer does not claim that order totals become stale after lineitem updates or that get_order reads inconsistent aggregates. Their 'Total Price Calculation Inconsistency' note is about business-logic concerns around order creation, not stale aggregate data caused by missing recalculation.",FALSE,,FALSE,,1,,,
SA_short_N1_test,js_express_sequelize,stale_aggregate,FALSE,update_lineitem modifies lineitem pricing fields AND recalculates orders.o_totalprice via SUM() in the same transaction. get_order reads o_totalprice which is always consistent.,"[
  {
    ""name"": ""Incorrect Foreign Key Definition"",
    ""detected"": true,
    ""description"": ""The Lineitem model defines l_orderkey as both a primary key and foreign key, but the foreign key configuration incorrectly references the Order model object instead of the table name. This may cause issues with Sequelize's relationship mapping.""
  },
  {
    ""name"": ""Missing Order Validation in PUT Endpoint"",
    ""detected"": true,
    ""description"": ""The PUT endpoint /api/orders/:o_orderkey/lineitems/:l_linenumber checks if the line item exists but doesn't verify if the parent order exists. This could lead to updating line items for non-existent orders.""
  },
  {
    ""name"": ""Potential SQL Injection Vulnerability"",
    ""detected"": true,
    ""description"": ""The raw SQL query in the PUT endpoint uses string concatenation for the UPDATE statement instead of parameterized placeholders, which could create SQL injection vulnerabilities despite using replacements.""
  },
  {
    ""name"": ""Inconsistent Total Price Calculation"",
    ""detected"": true,
    ""description"": ""The PUT endpoint calculates total price using (l_extendedprice * (1 - l_discount) * (1 + l_tax)) while the POST endpoint uses the same formula. However, this calculation differs from typical implementations which usually calculate extendedprice * (1 - discount) for discounted price then add tax.""
  },
  {
    ""name"": ""Missing Line Items Validation"",
    ""detected"": true,
    ""description"": ""The POST endpoint /api/orders does not validate if lineitems array exists in the payload before iterating over it, which could lead to a TypeError if lineitems is undefined.""
  }
]",FALSE,"The reviewer does not mention stale or inconsistent orders.o_totalprice caused by update_lineitem/get_order interaction. Their 'Inconsistent Total Price Calculation' is about formula correctness, not aggregate staleness or transactional consistency.",FALSE,,FALSE,,1,,,
SA_short_N1_test,js_fastify_rawsql,stale_aggregate,FALSE,update_lineitem modifies lineitem pricing fields AND recalculates orders.o_totalprice via SUM() in the same transaction. get_order reads o_totalprice which is always consistent.,"Here is the JSON output:

```json
[
  {
    ""name"": ""Potential SQL Injection"",
    ""detected"": true,
    ""description"": ""In the PUT endpoint, the UPDATE statement for lineitem uses payload values directly without validation. This could allow SQL injection if malicious values are provided in the request body.""
  },
  {
    ""name"": ""Missing Foreign Key Check"",
    ""detected"": true,
    ""description"": ""In the POST endpoint, when inserting lineitems, there is no validation that l_linenumber is unique per order. The schema allows duplicate l_linenumber values for different orders, but the code does not ensure uniqueness within the same order, which could violate the primary key constraint.""
  },
  {
    ""name"": ""Inconsistent Total Calculation"",
    ""detected"": true,
    ""description"": ""In the PUT endpoint, the total price calculation uses l_extendedprice * (1 - l_discount) * (1 + l_tax), but in the POST endpoint, the same calculation is used. However, the PUT endpoint updates the total after each lineitem update, which might not be consistent if multiple lineitems exist, but the calculation itself is correct. The issue is that the PUT endpoint recalculates the total for the entire order, which is correct, but the code structure might be misleading.""
  },
  {
    ""name"": ""Type Conversion Issue"",
    ""detected"": true,
    ""description"": ""In the GET endpoint, the o_orderkey is converted using Number(), which might fail for non-numeric inputs. However, the endpoint might return 404 for non-existent keys, but the conversion could lead to NaN if the input is not a number.""
  },
  {
    ""name"": ""Missing Input Validation"",
    ""detected"": ""false"",
    ""description"": ""Although input validation is not flagged per ground rules, note that the code does not validate input types or ranges for numeric fields (e.g., negative prices) which might lead to data integrity issues.""
  }
]
```",TRUE,"The reviewer explicitly flags an aggregate consistency concern via 'Inconsistent Total Calculation,' saying the PUT endpoint's recalculation of the order total after lineitem updates might be inconsistent. This matches the stale aggregate concept, even though the expected result is that it should not be detected.",FALSE,,FALSE,,1,,,
SA_short_N1_test,js_fastify_sequelize,stale_aggregate,FALSE,update_lineitem modifies lineitem pricing fields AND recalculates orders.o_totalprice via SUM() in the same transaction. get_order reads o_totalprice which is always consistent.,"[
  {
    ""name"": ""Incorrect autoIncrement configuration"",
    ""detected"": true,
    ""description"": ""The Order model defines o_orderkey with autoIncrement: true, but the database schema does not specify autoincrement behavior. This could cause primary key conflicts when inserting orders.""
  },
  {
    ""name"": ""Missing foreign key constraint validation"",
    ""detected"": true,
    ""description"": ""The PUT /api/orders/:o_orderkey/lineitems/:l_linenumber endpoint updates lineitems without verifying that the referenced order exists, potentially creating orphaned lineitems.""
  },
  {
    ""name"": ""Inconsistent total price calculation"",
    ""detected"": true,
    ""description"": ""The PUT endpoint calculates total price as l_extendedprice * (1 - l_discount) * (1 + l_tax), while the POST endpoint uses the same formula but with different parentheses placement: l_extendedprice * (1 - l_discount) * (1 + l_tax). This could lead to different mathematical results due to operator precedence.""
  },
  {
    ""name"": ""Potential SQL injection vulnerability"",
    ""detected"": true,
    ""description"": ""The code uses raw SQL queries with string concatenation for INSERT statements in the POST endpoint (item properties directly inserted), which could be vulnerable to SQL injection if payload values contain malicious SQL code.""
  },
  {
    ""name"": ""Missing transaction isolation level"",
    ""detected"": true,
    ""description"": ""The transactions in PUT and POST endpoints don't specify isolation levels, which could lead to concurrency issues like dirty reads or non-repeatable reads when multiple operations modify the same order simultaneously.""
  }
]",FALSE,The reviewer does not describe a stale or inconsistent orders.o_totalprice caused by failing to recalculate aggregates after lineitem updates. Their mentions of total price formula consistency and transaction isolation are different issues.,FALSE,,FALSE,,1,,,
SA_short_N1_test,python_fastapi_rawsql,stale_aggregate,FALSE,update_lineitem modifies lineitem pricing fields AND recalculates orders.o_totalprice via SUM() in the same transaction. get_order reads o_totalprice which is always consistent.,"[
  {
    ""name"": ""Potential SQL Injection in UPDATE Lineitem"",
    ""detected"": true,
    ""description"": ""In update_lineitem endpoint, the UPDATE statement directly uses payload values without validation, which could allow SQL injection if malicious values are provided for l_extendedprice, l_discount, or l_tax.""
  },
  {
    ""name"": ""Missing Foreign Key Validation in Update Lineitem"",
    ""detected"": true,
    ""description"": ""The update_lineitem endpoint doesn't verify that the provided o_orderkey exists in the orders table before updating lineitem, potentially allowing updates to lineitems for non-existent orders.""
  },
  {
    ""name"": ""Inconsistent Total Price Calculation"",
    ""detected"": true,
    ""description"": ""The update_lineitem endpoint calculates order total using (l_extendedprice * (1 - l_discount) * (1 + l_tax)) while create_order uses the same formula, but this doesn't match the schema which stores o_totalprice as REAL without specifying it includes tax and discount.""
  },
  {
    ""name"": ""Missing Transaction Rollback on Error"",
    ""detected"": true,
    ""description"": ""In create_order endpoint, if an exception occurs during the lineitem inserts or total calculation, the transaction is not rolled back, leaving partial data committed.""
  },
  {
    ""name"": ""No Input Validation for Numeric Fields"",
    ""detected"": true,
    ""description"": ""The update_lineitem and create_order endpoints don't validate that numeric fields (l_extendedprice, l_discount, l_tax) are provided and are valid numbers before using them in SQL queries.""
  }
]",FALSE,"The reviewer does not describe a stale or inconsistent aggregate caused by update_lineitem and get_order. Their 'Inconsistent Total Price Calculation' finding is about formula/schema semantics, not failure to keep o_totalprice synchronized within the transaction.",FALSE,,FALSE,,1,,,
SA_short_N1_test,python_fastapi_sqlalchemy,stale_aggregate,FALSE,update_lineitem modifies lineitem pricing fields AND recalculates orders.o_totalprice via SUM() in the same transaction. get_order reads o_totalprice which is always consistent.,"[
  {
    ""name"": ""Database Session Management"",
    ""detected"": true,
    ""description"": ""The code manually creates and closes database sessions using SessionLocal() in each endpoint handler instead of using FastAPI's dependency injection system with get_db. This bypasses proper session lifecycle management and may lead to connection leaks or inconsistent session state.""
  },
  {
    ""name"": ""Missing Transaction Rollback on Exception"",
    ""detected"": true,
    ""description"": ""In the update_lineitem and create_order endpoints, explicit db.begin() calls are used but there's no try-except block to handle exceptions and rollback transactions. If an exception occurs after db.begin(), the transaction won't be properly rolled back before the finally block closes the session.""
  },
  {
    ""name"": ""Inconsistent JSON Response Format"",
    ""detected"": true,
    ""description"": ""The get_order endpoint returns JSON with keys prefixed with 'o_' while the update_lineitem endpoint returns keys prefixed with 'l_'. This creates an inconsistent API response format that may confuse consumers.""
  },
  {
    ""name"": ""Potential KeyError on Missing Payload Fields"",
    ""detected"": true,
    ""description"": ""In update_lineitem, the code directly accesses payload['l_extendedprice'], payload['l_discount'], and payload['l_tax'] without checking if these keys exist in the payload, which could cause KeyError exceptions.""
  },
  {
    ""name"": ""Floating Point Precision for Monetary Values"",
    ""detected"": true,
    ""description"": ""The code uses Float columns for monetary values (o_totalprice, l_extendedprice, l_discount, l_tax) which can lead to precision issues in financial calculations. Decimal types would be more appropriate for monetary values.""
  },
  {
    ""name"": ""Missing Input Validation"",
    ""detected"": true,
    ""description"": ""The create_order endpoint directly uses payload values without validation, including required fields like o_orderdate and lineitems. Missing validation could lead to database integrity issues or application errors.""
  }
]",FALSE,"The reviewer does not mention any issue about orders.o_totalprice becoming stale or inconsistent with lineitem updates. Their findings are about session management, rollback handling, response format, payload validation, float precision, and input validation.",FALSE,,FALSE,,1,,,
SA_short_N1_test,python_flask_rawsql,stale_aggregate,FALSE,update_lineitem modifies lineitem pricing fields AND recalculates orders.o_totalprice via SUM() in the same transaction. get_order reads o_totalprice which is always consistent.,"[
  {
    ""name"": ""Missing Foreign Key Check in LineItem Update"",
    ""detected"": true,
    ""description"": ""In the update_lineitem endpoint, the code checks if the lineitem exists but does not verify if the provided o_orderkey corresponds to an existing order. This could allow updating lineitems for non-existent orders, violating foreign key integrity.""
  },
  {
    ""name"": ""Inconsistent Total Price Calculation"",
    ""detected"": true,
    ""description"": ""The create_order endpoint calculates total price using (l_extendedprice * (1 - l_discount) * (1 + l_tax)), while update_lineitem uses the same formula. However, the orders table stores o_totalprice as REAL, and this calculation might not match the initial insert which sets o_totalprice=0, potentially causing data inconsistency.""
  },
  {
    ""name"": ""Missing Transaction Rollback on Error"",
    ""detected"": true,
    ""description"": ""In create_order, if an exception occurs during lineitem insertion or total calculation, the transaction is not rolled back. This could leave the database in an inconsistent state with a partially created order.""
  },
  {
    ""name"": ""No Input Validation for Numeric Fields"",
    ""detected"": true,
    ""description"": ""The update_lineitem endpoint directly uses payload values for l_extendedprice, l_discount, and l_tax without validation. This could lead to invalid data being stored (e.g., negative prices, discounts >1) or type conversion errors.""
  },
  {
    ""name"": ""Potential SQL Injection in Raw Queries"",
    ""detected"": false,
    ""description"": """"
  }
]",TRUE,"The reviewer incorrectly flags a matching concept via 'Inconsistent Total Price Calculation,' alleging data inconsistency around orders.o_totalprice and lineitem updates. This corresponds to the stale/incorrect aggregate concern, which should NOT be detected because the aggregate is recalculated consistently in the same transaction.",FALSE,,FALSE,The price is updated (without considering potential transactional behaviour) in the following part of the method...,1,,,
SA_short_N1_test,python_flask_sqlalchemy,stale_aggregate,FALSE,update_lineitem modifies lineitem pricing fields AND recalculates orders.o_totalprice via SUM() in the same transaction. get_order reads o_totalprice which is always consistent.,"[
  {
    ""name"": ""Missing Foreign Key Constraint Check"",
    ""detected"": true,
    ""description"": ""In the create_order endpoint, when adding LineItem records, there's no validation to ensure the referenced order (o_orderkey) exists before insertion. While the foreign key constraint in the database would eventually catch this, the code should validate existence first for better error handling.""
  },
  {
    ""name"": ""Inconsistent Total Price Calculation"",
    ""detected"": true,
    ""description"": ""The total price calculation formula (l_extendedprice * (1 - l_discount) * (1 + l_tax)) is used in both update_lineitem and create_order endpoints. However, this formula doesn't match typical accounting practices where tax is usually applied after discount, but the specific calculation should be verified against business requirements.""
  },
  {
    ""name"": ""Potential Data Type Precision Issues"",
    ""detected"": true,
    ""description"": ""The code uses Float columns for monetary values (o_totalprice, l_extendedprice, l_discount, l_tax). Floating-point types can cause precision issues with monetary calculations. Decimal types would be more appropriate for exact arithmetic.""
  },
  {
    ""name"": ""Missing Transaction Boundaries"",
    ""detected"": true,
    ""description"": ""The update_lineitem endpoint performs multiple database operations (update, query, update) without explicit transaction control. While the code uses commit/rollback, it doesn't use an explicit transaction block, which could lead to partial updates in case of errors.""
  },
  {
    ""name"": ""Incomplete Error Handling"",
    ""detected"": true,
    ""description"": ""Both update_lineitem and create_order endpoints catch Exception and rollback, but then re-raise the exception without proper handling. This will result in 500 errors without meaningful error messages to the client.""
  }
]",FALSE,"The reviewer does not claim that orders.o_totalprice becomes stale or inconsistent because update_lineitem fails to recalculate it. Their 'Inconsistent Total Price Calculation' finding is about the formula/business logic, not stale aggregate maintenance.",FALSE,,FALSE,,1,,,
SA_short_N2_test,go_fiber_gorm,stale_aggregate,FALSE,"update_lineitem modifies lineitem pricing without recalculating anything, but get_order computes the total live via SUM() from lineitem rows instead of reading the denormalized column. Staleness is not observable. (o_totalprice is not present in the db schema)","[
  {
    ""name"": ""Unnecessary Transaction Rollback on Order Not Found"",
    ""detected"": true,
    ""description"": ""In the GET /api/orders endpoint, when an order is not found (order.OOrderkey == 0), the code calls tx.Rollback() before returning a 404. However, since no writes occurred, this rollback is unnecessary and could be replaced with a simple return.""
  },
  {
    ""name"": ""Potential Float Precision Issue in Total Calculation"",
    ""detected"": true,
    ""description"": ""In the GET /api/orders endpoint, the total calculation uses COALESCE(SUM(l_extendedprice * (1 - l_discount) * (1 + l_tax)), 0). This might lead to precision issues due to floating-point arithmetic, especially for large sums.""
  },
  {
    ""name"": ""Inconsistent Error Handling in PUT Endpoint"",
    ""detected"": true,
    ""description"": ""In the PUT /api/orders/:o_orderkey/lineitems/:l_linenumber endpoint, the code checks for the existence of a lineitem by scanning into a struct and then checks if existing.LOrderkey == 0. This approach might not be reliable if the lineitem exists but has a zero value for LOrderkey (though unlikely due to foreign key constraints).""
  },
  {
    ""name"": ""Unnecessary Map Parsing in PUT Endpoint"",
    ""detected"": true,
    ""description"": ""In the PUT endpoint, the code parses the body into a map[string]interface{} and then extracts fields using toFloat64. This is error-prone and inefficient; it would be better to use a structured payload with proper JSON tags and validation.""
  },
  {
    ""name"": ""Missing Foreign Key Check in PUT Endpoint"",
    ""detected"": true,
    ""description"": ""The PUT endpoint updates a lineitem without verifying that the provided o_orderkey exists in the orders table. While the foreign key constraint might enforce this at the database level, the code does not handle potential foreign key violation errors gracefully.""
  },
  {
    ""name"": ""Redundant Query After Update"",
    ""detected"": true,
    ""description"": ""In the PUT endpoint, after updating the lineitem, the code performs a separate SELECT query to fetch the updated row. This is redundant; the same information could be returned by using RETURNING clause (if supported) or by constructing the response from the update payload.""
  }
]",FALSE,"The reviewer does not claim that order totals become stale due to lineitem updates without aggregate recalculation. They only mention float precision in the live SUM() calculation, which is a different issue.",FALSE,,FALSE,,1,,,
SA_short_N2_test,go_fiber_rawsql,stale_aggregate,FALSE,"update_lineitem modifies lineitem pricing without recalculating anything, but get_order computes the total live via SUM() from lineitem rows instead of reading the denormalized column. Staleness is not observable. (o_totalprice is not present in the db schema)","[
  {
    ""name"": ""Unnecessary Transaction for Read-Only Query"",
    ""detected"": true,
    ""description"": ""In the GET /api/orders/:o_orderkey endpoint, a transaction is used for read-only queries (SELECT statements). This adds unnecessary overhead since no data modification occurs. The transaction should be removed and replaced with direct queries.""
  },
  {
    ""name"": ""Missing Foreign Key Validation on Update"",
    ""detected"": true,
    ""description"": ""In the PUT /api/orders/:o_orderkey/lineitems/:l_linenumber endpoint, the code updates a lineitem without verifying that the referenced order exists. This could violate the foreign key constraint if the order was deleted, causing an error. The order should be checked before updating the lineitem.""
  },
  {
    ""name"": ""Unsafe Type Casting for Payload Data"",
    ""detected"": true,
    ""description"": ""In the PUT endpoint, payload values (l_extendedprice, l_discount, l_tax) are directly passed into the SQL query without type validation. This could cause runtime errors or SQL injection if the payload contains non-numeric values. The values should be validated and converted to the appropriate types.""
  },
  {
    ""name"": ""Redundant Query After Update"",
    ""detected"": true,
    ""description"": ""In the PUT endpoint, after updating the lineitem, the code performs a SELECT query to fetch the updated row. This is redundant because the UPDATE operation already has the data. The updated values can be returned directly using RETURNING (if supported) or by using the payload data after validation.""
  },
  {
    ""name"": ""Database Connection Per Request"",
    ""detected"": true,
    ""description"": ""Each request opens a new database connection via getDB(), which is inefficient and may lead to connection pool exhaustion under high load. A connection pool should be initialized once and reused across requests.""
  }
]",FALSE,"The expected issue should not be detected, and the reviewer does not mention stale or denormalized order totals, missing recalculation after lineitem updates, or any aggregate inconsistency. Their findings are about transactions, FK validation, type casting, redundant queries, and connection handling.",FALSE,,FALSE,,1,,,
SA_short_N2_test,go_gin_gorm,stale_aggregate,FALSE,"update_lineitem modifies lineitem pricing without recalculating anything, but get_order computes the total live via SUM() from lineitem rows instead of reading the denormalized column. Staleness is not observable. (o_totalprice is not present in the db schema)","[
  {
    ""name"": ""Inconsistent Transaction Rollback"",
    ""detected"": true,
    ""description"": ""In the GET endpoint, after checking RowsAffected, the code uses tx.Exec(\""ROLLBACK\"") instead of tx.Rollback(). This is inconsistent with other rollback calls and may not properly handle the transaction state.""
  },
  {
    ""name"": ""Unnecessary Transaction Commit"",
    ""detected"": true,
    ""description"": ""In the GET endpoint, the code explicitly calls tx.Exec(\""COMMIT\"") after the read operations. Since the transaction only contains read queries, this commit is unnecessary and adds overhead.""
  },
  {
    ""name"": ""Incorrect Error Handling for Commit"",
    ""detected"": true,
    ""description"": ""In the PUT endpoint, the commit error check includes 'err != sql.ErrTxDone'. This condition is redundant because if tx.Commit() returns an error, it should be handled regardless of whether it's ErrTxDone.""
  },
  {
    ""name"": ""Missing Foreign Key Validation"",
    ""detected"": true,
    ""description"": ""In the PUT endpoint, when updating a lineitem, there's no validation to ensure the provided o_orderkey exists in the orders table, which violates the foreign key constraint assumption in the schema.""
  },
  {
    ""name"": ""Potential Data Type Mismatch"",
    ""detected"": true,
    ""description"": ""The l_extendedprice, l_discount, and l_tax fields in Lineitem are defined as REAL in the schema but mapped to float64 in Go. While SQLite REAL maps to float64, this might cause precision issues in calculations.""
  }
]",FALSE,"The reviewer does not mention any stale or denormalized aggregate/total-price issue. Their findings are about transaction handling, foreign key validation, and type precision, so they correctly do not flag this non-issue.",FALSE,,FALSE,,1,,,
SA_short_N2_test,go_gin_rawsql,stale_aggregate,FALSE,"update_lineitem modifies lineitem pricing without recalculating anything, but get_order computes the total live via SUM() from lineitem rows instead of reading the denormalized column. Staleness is not observable. (o_totalprice is not present in the db schema)","[
  {
    ""name"": ""Unnecessary Transaction in Read-Only Query"",
    ""detected"": true,
    ""description"": ""In getOrder(), a transaction is used for a read-only query that only performs SELECT operations. This adds unnecessary overhead since no data modification occurs. The transaction should be removed and replaced with direct queries.""
  },
  {
    ""name"": ""Missing Foreign Key Validation"",
    ""detected"": true,
    ""description"": ""In updateLineitem(), the code checks if a lineitem exists but doesn't validate if the provided oOrderkey corresponds to an existing order in the orders table. This could allow updating lineitems for non-existent orders, violating foreign key constraints at the database level.""
  },
  {
    ""name"": ""Inconsistent Error Handling"",
    ""detected"": true,
    ""description"": ""In getOrder(), when strconv.Atoi fails, it returns 'Order not found' error, but in updateLineitem(), the same error returns 'Line item not found'. This inconsistency in error messages could confuse API consumers about what entity wasn't found.""
  },
  {
    ""name"": ""Unused Transaction Rollback"",
    ""detected"": true,
    ""description"": ""In multiple places, tx.Rollback() is called but its error return value is ignored. While not critical for SQLite, this could hide potential rollback failures in other database systems and should be properly handled.""
  },
  {
    ""name"": ""Missing Payload Validation"",
    ""detected"": true,
    ""description"": ""In updateLineitem(), the JSON payload is bound without validation for required fields (l_extendedprice, l_discount, l_tax). If these fields are missing from the payload, the UPDATE statement will use zero values without error checking, potentially creating inconsistent data.""
  }
]",FALSE,"The reviewer does not mention stale or denormalized order totals, missing aggregate recalculation, or any issue about totals becoming inconsistent after updateLineitem(). Their findings are about transactions, foreign key validation, error handling, rollback handling, and payload validation.",FALSE,,FALSE,,1,,,
SA_short_N2_test,js_express_rawsql,stale_aggregate,FALSE,"update_lineitem modifies lineitem pricing without recalculating anything, but get_order computes the total live via SUM() from lineitem rows instead of reading the denormalized column. Staleness is not observable. (o_totalprice is not present in the db schema)","[
  {
    ""name"": ""Unused runInTransaction Function"",
    ""detected"": true,
    ""description"": ""The function 'runInTransaction' is defined but never used in the code. The endpoints manually manage transactions instead.""
  },
  {
    ""name"": ""Transaction Rollback Inconsistency"",
    ""detected"": true,
    ""description"": ""In the GET endpoint, if the order is not found, the code performs a ROLLBACK but then returns a 404 response. This rollback is unnecessary since no changes were made in the transaction.""
  },
  {
    ""name"": ""Missing Foreign Key Validation"",
    ""detected"": true,
    ""description"": ""In the PUT endpoint, the code does not verify that the provided o_orderkey exists in the orders table before updating the lineitem. This could lead to orphaned line items.""
  },
  {
    ""name"": ""Potential SQL Injection Risk"",
    ""detected"": true,
    ""description"": ""The PUT endpoint directly uses payload fields in SQL queries without validation. While better-sqlite3 uses parameterized queries, the lack of input validation could lead to unexpected behavior if non-numeric values are provided for numeric fields.""
  }
]",FALSE,"The reviewer does not mention any issue about stale order totals, denormalized aggregates, or failure to recalculate totals after lineitem updates. Their findings are unrelated.",FALSE,,FALSE,,1,,,
SA_short_N2_test,js_express_sequelize,stale_aggregate,FALSE,"update_lineitem modifies lineitem pricing without recalculating anything, but get_order computes the total live via SUM() from lineitem rows instead of reading the denormalized column. Staleness is not observable. (o_totalprice is not present in the db schema)","[
  {
    ""name"": ""Unused Sequelize Models"",
    ""detected"": true,
    ""description"": ""The code defines Sequelize models 'Order' and 'Lineitem' but never uses them. Instead, it uses raw SQL queries throughout the endpoints, making the model definitions redundant and potentially confusing.""
  },
  {
    ""name"": ""Inconsistent Transaction Handling in GET Endpoint"",
    ""detected"": true,
    ""description"": ""In the GET endpoint '/api/orders/:o_orderkey', the transaction is rolled back when the order is not found (404), but committed only on success. This is unnecessary because no data is modified in a GET request, and the transaction should be rolled back immediately after the read operation to avoid holding the transaction open longer than needed.""
  },
  {
    ""name"": ""Missing Foreign Key Check in PUT Endpoint"",
    ""detected"": true,
    ""description"": ""In the PUT endpoint '/api/orders/:o_orderkey/lineitems/:l_linenumber', there is no check to ensure that the provided 'o_orderkey' exists in the 'orders' table before updating the lineitem. This could lead to orphaned lineitem records if the order does not exist.""
  },
  {
    ""name"": ""Potential SQL Injection in PUT Endpoint"",
    ""detected"": true,
    ""description"": ""The PUT endpoint uses raw SQL with replacements for parameters, which is generally safe. However, the payload values (l_extendedprice, l_discount, l_tax) are directly inserted into the query without validation or type checking, which could lead to SQL injection if the input is not properly sanitized or if the replacements mechanism fails.""
  }
]",FALSE,"The reviewer does not mention stale or unrecalculated order totals, denormalized aggregates, or any issue about lineitem updates not propagating to an order total. Their findings are about unused models, transaction handling, foreign key checks, and SQL injection.",FALSE,,FALSE,,1,,,
SA_short_N2_test,js_fastify_rawsql,stale_aggregate,FALSE,"update_lineitem modifies lineitem pricing without recalculating anything, but get_order computes the total live via SUM() from lineitem rows instead of reading the denormalized column. Staleness is not observable. (o_totalprice is not present in the db schema)","[
  {
    ""name"": ""Database Connection Handling"",
    ""detected"": true,
    ""description"": ""The code creates and closes database connections for each request, which is inefficient. Connections should be reused via a pool or shared connection for better performance in production environments.""
  },
  {
    ""name"": ""Transaction Scope Mismanagement"",
    ""detected"": true,
    ""description"": ""In the GET endpoint, a transaction is started but only used for read operations. The ROLLBACK on error and COMMIT on success are unnecessary for read-only queries and add overhead.""
  },
  {
    ""name"": ""Potential SQL Injection"",
    ""detected"": true,
    ""description"": ""The PUT endpoint uses payload fields directly in SQL queries without validation or sanitization. This could allow SQL injection if malicious input is provided in l_extendedprice, l_discount, or l_tax.""
  },
  {
    ""name"": ""Missing Foreign Key Check"",
    ""detected"": true,
    ""description"": ""The PUT endpoint does not verify that the provided o_orderkey exists in the orders table before updating lineitem, which could lead to orphaned lineitem records if the order doesn't exist.""
  },
  {
    ""name"": ""Type Conversion Risk"",
    ""detected"": true,
    ""description"": ""The code uses Number() conversion on route parameters without validation. This could result in NaN values being passed to SQL queries if non-numeric parameters are provided.""
  }
]",FALSE,"The reviewer does not mention stale or denormalized aggregate data, missing recalculation of order totals, or any issue about totals becoming inconsistent after updating lineitems.",FALSE,,FALSE,,1,,,
SA_short_N2_test,js_fastify_sequelize,stale_aggregate,FALSE,"update_lineitem modifies lineitem pricing without recalculating anything, but get_order computes the total live via SUM() from lineitem rows instead of reading the denormalized column. Staleness is not observable. (o_totalprice is not present in the db schema)","[
  {
    ""name"": ""Unused Sequelize Models"",
    ""detected"": true,
    ""description"": ""The code defines Sequelize models 'Order' and 'Lineitem' but never uses them, instead using raw SQL queries throughout. This creates inconsistency and misses out on Sequelize's built-in validation and type safety.""
  },
  {
    ""name"": ""Transaction Rollback on Read Operation"",
    ""detected"": true,
    ""description"": ""The GET endpoint '/api/orders/:o_orderkey' unnecessarily uses a transaction for read-only operations and rolls it back when the order is not found, which is inefficient and inappropriate for read-only queries.""
  },
  {
    ""name"": ""Missing Foreign Key Validation"",
    ""detected"": true,
    ""description"": ""The PUT endpoint '/api/orders/:o_orderkey/lineitems/:l_linenumber' does not verify that the provided o_orderkey exists in the orders table before updating the lineitem, potentially violating referential integrity.""
  },
  {
    ""name"": ""Inconsistent Error Handling"",
    ""detected"": true,
    ""description"": ""The PUT endpoint checks if a lineitem exists but does not validate if the order exists, leading to potential orphaned lineitem updates if the order key is invalid.""
  },
  {
    ""name"": ""Unnecessary Data Retrieval After Update"",
    ""detected"": true,
    ""description"": ""The PUT endpoint performs an additional SELECT query to fetch the updated lineitem after the UPDATE, which is redundant since the update already contains the new values and the database returns the updated row in SQLite with 'RETURNING' not used.""
  }
]",FALSE,"The reviewer does not mention stale order totals, denormalized aggregates, or failure to recalculate totals after lineitem updates. Their findings are about model usage, transactions, foreign key/order validation, error handling, and extra SELECTs.",FALSE,,FALSE,,1,,,
SA_short_N2_test,python_fastapi_rawsql,stale_aggregate,FALSE,"update_lineitem modifies lineitem pricing without recalculating anything, but get_order computes the total live via SUM() from lineitem rows instead of reading the denormalized column. Staleness is not observable. (o_totalprice is not present in the db schema)","[
  {
    ""name"": ""Missing Foreign Key Check in Update"",
    ""detected"": true,
    ""description"": ""In the update_lineitem endpoint, the code checks if the lineitem exists but does not verify if the provided o_orderkey corresponds to an existing order. This violates the foreign key constraint assumption and could allow updating lineitems for non-existent orders.""
  },
  {
    ""name"": ""Inconsistent Transaction Handling in GET"",
    ""detected"": true,
    ""description"": ""The get_order endpoint uses BEGIN/ROLLBACK/COMMIT for a read-only operation. This is unnecessary and inefficient, as no data modification occurs. It should use read transactions or remove transaction blocks entirely.""
  },
  {
    ""name"": ""Potential KeyError in Update Payload"",
    ""detected"": true,
    ""description"": ""The update_lineitem endpoint accesses payload['l_extendedprice'], payload['l_discount'], and payload['l_tax'] directly without checking if these keys exist in the payload. This could cause a KeyError if any of these fields are missing.""
  },
  {
    ""name"": ""Synchronous Database Operations in Async Context"",
    ""detected"": true,
    ""description"": ""The code uses sqlite3.connect which is synchronous and blocking. In an async FastAPI application, this can block the event loop and degrade performance. It should use an async database driver or run database operations in a thread pool.""
  }
]",FALSE,"The reviewer does not mention any issue about stale denormalized order totals or failure to recalculate aggregates after updating lineitems. Their findings are about foreign key validation, transaction usage, payload key access, and sync DB calls.",FALSE,,FALSE,,1,,,
SA_short_N2_test,python_fastapi_sqlalchemy,stale_aggregate,FALSE,"update_lineitem modifies lineitem pricing without recalculating anything, but get_order computes the total live via SUM() from lineitem rows instead of reading the denormalized column. Staleness is not observable. (o_totalprice is not present in the db schema)","[
  {
    ""name"": ""Transaction Rollback on Non-Existent Order"",
    ""detected"": true,
    ""description"": ""In get_order endpoint, transaction.rollback() is called when an order is not found, but no transaction was actually started for the query that returned None. This creates an unnecessary rollback call on a transaction that hasn't begun.""
  },
  {
    ""name"": ""Inconsistent Transaction Handling in Update"",
    ""detected"": true,
    ""description"": ""In update_lineitem endpoint, the code calls db.commit() instead of transaction.commit() after the update operation, creating an inconsistency with the transaction object that was initially started and potentially causing commit/rollback state mismatch.""
  },
  {
    ""name"": ""Missing Foreign Key Validation in Update"",
    ""detected"": true,
    ""description"": ""The update_lineitem endpoint does not verify that the provided o_orderkey exists in the orders table before updating the lineitem, potentially allowing updates to lineitems referencing non-existent orders.""
  },
  {
    ""name"": ""Unsafe Payload Processing"",
    ""detected"": true,
    ""description"": ""In update_lineitem endpoint, the payload is directly accessed without checking if the required keys ('l_extendedprice', 'l_discount', 'l_tax') exist in the JSON payload, which could cause KeyError exceptions.""
  }
]",FALSE,"The reviewer does not mention any issue about stale order totals, denormalized aggregates, or failure to recalculate totals after updating lineitems. Their findings are about transaction handling, foreign key validation, and payload processing instead.",FALSE,,FALSE,,1,,,
SA_short_N2_test,python_flask_rawsql,stale_aggregate,FALSE,"update_lineitem modifies lineitem pricing without recalculating anything, but get_order computes the total live via SUM() from lineitem rows instead of reading the denormalized column. Staleness is not observable. (o_totalprice is not present in the db schema)","[
  {
    ""name"": ""Unnecessary Explicit Transactions"",
    ""detected"": true,
    ""description"": ""In the get_order endpoint, explicit BEGIN/COMMIT/ROLLBACK statements are used for a read-only operation. This adds overhead since SQLite transactions for reads are handled automatically and the explicit transaction blocks other writers unnecessarily.""
  },
  {
    ""name"": ""Missing Transaction Rollback on Error"",
    ""detected"": true,
    ""description"": ""In the update_lineitem endpoint, if the UPDATE statement fails (e.g., due to constraint violation), the code does not call ROLLBACK before returning. This leaves the transaction open, which could cause connection pool issues and inconsistent state.""
  },
  {
    ""name"": ""Missing Input Validation"",
    ""detected"": true,
    ""description"": ""In the update_lineitem endpoint, the payload fields ('l_extendedprice', 'l_discount', 'l_tax') are accessed directly without checking if they exist in the JSON payload. This will raise a KeyError if any field is missing.""
  },
  {
    ""name"": ""Inconsistent Transaction Handling"",
    ""detected"": true,
    ""description"": ""The get_order endpoint uses db.execute() for transaction control (BEGIN/COMMIT/ROLLBACK), while update_lineitem uses db.commit(). This inconsistency suggests mixing different transaction control methods, which could lead to confusion and errors.""
  }
]",FALSE,"The reviewer does not mention any issue about lineitem updates causing a stale order total or denormalized aggregate not being recalculated. Their findings are about transaction handling and input validation, so they correctly do not flag this non-issue.",FALSE,,FALSE,,1,,,
SA_short_N2_test,python_flask_sqlalchemy,stale_aggregate,FALSE,"update_lineitem modifies lineitem pricing without recalculating anything, but get_order computes the total live via SUM() from lineitem rows instead of reading the denormalized column. Staleness is not observable. (o_totalprice is not present in the db schema)","[
  {
    ""name"": ""Unnecessary Transaction in GET"",
    ""detected"": true,
    ""description"": ""In the get_order endpoint, a transaction is explicitly started with `trans = db.begin()` and committed/rolled back. However, read operations in SQLite do not require explicit transactions, and this adds unnecessary overhead. The transaction should be removed for read-only endpoints.""
  },
  {
    ""name"": ""Potential KeyError on Update"",
    ""detected"": true,
    ""description"": ""In the update_lineitem endpoint, the payload is accessed directly without checking if the keys ('l_extendedprice', 'l_discount', 'l_tax') exist. This could cause a KeyError if the payload is missing any of these fields. The code should validate the payload before accessing these keys.""
  },
  {
    ""name"": ""Inconsistent Transaction Handling"",
    ""detected"": true,
    ""description"": ""The update_lineitem endpoint starts a transaction with `trans = db.begin()` but does not use it for rollback in the error case. Instead, it calls `db.commit()` directly. This inconsistency could lead to uncommitted changes or errors. The transaction object should be used consistently for both commit and rollback.""
  }
]",FALSE,"The reviewer does not mention any stale aggregate or missing recalculation of order totals after lineitem updates. Their findings are about transactions and payload validation, so they correctly do not flag this non-issue.",FALSE,,FALSE,,1,,,
SA_short_N3_test,go_fiber_gorm,stale_aggregate,FALSE,"ship_lineitem updates l_shipdate and then recalculates o_latest_shipdate as MAX(l_shipdate) across all lineitems for that order. get_order reads o_latest_shipdate, which is always up to date after the recalculation.","[
  {
    ""name"": ""Unused Query Result"",
    ""detected"": true,
    ""description"": ""In shipLineitem, the query result for checking existence is stored in 'existing' but then ignored. A subsequent query uses RowsAffected incorrectly and assigns to an unused variable, indicating logic confusion.""
  },
  {
    ""name"": ""Incorrect RowsAffected Usage"",
    ""detected"": true,
    ""description"": ""In shipLineitem, RowsAffected is used directly as a value (assigned to 'count') instead of checking the result from the Scan operation. This is incorrect because RowsAffected returns the number of rows affected by an update/delete, not a count from a SELECT.""
  },
  {
    ""name"": ""Potential NULL Update"",
    ""detected"": true,
    ""description"": ""In shipLineitem, the update to orders sets o_latest_shipdate to latestRow.Latest, which might be NULL if no lineitems exist (though unlikely in context). This could set o_latest_shipdate to NULL unexpectedly.""
  },
  {
    ""name"": ""Redundant Query"",
    ""detected"": true,
    ""description"": ""In shipLineitem, there are two redundant SELECT queries checking for the same lineitem existence: one using Scan into 'existing' and another using RowsAffected. The second existence check (using Scan into existsCheck) is sufficient and the first two queries are unnecessary.""
  }
]",FALSE,"The reviewer does not claim that o_latest_shipdate becomes stale or that the aggregate is not properly recalculated after updating l_shipdate. Their findings are about unused query results, incorrect RowsAffected usage, possible NULL assignment, and redundant queries.",FALSE,,FALSE,,1,,,
SA_short_N3_test,go_fiber_rawsql,stale_aggregate,FALSE,"ship_lineitem updates l_shipdate and then recalculates o_latest_shipdate as MAX(l_shipdate) across all lineitems for that order. get_order reads o_latest_shipdate, which is always up to date after the recalculation.","[
  {
    ""name"": ""Potential Foreign Key Constraint Violation"",
    ""detected"": true,
    ""description"": ""In shipLineitem, the code updates lineitem.l_shipdate without verifying the existence of the corresponding order in the orders table. This could lead to a foreign key constraint violation if the order doesn't exist, but SQLite foreign key enforcement is disabled by default and not explicitly enabled in the code.""
  },
  {
    ""name"": ""Inconsistent NULL Handling in Update"",
    ""detected"": true,
    ""description"": ""In shipLineitem, when updating orders.o_latest_shipdate, the code uses latest.String from a sql.NullString. If MAX(l_shipdate) returns NULL (e.g., when all lineitems have NULL shipdate), latest.String will be an empty string, which might not be the intended behavior for a NULL date.""
  },
  {
    ""name"": ""Database Connection Overhead"",
    ""detected"": true,
    ""description"": ""Both shipLineitem and getOrder create and close a new database connection on every request. This is inefficient for handling multiple requests and can lead to performance issues under load, as establishing a connection is expensive.""
  }
]",FALSE,"The reviewer does not claim that o_latest_shipdate becomes stale or that getOrder reads an out-of-date aggregate. Their findings are about foreign key enforcement, NULL handling, and connection overhead, which are different issues.",FALSE,,FALSE,,1,,,
SA_short_N3_test,go_gin_gorm,stale_aggregate,FALSE,"ship_lineitem updates l_shipdate and then recalculates o_latest_shipdate as MAX(l_shipdate) across all lineitems for that order. get_order reads o_latest_shipdate, which is always up to date after the recalculation.","[
  {
    ""name"": ""Potential Null Pointer Dereference"",
    ""detected"": true,
    ""description"": ""In the POST endpoint, when updating the orders table with latest.Latest, the code doesn't check if latest.Latest is nil. If all lineitems for an order have null l_shipdate, MAX(l_shipdate) returns null which could cause issues when updating o_latest_shipdate.""
  },
  {
    ""name"": ""Inconsistent Table Querying"",
    ""detected"": true,
    ""description"": ""The GET endpoint uses db.Table(\""orders\"") with explicit column selection while the Order struct has TableName() defined. This creates inconsistency - either use the struct with db.Model(&Order{}) or be consistent with table queries throughout.""
  },
  {
    ""name"": ""Unnecessary Transaction Rollback on Read"",
    ""detected"": true,
    ""description"": ""In the POST endpoint, the SELECT MAX(l_shipdate) query is performed within the transaction and calls Rollback on error. Since this is a read operation, rolling back the transaction for a read failure is unnecessary and could complicate transaction handling.""
  }
]",FALSE,"The reviewer does not claim that o_latest_shipdate becomes stale or that the aggregate is not properly recalculated after updating l_shipdate. Their comments are about null handling, query style consistency, and rollback behavior, which are different issues.",FALSE,,FALSE,,1,,,
SA_short_N3_test,go_gin_rawsql,stale_aggregate,FALSE,"ship_lineitem updates l_shipdate and then recalculates o_latest_shipdate as MAX(l_shipdate) across all lineitems for that order. get_order reads o_latest_shipdate, which is always up to date after the recalculation.","[
  {
    ""name"": ""Potential Foreign Key Constraint Violation"",
    ""detected"": true,
    ""description"": ""In shipLineitem, the code checks for lineitem existence but doesn't verify the corresponding order exists. This could lead to updating lineitems for non-existent orders, violating the foreign key constraint.""
  },
  {
    ""name"": ""Inconsistent Error Handling"",
    ""detected"": true,
    ""description"": ""In shipLineitem, invalid o_orderkey parameter returns 'Line item not found' error instead of 'Invalid order key'. This creates confusing error messages for users.""
  },
  {
    ""name"": ""Null Handling Inconsistency"",
    ""detected"": true,
    ""description"": ""In shipLineitem, when latest_shipdate is null, the code passes nil to UPDATE, but SQLite may not properly handle NULL values when passed as interface{} with Exec.""
  },
  {
    ""name"": ""Missing Order Validation in Update"",
    ""detected"": true,
    ""description"": ""In shipLineitem, the code updates orders.o_latest_shipdate without verifying that the order exists, which could result in updating non-existent orders.""
  }
]",FALSE,"The reviewer does not mention any issue about o_latest_shipdate becoming stale or aggregate recalculation being incorrect. Their findings are about foreign key/order validation, error handling, and NULL handling, so they correctly do not flag this non-issue.",FALSE,,FALSE,,1,,,
SA_short_N3_test,js_express_rawsql,stale_aggregate,FALSE,"ship_lineitem updates l_shipdate and then recalculates o_latest_shipdate as MAX(l_shipdate) across all lineitems for that order. get_order reads o_latest_shipdate, which is always up to date after the recalculation.","[
  {
    ""name"": ""Potential SQL Injection in GET /api/orders/:o_orderkey"",
    ""detected"": false,
    ""description"": """"
  },
  {
    ""name"": ""Potential SQL Injection in POST /api/orders/:o_orderkey/lineitems/:l_linenumber/ship"",
    ""detected"": false,
    ""description"": """"
  },
  {
    ""name"": ""Missing Transaction Error Handling"",
    ""detected"": true,
    ""description"": ""The transaction in the ship endpoint doesn't handle potential errors. If any of the SQL statements fail, the transaction will throw an exception that isn't caught, potentially crashing the server.""
  },
  {
    ""name"": ""Inconsistent Date Handling"",
    ""detected"": true,
    ""description"": ""The code uses ISO date strings (YYYY-MM-DD) for comparison and storage, but the MAX() function on l_shipdate (TEXT type) uses string comparison which may not correctly handle date ordering across different formats.""
  },
  {
    ""name"": ""Database Connection Management"",
    ""detected"": true,
    ""description"": ""The database connection is created once and stored in app.locals, but there's no mechanism to handle database connection errors or reconnect if the connection is lost during application runtime.""
  },
  {
    ""name"": ""Missing Order Existence Check"",
    ""detected"": true,
    ""description"": ""In the ship endpoint, the code checks if the lineitem exists but doesn't verify that the corresponding order exists before attempting to update o_latest_shipdate.""
  }
]",FALSE,The reviewer does not claim that o_latest_shipdate becomes stale or that the aggregate is not kept in sync after updating l_shipdate. Their comments about date handling and missing order existence are different issues.,FALSE,,FALSE,,1,,,
SA_short_N3_test,js_express_sequelize,stale_aggregate,FALSE,"ship_lineitem updates l_shipdate and then recalculates o_latest_shipdate as MAX(l_shipdate) across all lineitems for that order. get_order reads o_latest_shipdate, which is always up to date after the recalculation.","[
  {
    ""name"": ""Inconsistent ORM and Raw Query Usage"",
    ""detected"": true,
    ""description"": ""The code mixes Sequelize ORM models with raw SQL queries. The Order and Lineitem models are defined but not used in the /api/orders/:o_orderkey/lineitems/:l_linenumber/ship endpoint, which uses raw queries instead. This bypasses Sequelize's validation and hooks, potentially leading to data inconsistency.""
  },
  {
    ""name"": ""Potential SQL Injection Risk"",
    ""detected"": true,
    ""description"": ""The /api/orders/:o_orderkey endpoint uses raw SQL queries with string concatenation for the table name. While parameters are properly handled with replacements, the table name is hardcoded, but if it were dynamic, it could be vulnerable. However, in this specific code, the table name is static, so the risk is minimal but the pattern is questionable.""
  },
  {
    ""name"": ""Incorrect Handling of Composite Primary Key"",
    ""detected"": true,
    ""description"": ""The Lineitem model defines l_orderkey and l_linenumber as separate primaryKey: true fields, but Sequelize requires a single field for primaryKey. This should be defined as a composite primary key using primaryKey: true on both fields, but Sequelize does not support this natively. The current setup may cause issues with model operations.""
  },
  {
    ""name"": ""Missing Error Logging"",
    ""detected"": true,
    ""description"": ""The catch blocks in both endpoints return a 500 error but do not log the actual error (err). This makes debugging difficult in production environments as there is no record of what went wrong.""
  },
  {
    ""name"": ""Inefficient Query for Latest Ship Date"",
    ""detected"": true,
    ""description"": ""In the /ship endpoint, after updating the lineitem, a separate query is executed to find the MAX(l_shipdate) for the order. This could be optimized by using a subquery or a single update statement with a join, reducing the number of database roundtrips.""
  },
  {
    ""name"": ""Unused ORM Associations"",
    ""detected"": true,
    ""description"": ""The code defines associations between Order and Lineitem (hasMany and belongsTo) but does not use them. Instead, raw queries are used. This misses the opportunity to leverage Sequelize's ORM features for relationships, which could simplify code and reduce errors.""
  },
  {
    ""name"": ""Hardcoded Database Dialect"",
    ""detected"": true,
    ""description"": ""The Sequelize instance is hardcoded to use SQLite. While this is set via an environment variable for the database path, the dialect is fixed. This reduces portability if the application needs to switch to another database (e.g., PostgreSQL) in the future.""
  }
]",FALSE,"The reviewer does not claim that o_latest_shipdate becomes stale or inconsistent after ship_lineitem updates. They only mention inefficiency from using a separate MAX(l_shipdate) query, which is a performance concern, not the stale aggregate issue.",FALSE,,FALSE,,1,,,
SA_short_N3_test,js_fastify_rawsql,stale_aggregate,FALSE,"ship_lineitem updates l_shipdate and then recalculates o_latest_shipdate as MAX(l_shipdate) across all lineitems for that order. get_order reads o_latest_shipdate, which is always up to date after the recalculation.","[
  {
    ""name"": ""Database Connection Management"",
    ""detected"": true,
    ""description"": ""The code creates and closes database connections for each request, which is inefficient. Connections should be managed at the application level (e.g., using a connection pool) rather than per-request to avoid performance overhead.""
  },
  {
    ""name"": ""Missing Transaction"",
    ""detected"": true,
    ""description"": ""The /api/orders/:o_orderkey/lineitems/:l_linenumber/ship endpoint performs multiple database operations (SELECT, UPDATE, SELECT, UPDATE) without using a transaction. This could lead to data inconsistency if an error occurs between operations.""
  },
  {
    ""name"": ""Potential SQL Injection"",
    ""detected"": true,
    ""description"": ""The code uses string interpolation for SQL queries instead of parameterized queries. While better-sqlite3 uses parameterized statements correctly, the code should ensure all user inputs are properly sanitized to prevent SQL injection attacks.""
  },
  {
    ""name"": ""Date Handling"",
    ""detected"": true,
    ""description"": ""The code uses TEXT fields for dates (o_orderdate, o_latest_shipdate, l_shipdate) and relies on string comparison for MAX(l_shipdate). This may lead to incorrect results if date formats are not consistent or if timezone information is needed.""
  },
  {
    ""name"": ""Error Handling"",
    ""detected"": true,
    ""description"": ""The code lacks proper error handling for database operations. If any database operation fails (e.g., due to constraint violations), the error is not caught and handled appropriately, potentially leading to unhandled exceptions.""
  }
]",FALSE,"The reviewer does not claim that o_latest_shipdate becomes stale or that the aggregate is not properly recalculated after updating l_shipdate. Their 'Missing Transaction' note is about atomicity, not a stale aggregate bug.",FALSE,,FALSE,,1,,,
SA_short_N3_test,js_fastify_sequelize,stale_aggregate,FALSE,"ship_lineitem updates l_shipdate and then recalculates o_latest_shipdate as MAX(l_shipdate) across all lineitems for that order. get_order reads o_latest_shipdate, which is always up to date after the recalculation.","[
  {
    ""name"": ""Inconsistent Use of Sequelize Models"",
    ""detected"": true,
    ""description"": ""The code uses raw SQL queries for CRUD operations instead of leveraging Sequelize models (Order and Lineitem) that are already defined. This bypasses model validations, hooks, and associations, potentially leading to inconsistencies.""
  },
  {
    ""name"": ""Potential SQL Injection in Raw Queries"",
    ""detected"": true,
    ""description"": ""Although replacements are used, the code relies on raw SQL queries which are more error-prone and less maintainable compared to using Sequelize's built-in query methods. This increases the risk of SQL injection if replacements are mishandled in future modifications.""
  },
  {
    ""name"": ""Missing Foreign Key Constraint Enforcement"",
    ""detected"": true,
    ""description"": ""The POST endpoint updates lineitem without verifying the existence of the corresponding order in the orders table. This violates the foreign key constraint defined in the schema and may lead to orphaned records or runtime errors.""
  },
  {
    ""name"": ""Inefficient Query for Latest Ship Date"",
    ""detected"": true,
    ""description"": ""The code executes an additional query to fetch the MAX(l_shipdate) after updating a lineitem, which could be optimized by calculating the latest ship date within the same transaction using a subquery or application logic, reducing database roundtrips.""
  },
  {
    ""name"": ""No Handling of Concurrent Updates"",
    ""detected"": true,
    ""description"": ""The transaction in the POST endpoint does not handle potential race conditions if multiple requests update the same order's lineitems concurrently. This might result in an incorrect o_latest_shipdate due to non-atomic read-modify-write operations.""
  }
]",FALSE,"The reviewer does not claim that o_latest_shipdate becomes stale after recalculation. They mention concurrency/race conditions and inefficiency, which are different issues from a stale aggregate being incorrectly maintained in normal operation.",FALSE,,FALSE,,1,,,
SA_short_N3_test,python_fastapi_rawsql,stale_aggregate,FALSE,"ship_lineitem updates l_shipdate and then recalculates o_latest_shipdate as MAX(l_shipdate) across all lineitems for that order. get_order reads o_latest_shipdate, which is always up to date after the recalculation.","[
  {
    ""name"": ""Potential Foreign Key Constraint Violation"",
    ""detected"": true,
    ""description"": ""In the ship_lineitem endpoint, the code updates the lineitem table without first verifying the corresponding order exists. This could lead to updating lineitems for non-existent orders, violating the foreign key constraint if constraints were enforced.""
  },
  {
    ""name"": ""Inconsistent State After Update"",
    ""detected"": true,
    ""description"": ""The ship_lineitem endpoint updates the o_latest_shipdate in the orders table by calculating the MAX(l_shipdate) from lineitems. However, if the updated lineitem's shipdate is not the latest, this will incorrectly set the order's latest_shipdate to an older value.""
  },
  {
    ""name"": ""Database Connection Not Closed On Exception"",
    ""detected"": true,
    ""description"": ""The db_session_middleware does not close the database connection if an exception occurs during request processing. The finally block only closes the connection if no exception was raised, potentially leaving connections open.""
  }
]",TRUE,"The expected finding says this issue should NOT be detected, but the reviewer explicitly flags a stale/incorrect aggregate problem in 'Inconsistent State After Update,' claiming recalculation of o_latest_shipdate can set an older value. This matches the same core concept and is therefore an incorrect detection.",FALSE,,FALSE,,1,,,
SA_short_N3_test,python_fastapi_sqlalchemy,stale_aggregate,FALSE,"ship_lineitem updates l_shipdate and then recalculates o_latest_shipdate as MAX(l_shipdate) across all lineitems for that order. get_order reads o_latest_shipdate, which is always up to date after the recalculation.","[
  {
    ""name"": ""Potential Race Condition in Ship Date Update"",
    ""detected"": true,
    ""description"": ""In the ship_lineitem endpoint, the code queries for the latest ship date after updating the current line item but before committing. If another concurrent request updates a different line item in the same order between these operations, the calculated 'latest' value might be incorrect.""
  },
  {
    ""name"": ""Inconsistent Date Format Handling"",
    ""detected"": true,
    ""description"": ""The code uses date.today().isoformat() which produces YYYY-MM-DD format, but the schema stores dates as TEXT without specifying a format. This could lead to inconsistent date representations if other parts of the system use different formats.""
  },
  {
    ""name"": ""Unnecessary Initial Query"",
    ""detected"": true,
    ""description"": ""The initial query in ship_lineitem only checks for existence of l_orderkey but doesn't verify if the line item is already shipped. This results in an extra database roundtrip that could be avoided by combining the existence check with the update operation.""
  }
]",TRUE,"The expected finding says this issue should NOT be detected, but the reviewer explicitly flags a race condition causing the recalculated latest ship date to be incorrect after updating a line item. This matches the stale aggregate concept and is therefore an incorrect detection.",FALSE,,FALSE,,1,,,
SA_short_N3_test,python_flask_rawsql,stale_aggregate,FALSE,"ship_lineitem updates l_shipdate and then recalculates o_latest_shipdate as MAX(l_shipdate) across all lineitems for that order. get_order reads o_latest_shipdate, which is always up to date after the recalculation.","[
  {
    ""name"": ""Potential NULL Latest Ship Date"",
    ""detected"": true,
    ""description"": ""In the ship_lineitem endpoint, when updating the order's latest ship date, if all line items have NULL ship dates (including the one just updated), the MAX(l_shipdate) will return NULL. This will set o_latest_shipdate to NULL, which might not be intended behavior.""
  },
  {
    ""name"": ""Missing Transaction Rollback on Error"",
    ""detected"": true,
    ""description"": ""The ship_lineitem endpoint performs multiple database operations without proper transaction rollback handling. If any operation fails after the first UPDATE, the database could be left in an inconsistent state without rolling back previous changes.""
  },
  {
    ""name"": ""Inconsistent Date Format Handling"",
    ""detected"": true,
    ""description"": ""The code uses date.today().isoformat() which produces YYYY-MM-DD format, but the schema stores dates as TEXT without enforcing a specific format. This could lead to inconsistent date comparisons when using MAX() on l_shipdate if other dates are stored in different formats.""
  }
]",FALSE,The reviewer does not claim that o_latest_shipdate becomes stale because the aggregate is not recalculated or is out of sync with lineitem updates. Their comments about NULL results from MAX() and date-format issues are different root causes.,FALSE,,FALSE,,1,,,
SA_short_N3_test,python_flask_sqlalchemy,stale_aggregate,FALSE,"ship_lineitem updates l_shipdate and then recalculates o_latest_shipdate as MAX(l_shipdate) across all lineitems for that order. get_order reads o_latest_shipdate, which is always up to date after the recalculation.","[
  {
    ""name"": ""Potential Foreign Key Constraint Violation"",
    ""detected"": true,
    ""description"": ""In the ship_lineitem endpoint, the code updates the o_latest_shipdate in the orders table without verifying the order exists. If the lineitem exists but the referenced order doesn't (due to constraint violation or data inconsistency), the update will fail or create incorrect data.""
  },
  {
    ""name"": ""Inconsistent Date Handling"",
    ""detected"": true,
    ""description"": ""The code uses Text columns for date storage (o_orderdate, o_latest_shipdate, l_shipdate) instead of proper Date/DateTime types. This could lead to inconsistent date formatting and comparison issues when using SQL functions like MAX() on l_shipdate.""
  },
  {
    ""name"": ""Race Condition in Latest Ship Date Calculation"",
    ""detected"": true,
    ""description"": ""In ship_lineitem, the calculation of the maximum ship date and update of o_latest_shipdate occurs without transaction isolation. Concurrent updates to other lineitems in the same order could lead to incorrect o_latest_shipdate values.""
  }
]",TRUE,"The expected finding says this issue should NOT be detected, but the reviewer explicitly flags a 'Race Condition in Latest Ship Date Calculation' causing an incorrect o_latest_shipdate. That is the same core stale/incorrect aggregate concern, so they incorrectly detected it.",FALSE,,FALSE,,1,,,
SA_short_P1_test,go_fiber_gorm,stale_aggregate,TRUE,"update_lineitem modifies lineitem pricing fields (l_extendedprice, l_discount, l_tax) but does not recalculate orders.o_totalprice. get_order reads o_totalprice directly from the orders table, returning a stale value.","[
    {
        ""name"": ""Incorrect autoIncrement tag on Order primary key"",
        ""detected"": true,
        ""description"": ""The Order struct defines OOrderkey with 'autoIncrement' tag, but the database schema defines o_orderkey as INTEGER PRIMARY KEY without AUTOINCREMENT. This mismatch could cause issues with primary key generation in SQLite.""
    },
    {
        ""name"": ""Missing total price calculation in order creation"",
        ""detected"": true,
        ""description"": ""The POST /api/orders endpoint inserts orders with o_totalprice=0 initially, then updates it after inserting lineitems. However, the initial insert uses a hardcoded 0 value instead of calculating from lineitems, which creates a temporary inconsistent state.""
    },
    {
        ""name"": ""Potential SQL injection vulnerability"",
        ""detected"": true,
        ""description"": ""The code uses string concatenation for SQL queries in multiple places (db.Raw, tx.Exec) without proper parameterization for all variables. While some parameters are properly passed, the structure invites potential injection if not careful.""
    },
    {
        ""name"": ""Inconsistent error handling"",
        ""detected"": true,
        ""description"": ""Error handling is inconsistent across endpoints. Some return fiber errors with status codes, while others return raw database errors. This could expose internal database details to clients in some cases.""
    },
    {
        ""name"": ""Missing foreign key constraint validation"",
        ""detected"": true,
        ""description"": ""The lineitem table has a foreign key constraint to orders, but the code doesn't validate that referenced orders exist when creating or updating lineitems. This could lead to orphaned lineitems if orders are deleted.""
    }
]",FALSE,"The reviewer mentions order creation temporarily inserting o_totalprice=0, but does not identify the actual issue: updating lineitem pricing fields without recalculating orders.o_totalprice, causing get_order to return a stale aggregate.",FALSE,,FALSE,(?) Even if it's temporary,1,,,
SA_short_P1_test,go_fiber_rawsql,stale_aggregate,TRUE,"update_lineitem modifies lineitem pricing fields (l_extendedprice, l_discount, l_tax) but does not recalculate orders.o_totalprice. get_order reads o_totalprice directly from the orders table, returning a stale value.","[
  {
    ""name"": ""Potential SQL Injection in updateLineitem"",
    ""detected"": true,
    ""description"": ""In updateLineitem, the UPDATE query directly uses payload values without validation, which could allow SQL injection if malicious input is provided.""
  },
  {
    ""name"": ""Potential SQL Injection in createOrder"",
    ""detected"": true,
    ""description"": ""In createOrder, the INSERT queries for lineitems directly use payload values without validation, which could allow SQL injection if malicious input is provided.""
  },
  {
    ""name"": ""Missing Foreign Key Check in updateLineitem"",
    ""detected"": true,
    ""description"": ""In updateLineitem, the code checks if the lineitem exists but doesn't verify if the provided o_orderkey matches an existing order, potentially violating foreign key constraints.""
  },
  {
    ""name"": ""Type Assertion Without Validation in createOrder"",
    ""detected"": true,
    ""description"": ""In createOrder, lineitemsRaw is asserted as []interface{} and itemRaw as map[string]interface{} without proper type checking, which could cause runtime panics if the input format is incorrect.""
  },
  {
    ""name"": ""Inconsistent Database Connection Handling"",
    ""detected"": true,
    ""description"": ""The code opens and closes a new database connection for each request (getDB/defer closeDB), which is inefficient and could lead to connection pool exhaustion under load.""
  }
]",FALSE,The reviewer does not mention that updating lineitem pricing fields leaves orders.o_totalprice stale or that get_order returns an outdated aggregate from the orders table.,FALSE,,FALSE,,1,,,
SA_short_P1_test,go_gin_gorm,stale_aggregate,TRUE,"update_lineitem modifies lineitem pricing fields (l_extendedprice, l_discount, l_tax) but does not recalculate orders.o_totalprice. get_order reads o_totalprice directly from the orders table, returning a stale value.","[
  {
    ""name"": ""Incorrect autoIncrement on Order primary key"",
    ""detected"": true,
    ""description"": ""The Order struct defines OOrderkey with 'autoIncrement' tag, but the database schema specifies INTEGER PRIMARY KEY without AUTOINCREMENT. In SQLite, INTEGER PRIMARY KEY columns auto-increment by default, but the tag might cause conflicts.""
  },
  {
    ""name"": ""Missing foreign key constraint check in PUT endpoint"",
    ""detected"": true,
    ""description"": ""The PUT endpoint for updating lineitems does not verify that the provided o_orderkey exists in the orders table before updating the lineitem. This could lead to orphaned lineitems if the order is deleted or doesn't exist.""
  },
  {
    ""name"": ""Inconsistent error handling for JSON binding"",
    ""detected"": true,
    ""description"": ""Both PUT and POST endpoints initialize an empty payload map when ShouldBindJSON fails, instead of returning an error response. This masks invalid JSON input and proceeds with default values.""
  },
  {
    ""name"": ""Potential type conversion issues in POST endpoint"",
    ""detected"": true,
    ""description"": ""The POST endpoint uses type assertions without proper validation for lineitem fields (l_linenumber, l_extendedprice, etc.). This could cause runtime panics or incorrect data if the input types don't match expected types.""
  },
  {
    ""name"": ""Missing transaction rollback on type conversion failure"",
    ""detected"": true,
    ""description"": ""In the POST endpoint, when type conversion fails for lineitem fields, the transaction is rolled back but an error is returned. However, the rollback is redundant since the transaction is already in an error state, and it might not be necessary to explicitly rollback before returning.""
  },
  {
    ""name"": ""Incorrect total price calculation"",
    ""detected"": true,
    ""description"": ""The total price calculation in the POST endpoint uses 'COALESCE(SUM(l_extendedprice * (1 - l_discount) * (1 + l_tax)), 0)', but the formula should be SUM(l_extendedprice * (1 - l_discount) * (1 + l_tax)) without the COALESCE, as the SUM already returns NULL if no rows are found, which is handled by the NullFloat64.""
  }
]",FALSE,"The reviewer does not mention that updating lineitem pricing fields leaves orders.o_totalprice stale or that get_order reads an unrecalculated aggregate from orders. Their 'Incorrect total price calculation' finding is about use of COALESCE in POST, which is a different root cause.",FALSE,,FALSE,,1,,,
SA_short_P1_test,go_gin_rawsql,stale_aggregate,TRUE,"update_lineitem modifies lineitem pricing fields (l_extendedprice, l_discount, l_tax) but does not recalculate orders.o_totalprice. get_order reads o_totalprice directly from the orders table, returning a stale value.","[
  {
    ""name"": ""Missing Foreign Key Check in Update"",
    ""detected"": true,
    ""description"": ""In updateLineitem, the code checks if the lineitem exists but does not verify if the provided o_orderkey exists in the orders table. This could allow updating a lineitem for a non-existent order, violating the foreign key constraint assumed by the schema.""
  },
  {
    ""name"": ""Incorrect Error Handling for JSON Binding"",
    ""detected"": true,
    ""description"": ""In updateLineitem and createOrder, when c.ShouldBindJSON fails, the code initializes an empty payload and continues. This ignores JSON parsing errors and may lead to processing incomplete or malformed data without notifying the client.""
  },
  {
    ""name"": ""Potential Type Conversion Panic"",
    ""detected"": true,
    ""description"": ""In createOrder, when processing lineitems, the code uses type assertions (e.g., item[\""l_linenumber\""]) without checking if the keys exist or if the types are correct. This could cause a panic if the input lacks expected fields or has type mismatches.""
  },
  {
    ""name"": ""Database Connection Overhead"",
    ""detected"": true,
    ""description"": ""Each handler (getOrder, updateLineitem, createOrder) opens and closes a new database connection per request. This is inefficient and can lead to performance issues under load, as it does not reuse connections via a pool.""
  },
  {
    ""name"": ""Missing Total Price Validation"",
    ""detected"": true,
    ""description"": ""In createOrder, the total price is calculated from lineitem values but not validated against the payload's o_totalprice. This could lead to inconsistencies if the client provides an o_totalprice that doesn't match the computed sum.""
  }
]",FALSE,"The reviewer does not mention that updateLineitem changes pricing fields without recomputing orders.o_totalprice, nor that getOrder returns a stale aggregate from the orders table.",FALSE,,FALSE,,1,,,
SA_short_P1_test,js_express_rawsql,stale_aggregate,TRUE,"update_lineitem modifies lineitem pricing fields (l_extendedprice, l_discount, l_tax) but does not recalculate orders.o_totalprice. get_order reads o_totalprice directly from the orders table, returning a stale value.","[
  {
    ""name"": ""Database Connection Management"",
    ""detected"": true,
    ""description"": ""The get_db() function returns a singleton database connection that is never properly closed except during process termination. This can lead to connection leaks and resource exhaustion under high load or in long-running applications.""
  },
  {
    ""name"": ""Missing Foreign Key Constraint Validation"",
    ""detected"": true,
    ""description"": ""In the PUT /api/orders/:o_orderkey/lineitems/:l_linenumber endpoint, the code checks if the lineitem exists but doesn't validate that the provided o_orderkey corresponds to an existing order in the orders table, potentially allowing updates to lineitems for non-existent orders.""
  },
  {
    ""name"": ""Inconsistent Error Handling"",
    ""detected"": true,
    ""description"": ""The error handling in PUT and POST endpoints catches exceptions but doesn't return proper HTTP error responses. Instead, it re-throws the error, which could lead to unhandled exceptions and crash the application.""
  },
  {
    ""name"": ""Missing Transaction Rollback on Error"",
    ""detected"": true,
    ""description"": ""In the POST /api/orders endpoint, if an error occurs during the insertion of lineitems or calculation of total price, the transaction is rolled back but the error is re-thrown without returning an HTTP error response, leaving the client without proper feedback.""
  },
  {
    ""name"": ""Potential SQL Injection Vulnerability"",
    ""detected"": true,
    ""description"": ""The code uses string concatenation for SQL queries with parameter placeholders, but better-sqlite3 uses parameter binding which should prevent SQL injection. However, the code doesn't validate or sanitize input parameters before using them in queries, which could still be problematic if the parameter binding fails.""
  }
]",FALSE,"The reviewer does not mention that updating lineitem pricing fields fails to recalculate orders.o_totalprice, causing get_order to return a stale aggregate. None of the listed findings match this root cause.",FALSE,,FALSE,,1,,,
SA_short_P1_test,js_express_sequelize,stale_aggregate,TRUE,"update_lineitem modifies lineitem pricing fields (l_extendedprice, l_discount, l_tax) but does not recalculate orders.o_totalprice. get_order reads o_totalprice directly from the orders table, returning a stale value.","[
  {
    ""name"": ""Missing Foreign Key Constraint Check in Lineitem Update"",
    ""detected"": true,
    ""description"": ""In the PUT /api/orders/:o_orderkey/lineitems/:l_linenumber endpoint, the code checks if the lineitem exists but does not verify if the provided o_orderkey exists in the orders table. This could allow updating a lineitem for a non-existent order, violating referential integrity.""
  },
  {
    ""name"": ""Inconsistent Total Price Calculation"",
    ""detected"": true,
    ""description"": ""In the POST /api/orders endpoint, the total price is calculated using SUM(l_extendedprice * (1 - l_discount) * (1 + l_tax)), but the schema defines o_totalprice as a REAL without specifying if it should include tax and discount. This might not match the expected business logic if o_totalprice should be the sum of extended prices only.""
  },
  {
    ""name"": ""Potential SQL Injection in Raw Queries"",
    ""detected"": true,
    ""description"": ""The code uses raw SQL queries with parameterized replacements, which is safe. However, the use of raw queries instead of Sequelize models increases the risk of future SQL injection if parameters are not properly handled in changes. This is a code maintainability issue.""
  },
  {
    ""name"": ""Missing Order Existence Check in Lineitem Insertion"",
    ""detected"": true,
    ""description"": ""In the POST /api/orders endpoint, lineitems are inserted with a generated o_orderkey. Since the order is inserted in the same transaction, this is safe. However, if the transaction fails after order insertion but before lineitem insertion, the order might be left without lineitems, but this is handled by the transaction rollback.""
  },
  {
    ""name"": ""Incorrect Data Type Handling in Insertions"",
    ""detected"": true,
    ""description"": ""In the POST /api/orders endpoint, the INSERT into orders sets o_totalprice to 0 initially, but the schema does not specify a default. This might cause issues if the application expects o_totalprice to be calculated and non-zero. Also, the total is updated later, which is correct.""
  }
]",FALSE,"The expected issue is that updating lineitem pricing fields does not recalculate orders.o_totalprice, causing get_order to return a stale aggregate. The reviewer mentions total price calculation logic during order creation, but does not identify the missing recomputation after lineitem updates or the resulting stale o_totalprice.",FALSE,,FALSE,,1,,,
SA_short_P1_test,js_fastify_rawsql,stale_aggregate,TRUE,"update_lineitem modifies lineitem pricing fields (l_extendedprice, l_discount, l_tax) but does not recalculate orders.o_totalprice. get_order reads o_totalprice directly from the orders table, returning a stale value.","[
  {
    ""name"": ""Potential SQL Injection"",
    ""detected"": true,
    ""description"": ""In the PUT endpoint '/api/orders/:o_orderkey/lineitems/:l_linenumber', the code directly uses payload values in SQL queries without validation. This could allow SQL injection if malicious values are provided in the request body.""
  },
  {
    ""name"": ""Missing Foreign Key Constraint Check"",
    ""detected"": true,
    ""description"": ""In the POST endpoint '/api/orders', when inserting line items, there's no validation that the provided o_orderkey exists in the orders table. This could create orphaned lineitem records if the orders insert fails or is rolled back.""
  },
  {
    ""name"": ""Inconsistent Transaction Handling"",
    ""detected"": true,
    ""description"": ""The PUT endpoint uses a transaction for the update operation, but the GET endpoint '/api/orders/:o_orderkey' doesn't use any transaction. This creates inconsistent isolation levels between read and write operations.""
  },
  {
    ""name"": ""Unvalidated Numeric Inputs"",
    ""detected"": true,
    ""description"": ""Multiple endpoints convert URL parameters to numbers using Number() without validation. This could result in NaN values being passed to SQL queries, potentially causing unexpected behavior.""
  },
  {
    ""name"": ""Missing Error Handling in Transactions"",
    ""detected"": true,
    ""description"": ""The transaction functions in PUT and POST endpoints don't have error handling. If any SQL operation fails, the error won't be caught and handled properly, potentially leaving the database in an inconsistent state.""
  }
]",FALSE,"The reviewer does not mention that updating lineitem pricing fields should trigger recalculation of orders.o_totalprice, nor that get_order returns a stale aggregate from the orders table.",FALSE,,FALSE,,1,,,
SA_short_P1_test,js_fastify_sequelize,stale_aggregate,TRUE,"update_lineitem modifies lineitem pricing fields (l_extendedprice, l_discount, l_tax) but does not recalculate orders.o_totalprice. get_order reads o_totalprice directly from the orders table, returning a stale value.","[
  {
    ""name"": ""Inconsistent Auto-Increment Definition"",
    ""detected"": true,
    ""description"": ""The Order model defines o_orderkey with autoIncrement: true, but the database schema does not specify auto-increment behavior. This could cause primary key conflicts when inserting orders.""
  },
  {
    ""name"": ""Missing Foreign Key Constraint Validation"",
    ""detected"": true,
    ""description"": ""In the PUT /api/orders/:o_orderkey/lineitems/:l_linenumber endpoint, the code checks if the lineitem exists but doesn't validate if the referenced order exists, potentially allowing updates to lineitems for non-existent orders.""
  },
  {
    ""name"": ""Potential SQL Injection Vulnerability"",
    ""detected"": true,
    ""description"": ""The raw SQL query in the POST /api/orders endpoint uses string concatenation for the WHERE clause parameter instead of parameterized queries, creating a SQL injection vulnerability.""
  },
  {
    ""name"": ""Inconsistent Null Handling"",
    ""detected"": true,
    ""description"": ""In the POST /api/orders endpoint, l_shipdate is set to null when undefined, but the database schema doesn't specify if this column allows NULL values, potentially causing constraint violations.""
  }
]",FALSE,The reviewer does not mention that updating lineitem pricing fields leaves orders.o_totalprice unrecalculated and stale when read from the orders table. None of the listed findings match this aggregate-maintenance issue.,FALSE,,FALSE,,1,,,
SA_short_P1_test,python_fastapi_rawsql,stale_aggregate,TRUE,"update_lineitem modifies lineitem pricing fields (l_extendedprice, l_discount, l_tax) but does not recalculate orders.o_totalprice. get_order reads o_totalprice directly from the orders table, returning a stale value.","[
  {
    ""name"": ""Missing Foreign Key Check in Update"",
    ""detected"": true,
    ""description"": ""In the update_lineitem endpoint, the code checks if the lineitem exists but does not verify if the provided o_orderkey corresponds to an existing order. This could allow updating lineitems for non-existent orders, violating foreign key constraints.""
  },
  {
    ""name"": ""Unvalidated Input in Update"",
    ""detected"": true,
    ""description"": ""The update_lineitem endpoint directly uses payload['l_extendedprice'], payload['l_discount'], and payload['l_tax'] without checking if these keys exist in the payload. This could cause KeyError exceptions if they are missing.""
  },
  {
    ""name"": ""Missing Input Validation in Create"",
    ""detected"": true,
    ""description"": ""The create_order endpoint uses payload['o_orderdate'] and payload['lineitems'] without checking if these keys exist. This could cause KeyError exceptions if the required fields are not provided in the request payload.""
  },
  {
    ""name"": ""Inconsistent Total Calculation"",
    ""detected"": true,
    ""description"": ""In create_order, the total is calculated using COALESCE(SUM(l_extendedprice * (1 - l_discount) * (1 + l_tax)), 0), but the initial insert sets o_totalprice to 0. This inconsistency might lead to incorrect total values if the calculation logic changes.""
  },
  {
    ""name"": ""Potential SQL Injection Risk"",
    ""detected"": false,
    ""description"": """"
  },
  {
    ""name"": ""Database Connection Not Reused"",
    ""detected"": false,
    ""description"": """"
  },
  {
    ""name"": ""Missing Transaction Rollback on Exception"",
    ""detected"": true,
    ""description"": ""In create_order and update_lineitem, if an exception occurs after BEGIN is executed, the transaction is not rolled back before closing the connection. This could leave transactions open, causing database locks or inconsistent states.""
  }
]",FALSE,"The reviewer does not identify that update_lineitem changes pricing fields without recomputing orders.o_totalprice, causing get_order to return a stale aggregate. Their 'Inconsistent Total Calculation' note is about create_order initializing o_totalprice to 0 and possible logic drift, which is a different root cause.",FALSE,,FALSE,,1,,,
SA_short_P1_test,python_fastapi_sqlalchemy,stale_aggregate,TRUE,"update_lineitem modifies lineitem pricing fields (l_extendedprice, l_discount, l_tax) but does not recalculate orders.o_totalprice. get_order reads o_totalprice directly from the orders table, returning a stale value.","[
  {
    ""name"": ""Missing Foreign Key Constraint Check in Order Creation"",
    ""detected"": true,
    ""description"": ""In the create_order endpoint, lineitems are added with an l_orderkey that references the orders table. However, the code does not verify if the order exists before adding lineitems, which could lead to orphaned lineitems if the order insertion fails. Although the order is created first, the foreign key constraint should be enforced by the database, but the code does not handle potential constraint violations explicitly.""
  },
  {
    ""name"": ""Potential KeyError Due to Missing Payload Fields"",
    ""detected"": true,
    ""description"": ""In the update_lineitem endpoint, the code directly accesses payload['l_extendedprice'], payload['l_discount'], and payload['l_tax'] without checking if these keys exist in the payload. This could result in a KeyError if the client does not provide these fields in the JSON body.""
  },
  {
    ""name"": ""Inconsistent Use of Session Management"",
    ""detected"": true,
    ""description"": ""The code uses db.begin() explicitly in update_lineitem and create_order endpoints, but the session is already managed by the sessionmaker with autocommit=False. This might lead to nested transactions or unexpected behavior. SQLAlchemy sessions typically manage transactions automatically when using commit() or rollback() without explicit begin().""
  },
  {
    ""name"": ""Missing Input Validation for Required Fields"",
    ""detected"": true,
    ""description"": ""In the create_order endpoint, the code accesses payload['o_orderdate'] without checking if it exists, which could cause a KeyError. Similarly, in the lineitems loop, it accesses item['l_linenumber'], item['l_extendedprice'], item['l_discount'], and item['l_tax'] without validation, potentially leading to KeyError.""
  },
  {
    ""name"": ""Potential Division by Zero or Negative Values in Total Calculation"",
    ""detected"": true,
    ""description"": ""In the create_order endpoint, the total calculation uses (1 - Lineitem.l_discount) and (1 + Lineitem.l_tax). If l_discount is greater than 1 or negative, it could lead to negative extended prices or incorrect totals. Similarly, if l_tax is negative, it might reduce the total incorrectly. The schema does not constrain these values, and the code does not validate them.""
  }
]",FALSE,"The reviewer does not mention that update_lineitem changes pricing fields without recomputing orders.o_totalprice, nor that get_order returns a stale aggregate from the orders table.",FALSE,,FALSE,,1,,,
SA_short_P1_test,python_flask_rawsql,stale_aggregate,TRUE,"update_lineitem modifies lineitem pricing fields (l_extendedprice, l_discount, l_tax) but does not recalculate orders.o_totalprice. get_order reads o_totalprice directly from the orders table, returning a stale value.","[
  {
    ""name"": ""Missing Foreign Key Check in Lineitem Update"",
    ""detected"": true,
    ""description"": ""In the update_lineitem endpoint, the code checks if the lineitem exists but does not verify if the provided o_orderkey corresponds to an existing order. This could allow updating lineitems for non-existent orders, violating foreign key constraints.""
  },
  {
    ""name"": ""Missing Input Validation for Numeric Fields"",
    ""detected"": true,
    ""description"": ""The update_lineitem endpoint directly uses payload values (l_extendedprice, l_discount, l_tax) without validation. These should be numeric fields, and invalid types could cause database errors or incorrect data.""
  },
  {
    ""name"": ""Inconsistent Total Price Calculation"",
    ""detected"": true,
    ""description"": ""In create_order, the total price is calculated using SUM(l_extendedprice * (1 - l_discount) * (1 + l_tax)), but the schema defines o_totalprice as REAL without tax/discount. This calculation may not match the intended schema design.""
  },
  {
    ""name"": ""Missing Transaction Rollback on Error"",
    ""detected"": true,
    ""description"": ""In create_order, if an exception occurs during the INSERT operations or total calculation, the transaction is not rolled back. This could leave the database in an inconsistent state.""
  },
  {
    ""name"": ""Potential Key Collision in Lineitem Insert"",
    ""detected"": true,
    ""description"": ""In create_order, the code inserts lineitems without checking for existing l_linenumber values. If duplicate l_linenumber values are provided for the same order, it will violate the primary key constraint.""
  }
]",FALSE,"The reviewer does not mention that update_lineitem changes pricing fields without recomputing orders.o_totalprice, causing get_order to return a stale aggregate. Their 'Inconsistent Total Price Calculation' finding is about create_order formula/schema mismatch, which is a different root cause.",FALSE,,FALSE,,1,,,
SA_short_P1_test,python_flask_sqlalchemy,stale_aggregate,TRUE,"update_lineitem modifies lineitem pricing fields (l_extendedprice, l_discount, l_tax) but does not recalculate orders.o_totalprice. get_order reads o_totalprice directly from the orders table, returning a stale value.","[
  {
    ""name"": ""Potential floating-point precision issue in total calculation"",
    ""detected"": true,
    ""description"": ""In the create_order endpoint, the total calculation uses floating-point arithmetic (l_extendedprice * (1 - l_discount) * (1 + l_tax)) which may lead to precision errors when dealing with monetary values. This could result in inaccurate totals being stored in the database.""
  },
  {
    ""name"": ""Missing foreign key constraint validation in update_lineitem"",
    ""detected"": true,
    ""description"": ""The update_lineitem endpoint doesn't verify that the provided o_orderkey exists in the orders table before attempting to update the lineitem. This could lead to orphaned line items if the order doesn't exist.""
  },
  {
    ""name"": ""Inconsistent error handling in update_lineitem"",
    ""detected"": true,
    ""description"": ""The update_lineitem endpoint performs a rollback when the line item is not found, but then returns a 404 response. This rollback is unnecessary since no changes were made to the database in this case.""
  },
  {
    ""name"": ""Missing transaction boundaries in create_order"",
    ""detected"": true,
    ""description"": ""The create_order endpoint uses multiple flush operations but doesn't wrap the entire operation in a transaction. If an error occurs after the first flush but before commit, partial data (order without line items) could be persisted in the database.""
  },
  {
    ""name"": ""Potential data integrity issue in update_lineitem"",
    ""detected"": true,
    ""description"": ""The update_lineitem endpoint updates only l_extendedprice, l_discount, and l_tax fields without updating the order total. This creates an inconsistency between the line item prices and the order's totalprice field.""
  }
]",TRUE,"The reviewer explicitly states that update_lineitem changes l_extendedprice, l_discount, and l_tax without updating the order total, causing inconsistency between line items and orders.totalprice. This matches the stale aggregate issue.",TRUE,,TRUE,,1,,,
SA_short_P2_test,go_fiber_gorm,stale_aggregate,TRUE,"add_lineitem inserts a new lineitem row (increasing the actual total) but does not recalculate orders.o_totalprice. get_order reads o_totalprice directly from the orders table, returning a stale value.","[
  {
    ""name"": ""Incorrect AutoIncrement for Order Primary Key"",
    ""detected"": true,
    ""description"": ""The Order struct defines OOrderkey with 'autoIncrement', but the database schema specifies o_orderkey as INTEGER PRIMARY KEY without auto-increment. This mismatch can cause errors when inserting orders.""
  },
  {
    ""name"": ""Missing Total Price Calculation in Order Creation"",
    ""detected"": true,
    ""description"": ""The CreateOrderPayload lacks a field for o_totalprice, and the initial order creation sets it to 0. While it's later updated from lineitems, this initial value violates the schema constraint that o_totalprice should be a REAL type and may cause issues if the transaction fails before update.""
  },
  {
    ""name"": ""Potential Foreign Key Constraint Violation"",
    ""detected"": true,
    ""description"": ""In the POST /api/orders/:o_orderkey<int>/lineitems endpoint, the code checks for order existence using a separate query but does not enforce foreign key constraints at the database level if SQLite foreign keys are not enabled. This could lead to orphaned lineitems if the order is deleted later.""
  },
  {
    ""name"": ""Inconsistent Lineitem Comment Handling"",
    ""detected"": true,
    ""description"": ""In AddLineitemPayload and CreateOrderLineitemPayload, LComment is defined as *string, but in Lineitem struct, LComment is string (not a pointer). This can cause issues when creating lineitems with null comments, as the zero-value string ('') is stored instead of NULL.""
  },
  {
    ""name"": ""Missing Transaction Rollback on Error"",
    ""detected"": true,
    ""description"": ""In the POST /api/orders endpoint, if tx.Commit() fails, the transaction is not rolled back. This could leave the database in an inconsistent state with partially committed changes.""
  }
]",FALSE,"The reviewer does not identify that adding a lineitem fails to recalculate orders.o_totalprice, causing get_order to return a stale aggregate. Their mention of initial total price being set to 0 and later updated is a different issue.",FALSE,,FALSE,,1,,,
SA_short_P2_test,go_fiber_rawsql,stale_aggregate,TRUE,"add_lineitem inserts a new lineitem row (increasing the actual total) but does not recalculate orders.o_totalprice. get_order reads o_totalprice directly from the orders table, returning a stale value.","[
  {
    ""name"": ""Missing Foreign Key Check in addLineitem"",
    ""detected"": true,
    ""description"": ""In addLineitem, the code checks if the order exists by querying the orders table, but it does not verify that the order key from the path parameter matches the one in the payload. This could lead to inserting a lineitem for a different order if the payload is manipulated.""
  },
  {
    ""name"": ""Type Assertion Without Validation in createOrder"",
    ""detected"": true,
    ""description"": ""In createOrder, the code assumes payload['lineitems'] is a []interface{} and performs a type assertion without validation. This could cause a panic if the payload does not contain a lineitems array or if it is of a different type.""
  },
  {
    ""name"": ""Incorrect Total Price Calculation"",
    ""detected"": true,
    ""description"": ""In createOrder, the total price is calculated as SUM(l_extendedprice * (1 - l_discount) * (1 + l_tax)), which includes tax. However, the schema stores o_totalprice as REAL without tax, leading to inconsistent data representation.""
  },
  {
    ""name"": ""Potential SQL Injection in addLineitem"",
    ""detected"": true,
    ""description"": ""In addLineitem, the code directly uses payload values in SQL queries without type validation. This could allow SQL injection if malicious input is provided, especially for fields like l_comment or l_shipdate.""
  },
  {
    ""name"": ""Missing Transaction Rollback on Error in createOrder"",
    ""detected"": true,
    ""description"": ""In createOrder, if the LastInsertId() call fails, the transaction is rolled back. However, if the row.Scan() for total calculation fails, the rollback is called, but other errors might not be handled, leaving transactions open.""
  }
]",FALSE,"The reviewer does not mention that addLineitem inserts a lineitem without recalculating orders.o_totalprice, causing get_order to return a stale aggregate from the orders table.",FALSE,,FALSE,,1,,,
SA_short_P2_test,go_gin_gorm,stale_aggregate,TRUE,"add_lineitem inserts a new lineitem row (increasing the actual total) but does not recalculate orders.o_totalprice. get_order reads o_totalprice directly from the orders table, returning a stale value.","[
  {
    ""name"": ""Incorrect Primary Key Definition for Order"",
    ""detected"": true,
    ""description"": ""The Order struct defines OOrderkey with 'autoIncrement', but the database schema does not use AUTOINCREMENT. This could cause issues with primary key generation since SQLite uses ROWID by default without autoincrement behavior unless explicitly declared.""
  },
  {
    ""name"": ""Missing Foreign Key Constraint Check in Lineitem Insertion"",
    ""detected"": true,
    ""description"": ""In the POST /api/orders/:o_orderkey/lineitems endpoint, the code checks for the existence of the order but does not enforce the foreign key constraint at the database level. While the check exists, relying solely on application-level checks without database-level constraints can lead to data integrity issues if the check is bypassed or if there are concurrent modifications.""
  },
  {
    ""name"": ""Potential Data Type Mismatch for OTotalprice"",
    ""detected"": true,
    ""description"": ""The Order struct uses float64 for OTotalprice, but the database schema uses REAL. While REAL maps to float64 in Go, floating-point precision issues might arise in financial calculations. However, since the schema is assumed correct, this is noted as a potential concern rather than a direct issue.""
  },
  {
    ""name"": ""Inconsistent Handling of Nullable Fields"",
    ""detected"": true,
    ""description"": ""The Lineitem struct uses *string for LShipdate and LComment in the payloads, but the database schema does not specify NOT NULL for these fields. This is consistent, but the code does not handle NULL values explicitly in all places, which might lead to unexpected behavior if NULLs are inserted.""
  },
  {
    ""name"": ""Use of Raw SQL Without ORM Benefits"",
    ""detected"": true,
    ""description"": ""The code extensively uses raw SQL queries (e.g., db.Exec, db.Raw) instead of leveraging GORM's ORM capabilities. This increases the risk of SQL injection if not parameterized correctly (though they are parameterized here) and reduces maintainability.""
  },
  {
    ""name"": ""Missing Total Price Calculation Consistency"",
    ""detected"": true,
    ""description"": ""In the POST /api/orders endpoint, the total price is calculated after inserting line items. However, if the calculation fails or is interrupted, the order's total price might not be updated, leading to inconsistent data. The transaction ensures atomicity, but the calculation logic should be verified for correctness.""
  }
]",FALSE,"The expected issue is that adding a lineitem does not recalculate orders.o_totalprice, so reads return a stale aggregate. The reviewer mentions 'Missing Total Price Calculation Consistency' only for order creation and possible interruption during initial calculation, not the specific bug that add_lineitem leaves o_totalprice stale after insertion.",FALSE,,FALSE,,1,,,
SA_short_P2_test,go_gin_rawsql,stale_aggregate,TRUE,"add_lineitem inserts a new lineitem row (increasing the actual total) but does not recalculate orders.o_totalprice. get_order reads o_totalprice directly from the orders table, returning a stale value.","[
  {
    ""name"": ""Missing Foreign Key Check in add_lineitem"",
    ""detected"": true,
    ""description"": ""In add_lineitem, the code checks if the order exists but does not verify the foreign key constraint when inserting the lineitem. This is redundant since the database enforces the foreign key, but the initial check prevents a foreign key violation error from being returned to the user. However, the code should rely on the database constraint for integrity.""
  },
  {
    ""name"": ""Unsafe Type Assertion in create_order"",
    ""detected"": true,
    ""description"": ""In create_order, lineitemsRaw := payload['lineitems'].([]interface{}) performs a type assertion without checking if 'lineitems' exists or is of the correct type. This will panic if 'lineitems' is missing or not a slice.""
  },
  {
    ""name"": ""Inconsistent Error Handling in add_lineitem"",
    ""detected"": true,
    ""description"": ""In add_lineitem, after beginning a transaction, the code uses tx.Exec('ROLLBACK') on order not found but tx.Rollback() on other errors. It should use tx.Rollback() consistently for all error cases to ensure proper transaction rollback.""
  },
  {
    ""name"": ""Potential SQL Injection in get_order"",
    ""detected"": false,
    ""description"": """"
  },
  {
    ""name"": ""Database Connection Per Request"",
    ""detected"": true,
    ""description"": ""Each request opens a new database connection via getDB(), which is inefficient and may lead to connection pool exhaustion under load. Connections should be pooled and reused.""
  },
  {
    ""name"": ""Missing Input Validation for LineItem Fields"",
    ""detected"": false,
    ""description"": """"
  },
  {
    ""name"": ""Incorrect Total Calculation in create_order"",
    ""detected"": true,
    ""description"": ""In create_order, the total is calculated as SUM(l_extendedprice * (1 - l_discount) * (1 + l_tax)), which includes tax. However, the discount is applied before tax, which may not be the intended business logic if tax should be applied to the discounted price.""
  },
  {
    ""name"": ""Use of Float for Monetary Values"",
    ""detected"": false,
    ""description"": """"
  },
  {
    ""name"": ""Null Handling in getNullableString"",
    ""detected"": true,
    ""description"": ""The function getNullableString returns nil if the key is missing or the value is not a string. However, when used in SQL INSERT, this may insert NULL, which might be valid, but the function's behavior is not clearly aligned with the schema requirements for nullable fields.""
  }
]",FALSE,"The reviewer does not mention that add_lineitem fails to recompute orders.o_totalprice, causing get_order to return a stale aggregate from the orders table.",FALSE,,FALSE,,1,,,
SA_short_P2_test,js_express_rawsql,stale_aggregate,TRUE,"add_lineitem inserts a new lineitem row (increasing the actual total) but does not recalculate orders.o_totalprice. get_order reads o_totalprice directly from the orders table, returning a stale value.","[
  {
    ""name"": ""Missing Foreign Key Constraint Check in LineItem Insertion"",
    ""detected"": true,
    ""description"": ""In the POST /api/orders/:o_orderkey/lineitems endpoint, the code checks if the order exists but does not verify if the provided l_linenumber already exists for that order. Since (l_orderkey, l_linenumber) is the primary key of lineitem, attempting to insert a duplicate will cause a constraint violation.""
  },
  {
    ""name"": ""Inconsistent Default Value Handling"",
    ""detected"": true,
    ""description"": ""In the POST /api/orders endpoint, when inserting into orders, the code sets o_totalprice to 0 initially. However, the schema does not specify a default, and this hardcoded value might not align with business logic if the default should be NULL or another value.""
  },
  {
    ""name"": ""Potential SQL Injection Risk"",
    ""detected"": true,
    ""description"": ""Although better-sqlite3 uses parameterized queries, the code directly inserts payload fields without validation. While this is not a syntactic issue, it may lead to data integrity problems if invalid types (e.g., string for numeric fields) are provided, causing runtime errors.""
  },
  {
    ""name"": ""Transaction Rollback on Error May Fail"",
    ""detected"": true,
    ""description"": ""In both POST endpoints, the rollback in the catch block is itself wrapped in a try-catch that ignores errors. If the rollback fails (e.g., due to no active transaction), the error is suppressed, potentially leaving the transaction open and causing subsequent queries to fail.""
  },
  {
    ""name"": ""Missing LineItems Validation"",
    ""detected"": true,
    ""description"": ""In the POST /api/orders endpoint, the code iterates over payload['lineitems'] without checking if it exists or is an array. If lineitems is missing or not an array, the code will throw an error, leading to an unhandled exception.""
  }
]",FALSE,"The reviewer does not mention that adding a lineitem fails to recompute orders.o_totalprice, causing get_order to return a stale aggregate from the orders table.",FALSE,,FALSE,,1,,,
SA_short_P2_test,js_express_sequelize,stale_aggregate,TRUE,"add_lineitem inserts a new lineitem row (increasing the actual total) but does not recalculate orders.o_totalprice. get_order reads o_totalprice directly from the orders table, returning a stale value.","[
  {
    ""name"": ""Inconsistent primary key definition for Order model"",
    ""detected"": true,
    ""description"": ""The Order model defines o_orderkey with autoIncrement: true, but the database schema does not specify autoincrement. This may cause conflicts when inserting orders with explicit keys.""
  },
  {
    ""name"": ""Missing foreign key constraint in Lineitem model"",
    ""detected"": true,
    ""description"": ""The Lineitem model defines l_orderkey as part of the primary key but does not properly configure it as a foreign key reference. The references configuration should include model: 'orders' and key: 'o_orderkey' directly.""
  },
  {
    ""name"": ""Raw SQL in POST /api/orders/:o_orderkey/lineitems"",
    ""detected"": true,
    ""description"": ""The endpoint uses raw SQL for insertion instead of the Lineitem model, which bypasses Sequelize validation and associations. This may lead to inconsistent data handling.""
  },
  {
    ""name"": ""Inconsistent default value for l_comment"",
    ""detected"": true,
    ""description"": ""In POST /api/orders/:o_orderkey/lineitems, l_comment defaults to an empty string if missing, but the database schema allows NULL. This inconsistency may cause data integrity issues.""
  },
  {
    ""name"": ""Missing error handling in transaction rollback"",
    ""detected"": true,
    ""description"": ""In the catch blocks, transaction.rollback() is called without handling potential rollback failures, which could leave transactions open or cause unhandled rejections.""
  },
  {
    ""name"": ""No validation for lineitems array in POST /api/orders"",
    ""detected"": true,
    ""description"": ""The endpoint assumes payload['lineitems'] is an array without validation. If it is missing or not an array, the loop will fail or insert incorrect data.""
  },
  {
    ""name"": ""Inconsistent use of Sequelize models vs. raw queries"",
    ""detected"": true,
    ""description"": ""The code mixes Sequelize model methods (e.g., Order.create) with raw SQL queries, leading to inconsistent data access patterns and potential maintenance issues.""
  },
  {
    ""name"": ""Potential SQL injection in raw queries"",
    ""detected"": true,
    ""description"": ""Although replacements are used, raw SQL queries are vulnerable to injection if not properly sanitized. Using Sequelize models would mitigate this risk.""
  }
]",FALSE,"The reviewer does not mention that adding a lineitem increases the real order total without recalculating orders.o_totalprice, nor that get_order returns a stale aggregate from the orders table.",FALSE,,FALSE,,1,,,
SA_short_P2_test,js_fastify_rawsql,stale_aggregate,TRUE,"add_lineitem inserts a new lineitem row (increasing the actual total) but does not recalculate orders.o_totalprice. get_order reads o_totalprice directly from the orders table, returning a stale value.","[
  {
    ""name"": ""Manual Transaction Handling"",
    ""detected"": true,
    ""description"": ""The code uses explicit BEGIN/COMMIT/ROLLBACK statements instead of relying on better-sqlite3's transaction() method which automatically handles transaction boundaries. This appears in both POST endpoints and could lead to improper transaction management.""
  },
  {
    ""name"": ""Missing Foreign Key Constraint Check"",
    ""detected"": true,
    ""description"": ""In the /api/orders/:o_orderkey/lineitems endpoint, the code checks if the order exists but doesn't verify if the lineitem already exists with the same l_linenumber, potentially violating the primary key constraint.""
  },
  {
    ""name"": ""Inconsistent Default Value Handling"",
    ""detected"": true,
    ""description"": ""The /api/orders endpoint sets o_totalprice to 0 initially but later updates it with a calculated total, creating a temporary inconsistent state. This could cause issues if other operations read the order during this window.""
  },
  {
    ""name"": ""Potential SQL Injection"",
    ""detected"": true,
    ""description"": ""The code directly uses payload values in SQL queries without proper parameterization for all fields. While better-sqlite3 uses parameter binding, the code structure could allow injection if payload validation is bypassed elsewhere.""
  }
]",FALSE,"The reviewer does not mention that adding a lineitem fails to recalculate orders.o_totalprice, causing get_order to return a stale aggregate. Their comments about temporary inconsistency during order creation are a different issue.",FALSE,,FALSE,,1,,,
SA_short_P2_test,js_fastify_sequelize,stale_aggregate,TRUE,"add_lineitem inserts a new lineitem row (increasing the actual total) but does not recalculate orders.o_totalprice. get_order reads o_totalprice directly from the orders table, returning a stale value.","Here is the JSON array of issues found:

```json
[
  {
    ""name"": ""Missing autoIncrement in schema definition"",
    ""detected"": true,
    ""description"": ""The 'o_orderkey' field in the Order model is defined with 'autoIncrement: true', but the database schema does not declare it as AUTOINCREMENT. This will cause primary key generation to fail for new orders.""
  },
  {
    ""name"": ""Inconsistent primary key definition"",
    ""detected"": true,
    ""description"": ""The Lineitem model defines both 'l_orderkey' and 'l_linenumber' as primary keys, but only 'l_orderkey' is marked as a primaryKey: true in the Sequelize definition. The 'l_linenumber' field should also have primaryKey: true to match the composite primary key in the database schema.""
  },
  {
    ""name"": ""Potential SQL injection vulnerability"",
    ""detected"": true,
    ""description"": ""The /api/orders/:o_orderkey endpoint uses raw SQL with parameter replacement, but the parameter is cast to Number() which could allow non-numeric values to pass through. While replacements are used, the type casting could bypass protection if malformed input is provided.""
  },
  {
    ""name"": ""Missing foreign key constraint enforcement"",
    ""detected"": true,
    ""description"": ""The /api/orders/:o_orderkey/lineitems endpoint checks for order existence with a SELECT query but does not enforce the foreign key constraint at the database level in the INSERT operation. This could lead to orphaned line items if the order is deleted concurrently.""
  },
  {
    ""name"": ""Inconsistent default value handling"",
    ""detected"": true,
    ""description"": ""In the /api/orders endpoint, when creating line items, the code sets l_comment to an empty string if not provided, but the database schema allows NULL. This inconsistency could lead to data integrity issues if the schema expects NULL but receives empty strings.""
  }
]
```",FALSE,"The reviewer does not mention that adding a lineitem fails to recalculate orders.o_totalprice, causing get_order to return a stale aggregate from the orders table.",FALSE,,FALSE,,1,,,
SA_short_P2_test,python_fastapi_rawsql,stale_aggregate,TRUE,"add_lineitem inserts a new lineitem row (increasing the actual total) but does not recalculate orders.o_totalprice. get_order reads o_totalprice directly from the orders table, returning a stale value.","[
  {
    ""name"": ""Missing Foreign Key Check in Order Creation"",
    ""detected"": true,
    ""description"": ""In the create_order endpoint, when inserting lineitems, there is no check to verify if the order exists before adding lineitems. While the order is created immediately before, this could lead to issues if the order insertion fails silently or if there are concurrency issues, though concurrency is out of scope. The foreign key constraint in the database would catch this, but the code does not handle potential integrity errors.""
  },
  {
    ""name"": ""Potential SQL Injection in Raw SQL"",
    ""detected"": false,
    ""description"": """"
  },
  {
    ""name"": ""Database Connection Not Closed on Early Return"",
    ""detected"": true,
    ""description"": ""In the add_lineitem endpoint, if the order is not found, the function returns early after rolling back but before closing the database connection. The finally block will close it, but the rollback and return occur inside the try block, leaving the connection open until finally is executed. This is inefficient and could lead to resource leaks under high load.""
  },
  {
    ""name"": ""Inconsistent Use of Transaction Control"",
    ""detected"": true,
    ""description"": ""In the create_order endpoint, a transaction is started with BEGIN, but if an exception occurs during execution (e.g., key constraint violation), the transaction is not rolled back in the except block. The finally block closes the connection, which may leave an open transaction. This could cause resource locks or inconsistent state.""
  },
  {
    ""name"": ""Hardcoded Total Price Calculation"",
    ""detected"": true,
    ""description"": ""In the create_order endpoint, the total price is calculated as SUM(l_extendedprice * (1 - l_discount) * (1 + l_tax)). This formula is hardcoded and might not match the business logic if it changes. It should be consistent with any other places where the total is computed or stored.""
  },
  {
    ""name"": ""Missing Input Validation for Line Items"",
    ""detected"": false,
    ""description"": """"
  },
  {
    ""name"": ""Use of Request.json() Without Timeout"",
    ""detected"": false,
    ""description"": """"
  },
  {
    ""name"": ""Potential Integer Overflow for o_orderkey"",
    ""detected"": false,
    ""description"": """"
  }
]",FALSE,"The reviewer does not identify that add_lineitem changes lineitems without recomputing orders.o_totalprice, causing get_order to return a stale aggregate. Their 'Hardcoded Total Price Calculation' note is about business-logic consistency, not failure to update the stored total after inserts.",FALSE,,FALSE,,1,,,
SA_short_P2_test,python_fastapi_sqlalchemy,stale_aggregate,TRUE,"add_lineitem inserts a new lineitem row (increasing the actual total) but does not recalculate orders.o_totalprice. get_order reads o_totalprice directly from the orders table, returning a stale value.","[
  {
    ""name"": ""Missing Primary Key Generation for Orders"",
    ""detected"": true,
    ""description"": ""In create_order endpoint, the Orders object is created without setting o_orderkey, which is the primary key. SQLAlchemy requires primary keys to be set explicitly for autoincrement=False columns, but the code relies on database auto-generation without proper configuration.""
  },
  {
    ""name"": ""Incorrect Transaction Handling in add_lineitem"",
    ""detected"": true,
    ""description"": ""The add_lineitem endpoint uses db.begin() explicitly while the session is already in a transaction by default. This creates nested transactions unnecessarily and db.rollback()/db.commit() should be avoided with explicit begin().""
  },
  {
    ""name"": ""Missing Required Field Validation in add_lineitem"",
    ""detected"": true,
    ""description"": ""The add_lineitem endpoint accesses payload['l_linenumber'], payload['l_extendedprice'], payload['l_discount'], and payload['l_tax'] directly without checking if these keys exist, which will cause KeyError if missing.""
  },
  {
    ""name"": ""Incorrect Total Price Calculation"",
    ""detected"": true,
    ""description"": ""In create_order endpoint, the total price calculation uses (l_extendedprice * (1 - l_discount) * (1 + l_tax)) which incorrectly adds tax after discount. Typically, tax is applied to the discounted amount, but the formula should be verified against business rules.""
  },
  {
    ""name"": ""Missing Required Field Validation in create_order"",
    ""detected"": true,
    ""description"": ""The create_order endpoint accesses payload['o_orderdate'] and payload['lineitems'] directly without validation, which may cause KeyError. Additionally, each lineitem requires 'l_linenumber', 'l_extendedprice', 'l_discount', and 'l_tax' fields.""
  },
  {
    ""name"": ""Potential Float Precision Issues"",
    ""detected"": true,
    ""description"": ""The schema uses Float for monetary values (o_totalprice, l_extendedprice, l_discount, l_tax). Float types can cause precision issues in financial calculations; Decimal should be used instead for exact precision.""
  },
  {
    ""name"": ""Database Session Not Closed on Exception"",
    ""detected"": true,
    ""description"": ""All endpoints use try-finally to close the session, but if an exception occurs after db.begin() or during transaction, the session might not be properly rolled back before closing, potentially leaving transactions open.""
  }
]",FALSE,"The reviewer does not mention that add_lineitem inserts a lineitem without updating orders.o_totalprice, causing get_order to return a stale aggregate from the orders table.",FALSE,,FALSE,,1,,,
SA_short_P2_test,python_flask_rawsql,stale_aggregate,TRUE,"add_lineitem inserts a new lineitem row (increasing the actual total) but does not recalculate orders.o_totalprice. get_order reads o_totalprice directly from the orders table, returning a stale value.","[
  {
    ""name"": ""Missing Foreign Key Check in Order Creation"",
    ""detected"": true,
    ""description"": ""In the create_order endpoint, line items are inserted with an order key that hasn't been committed yet. This violates the foreign key constraint since the parent order doesn't exist in the database until the transaction is committed.""
  },
  {
    ""name"": ""Inconsistent Total Price Calculation"",
    ""detected"": true,
    ""description"": ""The create_order endpoint calculates total price using SUM(l_extendedprice * (1 - l_discount) * (1 + l_tax)), but the add_lineitem endpoint doesn't update the order total when adding new line items, leading to inconsistent data.""
  },
  {
    ""name"": ""Missing Required Fields Validation"",
    ""detected"": true,
    ""description"": ""The add_lineitem endpoint doesn't validate that required fields (l_linenumber, l_extendedprice, l_discount, l_tax) are present in the payload, which could cause database errors if they are missing.""
  },
  {
    ""name"": ""Potential SQL Injection in Raw SQL"",
    ""detected"": false,
    ""description"": ""All SQL queries use parameterized queries with placeholders, which prevents SQL injection. No issue detected.""
  }
]",TRUE,"The reviewer explicitly says add_lineitem does not update the order total when adding new line items, causing inconsistent data. This matches the core issue that orders.o_totalprice becomes stale after inserting a line item.",TRUE,,TRUE,,1,,,
SA_short_P2_test,python_flask_sqlalchemy,stale_aggregate,TRUE,"add_lineitem inserts a new lineitem row (increasing the actual total) but does not recalculate orders.o_totalprice. get_order reads o_totalprice directly from the orders table, returning a stale value.","[
  {
    ""name"": ""Missing Primary Key Generation"",
    ""detected"": true,
    ""description"": ""In create_order endpoint, the Order object is created without explicitly setting o_orderkey, which should be auto-generated. However, SQLAlchemy requires the primary key to be set when adding child records (LineItem) that reference it. The code relies on db.flush() to generate the key, but this may not work correctly if the primary key isn't configured for auto-generation.""
  },
  {
    ""name"": ""Inconsistent Total Calculation"",
    ""detected"": true,
    ""description"": ""In create_order endpoint, the total price calculation uses LineItem records that were just added but not yet committed. However, the query might not see these uncommitted changes due to transaction isolation, potentially resulting in an incorrect total. The calculation should use the in-memory LineItem objects instead of querying the database.""
  },
  {
    ""name"": ""Missing Required Fields Validation"",
    ""detected"": true,
    ""description"": ""In add_lineitem endpoint, the payload is accessed for required fields (l_linenumber, l_extendedprice, l_discount, l_tax) without checking if they exist. This could cause KeyError exceptions when these fields are missing from the request payload.""
  },
  {
    ""name"": ""Exception Handling Inconsistency"",
    ""detected"": true,
    ""description"": ""In add_lineitem and create_order endpoints, exceptions are caught and db.rollback() is called, but then the exception is re-raised without handling. This will result in HTTP 500 errors without proper error messages. The endpoints should return appropriate error responses instead of re-raising exceptions.""
  }
]",FALSE,"The expected issue is that add_lineitem inserts a line item but does not recompute orders.o_totalprice, so later reads return a stale aggregate. The reviewer mentions an 'Inconsistent Total Calculation' only in create_order and attributes it to querying uncommitted rows due to transaction isolation, which is a different root cause and does not describe the missing recomputation after add_lineitem.",FALSE,,FALSE,,1,,,
SA_short_P3_test,go_fiber_gorm,stale_aggregate,TRUE,"ship_lineitem updates l_shipdate to today's date but does not recalculate orders.o_latest_shipdate. get_order reads o_latest_shipdate directly, returning a stale value that does not reflect the most recent shipment.","[
  {
    ""name"": ""Missing Foreign Key Constraint Check"",
    ""detected"": true,
    ""description"": ""In the POST /api/orders/:o_orderkey/lineitems/:l_linenumber/ship endpoint, the code checks if the lineitem exists but does not verify if the corresponding order exists. This could allow shipping lineitems for non-existent orders, violating the foreign key constraint in the schema.""
  },
  {
    ""name"": ""Potential Data Type Mismatch"",
    ""detected"": true,
    ""description"": ""The schema defines o_orderdate and o_latest_shipdate as TEXT, but the code uses *string type in the Order struct. While SQLite stores dates as TEXT, the code doesn't enforce date format validation, which could lead to inconsistent date representations.""
  },
  {
    ""name"": ""Inconsistent Table Query Methods"",
    ""detected"": true,
    ""description"": ""The code uses db.Table(\""lineitem\"") in the POST endpoint but db.Table(\""orders\"") in the GET endpoint. While functional, this is inconsistent with the defined GORM models (Order and Lineitem). Using the model types directly would be more idiomatic and reduce hardcoded table names.""
  }
]",FALSE,"The reviewer does not mention that shipping a lineitem updates l_shipdate without recalculating orders.o_latest_shipdate, causing get_order to return a stale aggregate value.",FALSE,,FALSE,,1,,,
SA_short_P3_test,go_fiber_rawsql,stale_aggregate,TRUE,"ship_lineitem updates l_shipdate to today's date but does not recalculate orders.o_latest_shipdate. get_order reads o_latest_shipdate directly, returning a stale value that does not reflect the most recent shipment.","[
  {
    ""name"": ""Potential Foreign Key Constraint Violation"",
    ""detected"": true,
    ""description"": ""In shipLineitem function, the code checks if a lineitem exists but does not verify if the corresponding order exists. This could lead to updating a lineitem that references a non-existent order, violating the foreign key constraint in the database schema.""
  },
  {
    ""name"": ""Database Connection Overhead"",
    ""detected"": true,
    ""description"": ""Both shipLineitem and getOrder functions open and close a new database connection for each request. This creates unnecessary overhead and could lead to performance issues under load, as connections are not reused.""
  },
  {
    ""name"": ""Inconsistent Error Handling"",
    ""detected"": true,
    ""description"": ""In shipLineitem function, database errors during the UPDATE operation are returned directly to the client without proper handling. This could expose internal database errors and should be wrapped or logged appropriately instead.""
  },
  {
    ""name"": ""Missing Order Validation in Shipment"",
    ""detected"": true,
    ""description"": ""The shipLineitem function updates the l_shipdate without checking if the order exists or validating any order-level constraints (like o_latest_shipdate), potentially allowing shipments for invalid or canceled orders.""
  }
]",FALSE,"The reviewer does not identify that updating l_shipdate fails to recompute orders.o_latest_shipdate, causing getOrder to return a stale aggregate value. Their mentions of missing order validation or constraints are different issues.",FALSE,,FALSE,,1,,,
SA_short_P3_test,go_gin_gorm,stale_aggregate,TRUE,"ship_lineitem updates l_shipdate to today's date but does not recalculate orders.o_latest_shipdate. get_order reads o_latest_shipdate directly, returning a stale value that does not reflect the most recent shipment.","[
    {
        ""name"": ""Inconsistent Struct Field Types"",
        ""detected"": true,
        ""description"": ""The Order struct uses *float64 and *string types for nullable fields, while the OrderRow struct in the GET endpoint uses sql.NullFloat64 and sql.NullString. This inconsistency can lead to confusion and potential data marshaling issues when handling nullable database fields.""
    },
    {
        ""name"": ""Potential Foreign Key Constraint Violation"",
        ""detected"": true,
        ""description"": ""The POST endpoint updates the l_shipdate in the lineitem table without verifying the existence of the corresponding order in the orders table. This could violate the foreign key constraint if the order does not exist, leading to an error or orphaned record.""
    },
    {
        ""name"": ""Missing Order Update Logic"",
        ""detected"": true,
        ""description"": ""The POST endpoint updates the lineitem's ship date but does not update the order's o_latest_shipdate field. This may lead to inconsistent data if the order's latest ship date should reflect the most recent lineitem ship date.""
    }
]",TRUE,"The reviewer explicitly says the POST endpoint updates lineitem.l_shipdate but does not update orders.o_latest_shipdate, causing inconsistent data if the order's latest ship date should reflect the most recent lineitem ship date. This matches the stale aggregate issue.",TRUE,,TRUE,,1,,,
SA_short_P3_test,go_gin_rawsql,stale_aggregate,TRUE,"ship_lineitem updates l_shipdate to today's date but does not recalculate orders.o_latest_shipdate. get_order reads o_latest_shipdate directly, returning a stale value that does not reflect the most recent shipment.","[
  {
    ""name"": ""Missing Foreign Key Check in ShipLineitem"",
    ""detected"": true,
    ""description"": ""In shipLineitem, the code checks if a lineitem exists but does not verify if the corresponding order exists. This could allow shipping lineitems for non-existent orders, violating the foreign key constraint assumed by the schema.""
  },
  {
    ""name"": ""Inconsistent Variable Naming"",
    ""detected"": true,
    ""description"": ""In getOrder, the variable 'oOrderkey' (camelCase) is used to store the parameter, but the scanned variable is named 'o_orderkey' (snake_case). This is confusing and could lead to maintenance issues, though it doesn't cause a functional bug here.""
  },
  {
    ""name"": ""Potential SQL Injection Risk"",
    ""detected"": false,
    ""description"": """"
  },
  {
    ""name"": ""Missing Update to o_latest_shipdate"",
    ""detected"": true,
    ""description"": ""When shipping a lineitem, the code updates l_shipdate but does not update the orders.o_latest_shipdate field. The schema suggests this field should track the latest ship date across all lineitems for an order, so it may become inconsistent.""
  }
]",TRUE,"The reviewer explicitly identifies that shipLineitem updates l_shipdate without updating orders.o_latest_shipdate, causing the aggregate field to become inconsistent/stale. This matches the expected finding.",TRUE,,TRUE,,1,,,
SA_short_P3_test,js_express_rawsql,stale_aggregate,TRUE,"ship_lineitem updates l_shipdate to today's date but does not recalculate orders.o_latest_shipdate. get_order reads o_latest_shipdate directly, returning a stale value that does not reflect the most recent shipment.","[
  {
    ""name"": ""Database Connection Management"",
    ""detected"": true,
    ""description"": ""The code creates and closes a new database connection for each request in both endpoints. This is inefficient and can lead to performance issues under load, as database connections are expensive to create.""
  },
  {
    ""name"": ""Missing Foreign Key Constraint Check"",
    ""detected"": true,
    ""description"": ""In the ship endpoint, the code checks if the lineitem exists but doesn't verify that the corresponding order exists. While the foreign key constraint exists in the schema, the code should validate the parent order exists for better error handling and data consistency.""
  },
  {
    ""name"": ""Date Handling Inconsistency"",
    ""detected"": true,
    ""description"": ""The ship endpoint updates l_shipdate using today's date, but doesn't check if o_latest_shipdate in the orders table needs updating. This could lead to inconsistent data if the shipped item affects the order's latest ship date.""
  },
  {
    ""name"": ""Potential SQL Injection"",
    ""detected"": false,
    ""description"": """"
  },
  {
    ""name"": ""Transaction Safety"",
    ""detected"": false,
    ""description"": """"
  }
]",TRUE,"The reviewer explicitly says the ship endpoint updates l_shipdate but does not update orders.o_latest_shipdate, leading to inconsistent data if the shipped item affects the order's latest ship date. This matches the core stale aggregate issue.",TRUE,,TRUE,,1,,,
SA_short_P3_test,js_express_sequelize,stale_aggregate,TRUE,"ship_lineitem updates l_shipdate to today's date but does not recalculate orders.o_latest_shipdate. get_order reads o_latest_shipdate directly, returning a stale value that does not reflect the most recent shipment.","[
  {
    ""name"": ""Inconsistent Foreign Key Constraint"",
    ""detected"": true,
    ""description"": ""The Lineitem model defines a foreign key constraint referencing the 'orders' table, but Sequelize's model name is defined as 'lineitem' (lowercase) while the reference uses the string 'orders'. This may cause issues if Sequelize uses model names for relationship resolution.""
  },
  {
    ""name"": ""Missing Order Validation in Ship Endpoint"",
    ""detected"": true,
    ""description"": ""The /api/orders/:o_orderkey/lineitems/:l_linenumber/ship endpoint checks if the lineitem exists but does not validate if the corresponding order exists. This could allow shipping lineitems for non-existent orders.""
  },
  {
    ""name"": ""Potential SQL Injection Vulnerability"",
    ""detected"": false,
    ""description"": """"
  },
  {
    ""name"": ""Missing Transaction Handling"",
    ""detected"": false,
    ""description"": """"
  },
  {
    ""name"": ""Inconsistent Date Handling"",
    ""detected"": true,
    ""description"": ""The code uses TEXT type for date fields (o_orderdate, o_latest_shipdate, l_shipdate) but doesn't enforce date format validation. The todayIsoDate() function produces ISO dates, but existing data might use different formats.""
  },
  {
    ""name"": ""Missing Order-Lineitem Relationship"",
    ""detected"": true,
    ""description"": ""The models are defined without explicit associations (Order.hasMany(Lineitem) and Lineitem.belongsTo(Order)), which may cause issues with eager loading and proper relationship management in Sequelize.""
  }
]",FALSE,"The reviewer does not mention that updating lineitem.l_shipdate fails to recompute orders.o_latest_shipdate, causing get_order to return a stale aggregate value. Their date-handling comment is about TEXT/date format consistency, which is a different root cause.",FALSE,,FALSE,,1,,,
SA_short_P3_test,js_fastify_rawsql,stale_aggregate,TRUE,"ship_lineitem updates l_shipdate to today's date but does not recalculate orders.o_latest_shipdate. get_order reads o_latest_shipdate directly, returning a stale value that does not reflect the most recent shipment.","[
  {
    ""name"": ""Missing Foreign Key Check in Ship Endpoint"",
    ""detected"": true,
    ""description"": ""In the /api/orders/:o_orderkey/lineitems/:l_linenumber/ship endpoint, the code checks if the lineitem exists but does not verify that the lineitem belongs to the specified order. The foreign key constraint ensures lineitems reference valid orders, but the endpoint should confirm the path parameter o_orderkey matches the lineitem's l_orderkey to prevent inconsistent state.""
  },
  {
    ""name"": ""Database Connection Management Inefficiency"",
    ""detected"": true,
    ""description"": ""The get_db() function creates a new database connection for each request and closes it in a finally block. While this ensures connections are closed, it may lead to performance overhead due to frequent connection establishment and teardown, especially under high load. A connection pool or reusing connections might be more efficient.""
  },
  {
    ""name"": ""Potential SQL Injection Risk"",
    ""detected"": false,
    ""description"": """"
  },
  {
    ""name"": ""Missing Transaction for Data Consistency"",
    ""detected"": false,
    ""description"": """"
  },
  {
    ""name"": ""Date Handling Without Timezone Consideration"",
    ""detected"": false,
    ""description"": """"
  }
]",FALSE,"The reviewer does not mention that updating a line item's ship date leaves orders.o_latest_shipdate stale or that get_order returns an outdated aggregate value. Their findings are about order/lineitem ownership checks, connection management, and other unrelated concerns.",FALSE,,FALSE,,1,,,
SA_short_P3_test,js_fastify_sequelize,stale_aggregate,TRUE,"ship_lineitem updates l_shipdate to today's date but does not recalculate orders.o_latest_shipdate. get_order reads o_latest_shipdate directly, returning a stale value that does not reflect the most recent shipment.","[
  {
    ""name"": ""Inconsistent Foreign Key Handling"",
    ""detected"": true,
    ""description"": ""The endpoint /api/orders/:o_orderkey/lineitems/:l_linenumber/ship uses o_orderkey from URL parameter to query lineitem table, but doesn't verify if the corresponding order exists. This violates the foreign key constraint expectation where lineitem should belong to an existing order.""
  },
  {
    ""name"": ""Missing Order Existence Check"",
    ""detected"": true,
    ""description"": ""In the ship endpoint, the code only checks if the lineitem exists but doesn't verify if the parent order exists. This could lead to updating lineitems for non-existent orders, inconsistent with the foreign key relationship.""
  },
  {
    ""name"": ""Potential Data Type Mismatch"",
    ""detected"": true,
    ""description"": ""The schema uses TEXT for date fields (o_orderdate, o_latest_shipdate, l_shipdate) but the code stores ISO date strings (YYYY-MM-DD). While this works, it might lead to inconsistent date formatting if not handled properly elsewhere.""
  }
]",FALSE,"The reviewer does not mention that updating lineitem.l_shipdate fails to recompute orders.o_latest_shipdate, causing get_order to return a stale aggregate value. Their findings are about missing order existence checks and date field typing, which are different root causes.",FALSE,,FALSE,,1,,,
SA_short_P3_test,python_fastapi_rawsql,stale_aggregate,TRUE,"ship_lineitem updates l_shipdate to today's date but does not recalculate orders.o_latest_shipdate. get_order reads o_latest_shipdate directly, returning a stale value that does not reflect the most recent shipment.","[
  {
    ""name"": ""Database Connection Not Async"",
    ""detected"": true,
    ""description"": ""The get_db() function uses synchronous sqlite3.connect() in an async FastAPI endpoint. This can block the event loop and degrade performance under concurrent requests.""
  },
  {
    ""name"": ""Missing Foreign Key Constraint Check"",
    ""detected"": true,
    ""description"": ""The ship_lineitem endpoint updates a lineitem without verifying that the referenced order exists in the orders table, potentially violating foreign key integrity.""
  },
  {
    ""name"": ""Potential SQL Injection Risk"",
    ""detected"": false,
    ""description"": """"
  },
  {
    ""name"": ""Inconsistent Parameter Naming"",
    ""detected"": true,
    ""description"": ""The ship_lineitem endpoint uses parameter name 'o_orderkey' which matches the orders table, but the lineitem table uses 'l_orderkey'. While valid, this naming inconsistency could cause confusion.""
  }
]",FALSE,"The reviewer does not mention that updating lineitem shipment dates leaves orders.o_latest_shipdate stale or that get_order reads an unrecalculated aggregate. Their findings are about async DB usage, foreign key checking, SQL injection, and naming inconsistency, which are different issues.",FALSE,,FALSE,,1,,,
SA_short_P3_test,python_fastapi_sqlalchemy,stale_aggregate,TRUE,"ship_lineitem updates l_shipdate to today's date but does not recalculate orders.o_latest_shipdate. get_order reads o_latest_shipdate directly, returning a stale value that does not reflect the most recent shipment.","[
  {
    ""name"": ""Missing Foreign Key Constraint Check"",
    ""detected"": true,
    ""description"": ""In the ship_lineitem endpoint, the code updates a lineitem without verifying that the corresponding order exists. This violates the foreign key constraint in the schema and could result in orphaned line items.""
  },
  {
    ""name"": ""Potential Data Type Mismatch"",
    ""detected"": true,
    ""description"": ""The code uses Text columns for date fields (o_orderdate, o_latest_shipdate, l_shipdate) while the application uses Python date.isoformat() which returns string. This may cause issues if date parsing/formatting is required elsewhere.""
  },
  {
    ""name"": ""Inconsistent Session Management"",
    ""detected"": true,
    ""description"": ""The get_order endpoint queries specific columns instead of using the Order model directly, which is inconsistent with the ship_lineitem endpoint that uses the full LineItem model for update operations.""
  }
]",FALSE,"The reviewer does not mention that updating lineitem.l_shipdate should also recalculate orders.o_latest_shipdate, nor that get_order returns a stale aggregate value. Their findings are about foreign keys, text date types, and session/query style, which are different issues.",FALSE,,FALSE,,1,,,
SA_short_P3_test,python_flask_rawsql,stale_aggregate,TRUE,"ship_lineitem updates l_shipdate to today's date but does not recalculate orders.o_latest_shipdate. get_order reads o_latest_shipdate directly, returning a stale value that does not reflect the most recent shipment.","[
  {
    ""name"": ""Missing Foreign Key Check in Ship Endpoint"",
    ""detected"": true,
    ""description"": ""The /ship endpoint updates lineitem without verifying the corresponding order exists in the orders table. This violates the foreign key constraint assumption and could create orphaned line items.""
  },
  {
    ""name"": ""Inconsistent Parameter Naming"",
    ""detected"": true,
    ""description"": ""The ship_lineitem endpoint uses parameter 'o_orderkey' but the database column is named 'l_orderkey'. While syntactically correct, this naming inconsistency could cause confusion.""
  },
  {
    ""name"": ""Missing Transaction Rollback on Error"",
    ""detected"": true,
    ""description"": ""The ship_lineitem endpoint commits changes immediately after UPDATE but doesn't handle potential failures during commit. If commit fails, the application state could become inconsistent.""
  }
]",FALSE,"The reviewer does not mention that updating lineitem.l_shipdate fails to recompute orders.o_latest_shipdate, causing get_order to return a stale aggregate value. Their findings are about foreign key checks, naming inconsistency, and transaction handling, which are different issues.",FALSE,,FALSE,,1,,,
SA_short_P3_test,python_flask_sqlalchemy,stale_aggregate,TRUE,"ship_lineitem updates l_shipdate to today's date but does not recalculate orders.o_latest_shipdate. get_order reads o_latest_shipdate directly, returning a stale value that does not reflect the most recent shipment.","[
  {
    ""name"": ""Missing Order Existence Check in Ship Endpoint"",
    ""detected"": true,
    ""description"": ""In the /api/orders/<int:o_orderkey>/lineitems/<int:l_linenumber>/ship endpoint, the code checks if the line item exists but does not verify if the parent order exists. This could lead to updating a lineitem that references a non-existent order, violating the foreign key constraint in the database schema.""
  },
  {
    ""name"": ""Potential Foreign Key Constraint Violation"",
    ""detected"": true,
    ""description"": ""The LineItem model's l_orderkey field has a ForeignKey constraint to orders.o_orderkey, but the ship_lineitem endpoint does not ensure the referenced order exists before updating the lineitem. This could cause database integrity issues if the order was deleted but lineitems remain.""
  },
  {
    ""name"": ""Inconsistent Date Handling"",
    ""detected"": true,
    ""description"": ""The code uses Text type for date columns (o_orderdate, o_latest_shipdate, l_shipdate) instead of Date type, which could lead to inconsistent date formatting and comparison issues. The schema also defines these as TEXT, but SQLAlchemy's Date type would be more appropriate for date operations.""
  },
  {
    ""name"": ""Missing Session Rollback on Error"",
    ""detected"": true,
    ""description"": ""The ship_lineitem endpoint commits the transaction after update but does not include a rollback in case of exceptions. If an error occurs during commit, the session might be left in an inconsistent state. The teardown handler removes the session but doesn't handle transaction rollback.""
  }
]",FALSE,"The reviewer never mentions that updating l_shipdate should also recompute orders.o_latest_shipdate, nor that get_order returns a stale aggregate value from o_latest_shipdate.",FALSE,,FALSE,,1,,,