task;variant;label;gt_detected;gt_description;raw_output;judge_detected;judge_explanation;my_classification;my_explanation
CD_short_N1_test;go_fiber_gorm;cascade_delete;FALSE;delete_customer removes orders rows, but list_orders uses a JOIN on customer, so deleted orders (whose customer no longer exists) are naturally excluded from results. No stale or orphaned data is observable.;[];FALSE;The reviewer output is empty and does not flag cascade delete as an issue, which agrees with the expected result that this should NOT be detected.;FALSE;
CD_short_N1_test;go_fiber_rawsql;cascade_delete;FALSE;delete_customer removes orders rows, but list_orders uses a JOIN on customer, so deleted orders (whose customer no longer exists) are naturally excluded from results. No stale or orphaned data is observable.;[];FALSE;The reviewer output is empty and does not flag any cascade delete/orphaned data issue, which agrees with the expected result that this should not be detected.;FALSE;
CD_short_N1_test;go_gin_gorm;cascade_delete;FALSE;delete_customer removes orders rows, but list_orders uses a JOIN on customer, so deleted orders (whose customer no longer exists) are naturally excluded from results. No stale or orphaned data is observable.;[];FALSE;The reviewer output is empty and does not flag cascade delete as an issue, which agrees with the expected result that this should NOT be detected.;FALSE;
CD_short_N1_test;go_gin_rawsql;cascade_delete;FALSE;delete_customer removes orders rows, but list_orders uses a JOIN on customer, so deleted orders (whose customer no longer exists) are naturally excluded from results. No stale or orphaned data is observable.;[];FALSE;The reviewer output is empty and does not flag cascade delete as an issue, which agrees with the expected result that this should NOT be detected.;FALSE;
CD_short_N1_test;js_express_rawsql;cascade_delete;FALSE;delete_customer removes orders rows, but list_orders uses a JOIN on customer, so deleted orders (whose customer no longer exists) are naturally excluded from results. No stale or orphaned data is observable.;[];FALSE;The reviewer output is empty and does not flag any cascade delete/orphaned data issue, which agrees with the expected result that this should not be detected.;FALSE;
CD_short_N1_test;js_express_sequelize;cascade_delete;FALSE;delete_customer removes orders rows, but list_orders uses a JOIN on customer, so deleted orders (whose customer no longer exists) are naturally excluded from results. No stale or orphaned data is observable.;[];FALSE;The reviewer output is empty and does not flag cascade delete as an issue, which agrees with the expected result that this should NOT be detected.;FALSE;
CD_short_N1_test;js_fastify_rawsql;cascade_delete;FALSE;delete_customer removes orders rows, but list_orders uses a JOIN on customer, so deleted orders (whose customer no longer exists) are naturally excluded from results. No stale or orphaned data is observable.;[];FALSE;The reviewer output is empty and does not flag cascade delete as an issue, which agrees with the expected result that this should NOT be detected.;FALSE;
CD_short_N1_test;js_fastify_sequelize;cascade_delete;FALSE;delete_customer removes orders rows, but list_orders uses a JOIN on customer, so deleted orders (whose customer no longer exists) are naturally excluded from results. No stale or orphaned data is observable.;[];FALSE;The reviewer output is empty and does not flag cascade delete as an issue, which agrees with the expected result that this should NOT be detected.;FALSE;
CD_short_N1_test;python_fastapi_rawsql;cascade_delete;FALSE;delete_customer removes orders rows, but list_orders uses a JOIN on customer, so deleted orders (whose customer no longer exists) are naturally excluded from results. No stale or orphaned data is observable.;[];FALSE;The reviewer output is empty and does not flag any issue, which agrees with the expected result that this should not be detected.;FALSE;
CD_short_N1_test;python_fastapi_sqlalchemy;cascade_delete;FALSE;delete_customer removes orders rows, but list_orders uses a JOIN on customer, so deleted orders (whose customer no longer exists) are naturally excluded from results. No stale or orphaned data is observable.;[];FALSE;The reviewer output is empty and does not flag cascade delete as an issue, which agrees with the expected result that this should NOT be detected.;FALSE;
CD_short_N1_test;python_flask_rawsql;cascade_delete;FALSE;delete_customer removes orders rows, but list_orders uses a JOIN on customer, so deleted orders (whose customer no longer exists) are naturally excluded from results. No stale or orphaned data is observable.;[];FALSE;The reviewer output is empty and does not flag any cascade delete/orphaned data issue, which agrees with the expected result that this should not be detected.;FALSE;
CD_short_N1_test;python_flask_sqlalchemy;cascade_delete;FALSE;delete_customer removes orders rows, but list_orders uses a JOIN on customer, so deleted orders (whose customer no longer exists) are naturally excluded from results. No stale or orphaned data is observable.;[];FALSE;The reviewer output is empty and does not flag cascade delete as an issue, which agrees with the expected result that this should NOT be detected.;FALSE;
CD_short_N2_test;go_fiber_gorm;cascade_delete;FALSE;delete_customer removes orders rows, but list_orders filters with a subquery (WHERE o_custkey IN (SELECT c_custkey FROM customer)), so orders belonging to a deleted customer are excluded from results. No stale or orphaned data is observable.;[];FALSE;The reviewer output is empty and does not flag any cascade delete/orphaned orders issue, which agrees with the expected result that this should not be detected.;FALSE;
CD_short_N2_test;go_fiber_rawsql;cascade_delete;FALSE;delete_customer removes orders rows, but list_orders filters with a subquery (WHERE o_custkey IN (SELECT c_custkey FROM customer)), so orders belonging to a deleted customer are excluded from results. No stale or orphaned data is observable.;[];FALSE;The reviewer output is empty and does not flag any cascade delete/orphaned orders issue, which agrees with the expected result that this should not be detected.;FALSE;
CD_short_N2_test;go_gin_gorm;cascade_delete;FALSE;delete_customer removes orders rows, but list_orders filters with a subquery (WHERE o_custkey IN (SELECT c_custkey FROM customer)), so orders belonging to a deleted customer are excluded from results. No stale or orphaned data is observable.;[];FALSE;The reviewer output is empty and does not flag any cascade delete/orphaned orders issue, which agrees with the expected result that this should NOT be detected.;FALSE;
CD_short_N2_test;go_gin_rawsql;cascade_delete;FALSE;delete_customer removes orders rows, but list_orders filters with a subquery (WHERE o_custkey IN (SELECT c_custkey FROM customer)), so orders belonging to a deleted customer are excluded from results. No stale or orphaned data is observable.;[];FALSE;The reviewer output is empty and does not flag any cascade delete/orphaned data issue, which agrees with the expected result that this should NOT be detected.;FALSE;
CD_short_N2_test;js_express_rawsql;cascade_delete;FALSE;delete_customer removes orders rows, but list_orders filters with a subquery (WHERE o_custkey IN (SELECT c_custkey FROM customer)), so orders belonging to a deleted customer are excluded from results. No stale or orphaned data is observable.;[];FALSE;The reviewer output is empty and does not flag any cascade delete/orphaned orders issue, which agrees with the expected result that this should NOT be detected.;FALSE;
CD_short_N2_test;js_express_sequelize;cascade_delete;FALSE;delete_customer removes orders rows, but list_orders filters with a subquery (WHERE o_custkey IN (SELECT c_custkey FROM customer)), so orders belonging to a deleted customer are excluded from results. No stale or orphaned data is observable.;[];FALSE;The expected finding should not be detected, and the reviewer output is empty, so they did not incorrectly flag any cascade/orphaned-order issue.;FALSE;
CD_short_N2_test;js_fastify_rawsql;cascade_delete;FALSE;delete_customer removes orders rows, but list_orders filters with a subquery (WHERE o_custkey IN (SELECT c_custkey FROM customer)), so orders belonging to a deleted customer are excluded from results. No stale or orphaned data is observable.;[];FALSE;The reviewer output is empty and does not flag any cascade delete/orphaned data issue, which agrees with the expected result that this should not be detected.;FALSE;
CD_short_N2_test;js_fastify_sequelize;cascade_delete;FALSE;delete_customer removes orders rows, but list_orders filters with a subquery (WHERE o_custkey IN (SELECT c_custkey FROM customer)), so orders belonging to a deleted customer are excluded from results. No stale or orphaned data is observable.;[];FALSE;The reviewer output is empty and does not flag any cascade delete/orphaned orders issue, which agrees with the expected result that this should not be detected.;FALSE;
CD_short_N2_test;python_fastapi_rawsql;cascade_delete;FALSE;delete_customer removes orders rows, but list_orders filters with a subquery (WHERE o_custkey IN (SELECT c_custkey FROM customer)), so orders belonging to a deleted customer are excluded from results. No stale or orphaned data is observable.;[];FALSE;The reviewer output is empty and does not flag any cascade delete/orphaned orders issue, which agrees with the expected result that this should not be detected.;FALSE;
CD_short_N2_test;python_fastapi_sqlalchemy;cascade_delete;FALSE;delete_customer removes orders rows, but list_orders filters with a subquery (WHERE o_custkey IN (SELECT c_custkey FROM customer)), so orders belonging to a deleted customer are excluded from results. No stale or orphaned data is observable.;[];FALSE;The reviewer output is empty and does not flag any cascade delete/orphaned orders issue, which agrees with the expected result that this should not be detected.;FALSE;
CD_short_N2_test;python_flask_rawsql;cascade_delete;FALSE;delete_customer removes orders rows, but list_orders filters with a subquery (WHERE o_custkey IN (SELECT c_custkey FROM customer)), so orders belonging to a deleted customer are excluded from results. No stale or orphaned data is observable.;[];FALSE;The reviewer output is empty and does not flag any cascade delete/orphaned orders issue, which agrees with the expected result that this should not be detected.;FALSE;
CD_short_N2_test;python_flask_sqlalchemy;cascade_delete;FALSE;delete_customer removes orders rows, but list_orders filters with a subquery (WHERE o_custkey IN (SELECT c_custkey FROM customer)), so orders belonging to a deleted customer are excluded from results. No stale or orphaned data is observable.;[];FALSE;The reviewer output is empty and does not flag any cascade delete/orphaned orders issue, which agrees with the expected result that this should not be detected.;FALSE;
CD_short_N3_test;go_fiber_gorm;cascade_delete;FALSE;delete_customer does not remove child orders rows. With PRAGMA foreign_keys = ON, the database rejects the deletion if dependent orders exist (IntegrityError caught, 409 returned). Orders are never silently lost, so the dashboard remains correct.;[];FALSE;The reviewer output is empty and does not flag any cascade delete issue, which agrees with the expected result that this should NOT be detected.;FALSE;
CD_short_N3_test;go_fiber_rawsql;cascade_delete;FALSE;delete_customer does not remove child orders rows. With PRAGMA foreign_keys = ON, the database rejects the deletion if dependent orders exist (IntegrityError caught, 409 returned). Orders are never silently lost, so the dashboard remains correct.;[];FALSE;The reviewer output is empty and does not flag any cascade delete issue, which agrees with the expected result that this should NOT be detected.;FALSE;
CD_short_N3_test;go_gin_gorm;cascade_delete;FALSE;delete_customer does not remove child orders rows. With PRAGMA foreign_keys = ON, the database rejects the deletion if dependent orders exist (IntegrityError caught, 409 returned). Orders are never silently lost, so the dashboard remains correct.;"[{""name"":""Overbroad foreign-key conflict handling on customer delete"",""detected"":true,""description"":""In DELETE /api/customers/:c_custkey, after `DELETE FROM customer WHERE c_custkey = ?`, any database error that satisfies `errors.As(res.Error, &sqliteErr)` is converted to HTTP 409 with message `Cannot delete customer with existing orders`. Since that target interface matches essentially any error type with an `Error() string` method, unrelated SQL/database errors can be misreported as a referential-integrity conflict.""}]";FALSE;"The expected finding says this issue should NOT be detected. The reviewer did not claim child orders are silently deleted or that delete_customer wrongly cascades; instead they flagged a different issue about overbroad error handling on customer delete. So they did not incorrectly detect the cascade-delete problem.";FALSE;
CD_short_N3_test;go_gin_rawsql;cascade_delete;FALSE;delete_customer does not remove child orders rows. With PRAGMA foreign_keys = ON, the database rejects the deletion if dependent orders exist (IntegrityError caught, 409 returned). Orders are never silently lost, so the dashboard remains correct.;[];FALSE;The reviewer output is empty and does not flag any cascade delete issue, which agrees with the expected result that this should NOT be detected.;FALSE;
CD_short_N3_test;js_express_rawsql;cascade_delete;FALSE;delete_customer does not remove child orders rows. With PRAGMA foreign_keys = ON, the database rejects the deletion if dependent orders exist (IntegrityError caught, 409 returned). Orders are never silently lost, so the dashboard remains correct.;[];FALSE;The reviewer output is empty and does not flag any cascade delete issue, which agrees with the expected result that this should not be detected.;FALSE;
CD_short_N3_test;js_express_sequelize;cascade_delete;FALSE;delete_customer does not remove child orders rows. With PRAGMA foreign_keys = ON, the database rejects the deletion if dependent orders exist (IntegrityError caught, 409 returned). Orders are never silently lost, so the dashboard remains correct.;[];FALSE;The reviewer output is empty and does not flag any cascade delete issue, which agrees with the expected result that this should NOT be detected.;FALSE;
CD_short_N3_test;js_fastify_rawsql;cascade_delete;FALSE;delete_customer does not remove child orders rows. With PRAGMA foreign_keys = ON, the database rejects the deletion if dependent orders exist (IntegrityError caught, 409 returned). Orders are never silently lost, so the dashboard remains correct.;[];FALSE;The reviewer output is empty and does not flag any cascade delete issue, which agrees with the expected result that this should NOT be detected.;FALSE;
CD_short_N3_test;js_fastify_sequelize;cascade_delete;FALSE;delete_customer does not remove child orders rows. With PRAGMA foreign_keys = ON, the database rejects the deletion if dependent orders exist (IntegrityError caught, 409 returned). Orders are never silently lost, so the dashboard remains correct.;[];FALSE;The reviewer output is empty and does not flag any cascade delete issue, which agrees with the expected result that this should NOT be detected.;FALSE;
CD_short_N3_test;python_fastapi_rawsql;cascade_delete;FALSE;delete_customer does not remove child orders rows. With PRAGMA foreign_keys = ON, the database rejects the deletion if dependent orders exist (IntegrityError caught, 409 returned). Orders are never silently lost, so the dashboard remains correct.;[];FALSE;The reviewer output is empty and does not flag any cascade delete issue, which agrees with the expected result that this should NOT be detected.;FALSE;
CD_short_N3_test;python_fastapi_sqlalchemy;cascade_delete;FALSE;delete_customer does not remove child orders rows. With PRAGMA foreign_keys = ON, the database rejects the deletion if dependent orders exist (IntegrityError caught, 409 returned). Orders are never silently lost, so the dashboard remains correct.;[];FALSE;The reviewer output is empty and does not flag any cascade delete issue, which agrees with the expected result that this should NOT be detected.;FALSE;
CD_short_N3_test;python_flask_rawsql;cascade_delete;FALSE;delete_customer does not remove child orders rows. With PRAGMA foreign_keys = ON, the database rejects the deletion if dependent orders exist (IntegrityError caught, 409 returned). Orders are never silently lost, so the dashboard remains correct.;[];FALSE;The reviewer output is empty and does not flag any cascade delete issue, which agrees with the expected result that this should NOT be detected.;FALSE;
CD_short_N3_test;python_flask_sqlalchemy;cascade_delete;FALSE;delete_customer does not remove child orders rows. With PRAGMA foreign_keys = ON, the database rejects the deletion if dependent orders exist (IntegrityError caught, 409 returned). Orders are never silently lost, so the dashboard remains correct.;"[{""name"":""Bulk delete bypasses ORM dependency handling"",""detected"":true,""description"":""In `delete_customer`, `db.query(Customer).filter(Customer.c_custkey == c_custkey).delete(synchronize_session=False)` performs a bulk SQL delete instead of deleting a loaded `Customer` entity. This bypasses ORM relationship handling and relies entirely on the database FK restriction, so customers with related `orders` are not handled through the mapped `orders` relationship and only fail at commit time.""}]";TRUE;The expected finding should NOT be detected, but the reviewer explicitly flags `delete_customer` for not handling related `orders` via ORM delete/cascade behavior and relying on FK failure at commit time. This matches the same underlying cascade/delete concern, even though the database correctly prevents silent loss.;TRUE;
CD_short_P1_test;go_fiber_gorm;cascade_delete;TRUE;delete_customer removes all orders for that customer, but orders_summary aggregates all rows in orders without filtering by existing customers. After deletion, the summary incorrectly drops the deleted customer's order count and revenue.;[];FALSE;The reviewer output is empty and does not mention the issue where deleting a customer cascades to orders, causing orders_summary to lose that customer's historical order count and revenue.;FALSE;
CD_short_P1_test;go_fiber_rawsql;cascade_delete;TRUE;delete_customer removes all orders for that customer, but orders_summary aggregates all rows in orders without filtering by existing customers. After deletion, the summary incorrectly drops the deleted customer's order count and revenue.;[];FALSE;The reviewer output is empty and does not mention the issue where deleting a customer cascades to orders and causes orders_summary to lose that customer's historical order count and revenue.;FALSE;
CD_short_P1_test;go_gin_gorm;cascade_delete;TRUE;delete_customer removes all orders for that customer, but orders_summary aggregates all rows in orders without filtering by existing customers. After deletion, the summary incorrectly drops the deleted customer's order count and revenue.;[];FALSE;The reviewer output is empty and does not mention the issue where deleting a customer cascades to orders and causes orders_summary to lose that customer's historical order count and revenue.;FALSE;
CD_short_P1_test;go_gin_rawsql;cascade_delete;TRUE;delete_customer removes all orders for that customer, but orders_summary aggregates all rows in orders without filtering by existing customers. After deletion, the summary incorrectly drops the deleted customer's order count and revenue.;"[{""name"":""Historical orders deleted by customer deletion"",""detected"":true,""description"":""In deleteCustomer, the handler executes `DELETE FROM orders WHERE o_custkey = ?` before deleting the customer. This removes all orders for that customer, but `ordersSummary` is defined to return a summary of all existing historical orders, so deleting a customer also erases historical order data and changes the summary.""}]";TRUE;The reviewer explicitly identifies that deleting a customer also deletes that customer's orders, which causes the orders summary over all orders to change by removing historical order count/revenue. This matches the expected root cause and impact.;TRUE;
CD_short_P1_test;js_express_rawsql;cascade_delete;TRUE;delete_customer removes all orders for that customer, but orders_summary aggregates all rows in orders without filtering by existing customers. After deletion, the summary incorrectly drops the deleted customer's order count and revenue.;[];FALSE;The reviewer output is empty and does not mention the issue where deleting a customer cascades to orders, causing orders_summary to lose that customer's historical order count and revenue.;FALSE;
CD_short_P1_test;js_express_sequelize;cascade_delete;TRUE;delete_customer removes all orders for that customer, but orders_summary aggregates all rows in orders without filtering by existing customers. After deletion, the summary incorrectly drops the deleted customer's order count and revenue.;[];FALSE;The reviewer output is empty and does not mention the issue where deleting a customer cascades to orders, causing orders_summary to lose those historical rows.;FALSE;
CD_short_P1_test;js_fastify_rawsql;cascade_delete;TRUE;delete_customer removes all orders for that customer, but orders_summary aggregates all rows in orders without filtering by existing customers. After deletion, the summary incorrectly drops the deleted customer's order count and revenue.;[];FALSE;The reviewer output is empty and does not mention the issue where deleting a customer cascades to orders, causing orders_summary to lose that customer's historical order count and revenue.;FALSE;
CD_short_P1_test;js_fastify_sequelize;cascade_delete;TRUE;delete_customer removes all orders for that customer, but orders_summary aggregates all rows in orders without filtering by existing customers. After deletion, the summary incorrectly drops the deleted customer's order count and revenue.;[];FALSE;The reviewer output is empty and does not mention the issue where deleting a customer cascades to orders and causes orders_summary to lose that customer's historical order count and revenue.;FALSE;
CD_short_P1_test;python_fastapi_rawsql;cascade_delete;TRUE;delete_customer removes all orders for that customer, but orders_summary aggregates all rows in orders without filtering by existing customers. After deletion, the summary incorrectly drops the deleted customer's order count and revenue.;[];FALSE;The reviewer output is empty and does not mention the issue where deleting a customer cascades to orders and causes orders_summary to lose that customer's historical order count and revenue.;FALSE;
CD_short_P1_test;python_fastapi_sqlalchemy;cascade_delete;TRUE;delete_customer removes all orders for that customer, but orders_summary aggregates all rows in orders without filtering by existing customers. After deletion, the summary incorrectly drops the deleted customer's order count and revenue.;[];FALSE;The reviewer output is empty and does not mention the issue where deleting a customer cascades to orders and causes orders_summary to lose that customer's historical order count and revenue.;FALSE;
CD_short_P1_test;python_flask_rawsql;cascade_delete;TRUE;delete_customer removes all orders for that customer, but orders_summary aggregates all rows in orders without filtering by existing customers. After deletion, the summary incorrectly drops the deleted customer's order count and revenue.;[];FALSE;The reviewer output is empty and does not mention the issue where deleting a customer cascades to orders and causes orders_summary to lose that customer's historical order count and revenue.;FALSE;
CD_short_P1_test;python_flask_sqlalchemy;cascade_delete;TRUE;delete_customer removes all orders for that customer, but orders_summary aggregates all rows in orders without filtering by existing customers. After deletion, the summary incorrectly drops the deleted customer's order count and revenue.;[];FALSE;The reviewer output is empty and does not mention the issue where deleting a customer cascades to orders, causing orders_summary to lose that customer's historical order count and revenue.;FALSE;
CD_short_P2_test;go_fiber_gorm;cascade_delete;TRUE;delete_customer removes all orders for that customer, but orders_history reads from orders without any customer-existence filter. The route name implies complete historical records are required, yet deleted orders silently disappear.;[];FALSE;The reviewer output is empty and does not mention the issue that deleting a customer cascades to orders, causing historical orders to disappear from orders_history.;FALSE;
CD_short_P2_test;go_fiber_rawsql;cascade_delete;TRUE;delete_customer removes all orders for that customer, but orders_history reads from orders without any customer-existence filter. The route name implies complete historical records are required, yet deleted orders silently disappear.;[];FALSE;The reviewer output is empty and does not mention the issue that deleting a customer cascades to orders, causing historical orders to disappear from orders_history.;FALSE;
CD_short_P2_test;go_gin_gorm;cascade_delete;TRUE;delete_customer removes all orders for that customer, but orders_history reads from orders without any customer-existence filter. The route name implies complete historical records are required, yet deleted orders silently disappear.;[];FALSE;The reviewer output is empty and does not mention the issue that deleting a customer cascades to orders, causing historical orders to disappear from orders_history.;FALSE;
CD_short_P2_test;go_gin_rawsql;cascade_delete;TRUE;delete_customer removes all orders for that customer, but orders_history reads from orders without any customer-existence filter. The route name implies complete historical records are required, yet deleted orders silently disappear.;[];FALSE;The reviewer output is empty and does not mention the issue that deleting a customer cascades to orders, causing historical order records to disappear.;FALSE;
CD_short_P2_test;js_express_rawsql;cascade_delete;TRUE;delete_customer removes all orders for that customer, but orders_history reads from orders without any customer-existence filter. The route name implies complete historical records are required, yet deleted orders silently disappear.;"[{""name"":""Order history omits deleted orders"",""detected"":true,""description"":""In GET /api/orders/history, the query reads only from the current orders table (`SELECT ... FROM orders`). In DELETE /api/customers/:c_custkey, the code permanently deletes that customer's rows from `orders` before deleting the customer, so those past orders can no longer appear in the advertised \""history of all existed orders\"".""}]";TRUE;The reviewer explicitly identifies that deleting a customer permanently deletes their orders from the orders table, causing the orders history endpoint—which reads only from orders—to omit those historical records. This matches the expected cascade-delete/history-loss issue.;TRUE;
CD_short_P2_test;js_express_sequelize;cascade_delete;TRUE;delete_customer removes all orders for that customer, but orders_history reads from orders without any customer-existence filter. The route name implies complete historical records are required, yet deleted orders silently disappear.;[];FALSE;The reviewer output is empty and does not mention the issue that deleting a customer cascades to orders, causing historical order records to disappear from orders_history.;FALSE;
CD_short_P2_test;js_fastify_rawsql;cascade_delete;TRUE;delete_customer removes all orders for that customer, but orders_history reads from orders without any customer-existence filter. The route name implies complete historical records are required, yet deleted orders silently disappear.;[];FALSE;The reviewer output is empty and does not mention the issue that deleting a customer cascades to orders, causing historical orders to disappear from orders_history.;FALSE;
CD_short_P2_test;js_fastify_sequelize;cascade_delete;TRUE;delete_customer removes all orders for that customer, but orders_history reads from orders without any customer-existence filter. The route name implies complete historical records are required, yet deleted orders silently disappear.;[];FALSE;The reviewer output is empty and does not mention the issue that deleting a customer cascades to orders, causing historical orders to disappear from orders_history.;FALSE;
CD_short_P2_test;python_fastapi_rawsql;cascade_delete;TRUE;delete_customer removes all orders for that customer, but orders_history reads from orders without any customer-existence filter. The route name implies complete historical records are required, yet deleted orders silently disappear.;"[{""name"":""Order history endpoint omits deleted orders"",""detected"":true,""description"":""In `orders_history()`, the query reads only from the live `orders` table (`SELECT ... FROM orders ORDER BY o_orderdate`), but `delete_customer()` permanently deletes that customer's rows from `orders` first. As a result, the endpoint cannot return the history of all existed orders as its docstring claims, because deleted orders are erased from the only source it queries.""}]";TRUE;The reviewer explicitly identifies that `delete_customer()` deletes rows from `orders`, while `orders_history()` reads only from `orders`, causing historical orders for deleted customers to disappear. This matches the expected cascade-delete/history-loss issue.;TRUE;
CD_short_P2_test;python_fastapi_sqlalchemy;cascade_delete;TRUE;delete_customer removes all orders for that customer, but orders_history reads from orders without any customer-existence filter. The route name implies complete historical records are required, yet deleted orders silently disappear.;[];FALSE;The reviewer output is empty and does not mention the issue that deleting a customer cascades to orders, causing historical orders to disappear from orders_history.;FALSE;
CD_short_P2_test;python_flask_rawsql;cascade_delete;TRUE;delete_customer removes all orders for that customer, but orders_history reads from orders without any customer-existence filter. The route name implies complete historical records are required, yet deleted orders silently disappear.;[];FALSE;The reviewer output is empty and does not mention the issue that deleting a customer cascades to orders, causing historical orders to disappear from orders_history.;FALSE;
CD_short_P2_test;python_flask_sqlalchemy;cascade_delete;TRUE;delete_customer removes all orders for that customer, but orders_history reads from orders without any customer-existence filter. The route name implies complete historical records are required, yet deleted orders silently disappear.;[];FALSE;The reviewer output is empty and does not mention the issue that deleting a customer cascades to orders, causing historical orders to disappear from orders_history.;FALSE;
CD_short_P3_test;go_fiber_gorm;cascade_delete;TRUE;delete_customer removes all orders for that customer. monthly_trend groups orders by month to compute trends without any customer-existence filter. Deleted orders silently disappear, distorting historical monthly counts and revenue.;"[{""name"":""Monthly trend includes null-date bucket"",""detected"":true,""description"":""In GET /api/orders/monthly-trend, the query groups by `strftime('%Y-%m', o_orderdate)` over all rows in `orders`. Because `o_orderdate` is nullable in the schema/model, orders with NULL dates are aggregated into a NULL `month` bucket, which contradicts returning a per-month trend.""}]";FALSE;The reviewer only reports that monthly_trend can produce a NULL month bucket due to nullable order dates. They do not mention delete_customer cascading/removing orders, historical data loss, or distortion of monthly trends caused by deleted customer orders disappearing.;FALSE;
CD_short_P3_test;go_fiber_rawsql;cascade_delete;TRUE;delete_customer removes all orders for that customer. monthly_trend groups orders by month to compute trends without any customer-existence filter. Deleted orders silently disappear, distorting historical monthly counts and revenue.;[];FALSE;The reviewer output is empty and does not mention the issue that deleting a customer cascades to deleting orders, which distorts monthly trend calculations.;FALSE;
CD_short_P3_test;go_gin_gorm;cascade_delete;TRUE;delete_customer removes all orders for that customer. monthly_trend groups orders by month to compute trends without any customer-existence filter. Deleted orders silently disappear, distorting historical monthly counts and revenue.;[];FALSE;The reviewer output is empty and does not mention the issue that deleting a customer cascades to deleting orders, which distorts monthly trend calculations.;FALSE;
CD_short_P3_test;go_gin_rawsql;cascade_delete;TRUE;delete_customer removes all orders for that customer. monthly_trend groups orders by month to compute trends without any customer-existence filter. Deleted orders silently disappear, distorting historical monthly counts and revenue.;[];FALSE;The reviewer output is empty and does not mention the issue that deleting a customer cascades to deleting orders, which distorts monthly trend calculations.;FALSE;
CD_short_P3_test;js_express_rawsql;cascade_delete;TRUE;delete_customer removes all orders for that customer. monthly_trend groups orders by month to compute trends without any customer-existence filter. Deleted orders silently disappear, distorting historical monthly counts and revenue.;[];FALSE;The reviewer output is empty and does not mention the issue that deleting a customer cascades to deleting orders, which distorts monthly trend calculations.;FALSE;
CD_short_P3_test;js_express_sequelize;cascade_delete;TRUE;delete_customer removes all orders for that customer. monthly_trend groups orders by month to compute trends without any customer-existence filter. Deleted orders silently disappear, distorting historical monthly counts and revenue.;[];FALSE;The reviewer output is empty and does not mention the issue that deleting a customer cascades to deleting orders, which distorts monthly trend calculations by removing historical order data.;FALSE;
CD_short_P3_test;js_fastify_rawsql;cascade_delete;TRUE;delete_customer removes all orders for that customer. monthly_trend groups orders by month to compute trends without any customer-existence filter. Deleted orders silently disappear, distorting historical monthly counts and revenue.;[];FALSE;The reviewer output is empty and does not mention the issue that deleting a customer cascades to delete orders, causing historical monthly trend calculations to lose past order data.;FALSE;
CD_short_P3_test;js_fastify_sequelize;cascade_delete;TRUE;delete_customer removes all orders for that customer. monthly_trend groups orders by month to compute trends without any customer-existence filter. Deleted orders silently disappear, distorting historical monthly counts and revenue.;[];FALSE;The reviewer output is empty and does not mention the issue that deleting a customer cascades to deleting orders, which distorts monthly trend calculations.;FALSE;
CD_short_P3_test;python_fastapi_rawsql;cascade_delete;TRUE;delete_customer removes all orders for that customer. monthly_trend groups orders by month to compute trends without any customer-existence filter. Deleted orders silently disappear, distorting historical monthly counts and revenue.;[];FALSE;The reviewer output is empty and does not mention the issue that deleting a customer cascades to deleting orders, which distorts monthly trend calculations.;FALSE;
CD_short_P3_test;python_fastapi_sqlalchemy;cascade_delete;TRUE;delete_customer removes all orders for that customer. monthly_trend groups orders by month to compute trends without any customer-existence filter. Deleted orders silently disappear, distorting historical monthly counts and revenue.;[];FALSE;The reviewer output is empty and does not mention the issue that deleting a customer cascades to deleting orders, which distorts monthly trend calculations.;FALSE;
CD_short_P3_test;python_flask_rawsql;cascade_delete;TRUE;delete_customer removes all orders for that customer. monthly_trend groups orders by month to compute trends without any customer-existence filter. Deleted orders silently disappear, distorting historical monthly counts and revenue.;[];FALSE;The reviewer output is empty and does not mention the issue that deleting a customer cascades to deleting orders, which then distorts monthly trend calculations.;FALSE;
CD_short_P3_test;python_flask_sqlalchemy;cascade_delete;TRUE;delete_customer removes all orders for that customer. monthly_trend groups orders by month to compute trends without any customer-existence filter. Deleted orders silently disappear, distorting historical monthly counts and revenue.;[];FALSE;The reviewer output is empty and does not mention the issue that deleting a customer cascades to deleting orders, which distorts monthly trend calculations.;FALSE;
ER_short_N1_test;go_fiber_gorm;exposed_record;FALSE;discontinue_product sets p_status to 'discontinued', and list_products filters with WHERE p_status = 'active'. Discontinued products are properly excluded from results.;[];FALSE;The expected finding should NOT be detected, and the reviewer output is empty, so they did not incorrectly flag any issue related to discontinued products being exposed.;FALSE;
ER_short_N1_test;go_fiber_rawsql;exposed_record;FALSE;discontinue_product sets p_status to 'discontinued', and list_products filters with WHERE p_status = 'active'. Discontinued products are properly excluded from results.;[];FALSE;The expected finding should NOT be detected, and the reviewer output is empty, so they did not incorrectly flag any issue about discontinued products being exposed.;FALSE;
ER_short_N1_test;go_gin_gorm;exposed_record;FALSE;discontinue_product sets p_status to 'discontinued', and list_products filters with WHERE p_status = 'active'. Discontinued products are properly excluded from results.;[];FALSE;The expected finding should NOT be detected, and the reviewer output is empty, so they did not incorrectly flag any issue about discontinued products being exposed.;FALSE;
ER_short_N1_test;go_gin_rawsql;exposed_record;FALSE;discontinue_product sets p_status to 'discontinued', and list_products filters with WHERE p_status = 'active'. Discontinued products are properly excluded from results.;[];FALSE;The reviewer output is empty and does not flag any issue about discontinued products being exposed. This agrees with the expected result that this should NOT be detected.;FALSE;
ER_short_N1_test;js_express_rawsql;exposed_record;FALSE;discontinue_product sets p_status to 'discontinued', and list_products filters with WHERE p_status = 'active'. Discontinued products are properly excluded from results.;[];FALSE;The expected finding should NOT be detected, and the reviewer output is empty, so they did not incorrectly flag any issue about discontinued products being exposed.;FALSE;
ER_short_N1_test;js_express_sequelize;exposed_record;FALSE;discontinue_product sets p_status to 'discontinued', and list_products filters with WHERE p_status = 'active'. Discontinued products are properly excluded from results.;[];FALSE;The reviewer output is empty and does not flag any issue. Since this finding should NOT be detected, the reviewer correctly does not mention it.;FALSE;
ER_short_N1_test;js_fastify_rawsql;exposed_record;FALSE;discontinue_product sets p_status to 'discontinued', and list_products filters with WHERE p_status = 'active'. Discontinued products are properly excluded from results.;[];FALSE;The expected finding should NOT be detected, and the reviewer output is empty, so they did not incorrectly flag any issue about discontinued products being exposed.;FALSE;
ER_short_N1_test;js_fastify_sequelize;exposed_record;FALSE;discontinue_product sets p_status to 'discontinued', and list_products filters with WHERE p_status = 'active'. Discontinued products are properly excluded from results.;[];FALSE;The expected finding should NOT be detected, and the reviewer output is empty, so they did not incorrectly flag any issue about discontinued products being exposed.;FALSE;
ER_short_N1_test;python_fastapi_rawsql;exposed_record;FALSE;discontinue_product sets p_status to 'discontinued', and list_products filters with WHERE p_status = 'active'. Discontinued products are properly excluded from results.;[];FALSE;The expected finding should NOT be detected, and the reviewer output is empty, so they did not incorrectly flag any issue about discontinued products being exposed.;FALSE;
ER_short_N1_test;python_fastapi_sqlalchemy;exposed_record;FALSE;discontinue_product sets p_status to 'discontinued', and list_products filters with WHERE p_status = 'active'. Discontinued products are properly excluded from results.;[];FALSE;The expected finding should NOT be detected, and the reviewer output is empty, so they did not incorrectly flag any issue about discontinued products being exposed.;FALSE;
ER_short_N1_test;python_flask_rawsql;exposed_record;FALSE;discontinue_product sets p_status to 'discontinued', and list_products filters with WHERE p_status = 'active'. Discontinued products are properly excluded from results.;[];FALSE;The expected finding should NOT be detected, and the reviewer output is empty, so they did not incorrectly flag any issue about discontinued products being exposed.;FALSE;
ER_short_N1_test;python_flask_sqlalchemy;exposed_record;FALSE;discontinue_product sets p_status to 'discontinued', and list_products filters with WHERE p_status = 'active'. Discontinued products are properly excluded from results.;[];FALSE;The expected finding should NOT be detected, and the reviewer output is empty, so they did not incorrectly flag any issue about discontinued products being exposed.;FALSE;
ER_short_N2_test;go_fiber_gorm;exposed_record;FALSE;update_product_price only modifies p_retailprice, which does not affect product visibility. get_product returns the product, but since the write does not change any availability-related state, there is no exposed record issue.;"[{""name"":""Silent zero-price overwrite on invalid or missing body"",""detected"":true,""description"":""In PUT /api/products/:p_productkey/price, if c.BodyParser(&payload) fails, the handler resets payload to an empty UpdatePricePayload and still executes Update(\""p_retailprice\"", payload.PRetailprice). Because PRetailprice is a non-pointer float64, this writes 0 to product.p_retailprice even when the request body is malformed or missing the field, causing unintended data modification.""}]";FALSE;The reviewer does not mention any issue about a record becoming exposed or visible due to update_product_price/get_product. They only describe an unintended zero-price overwrite on malformed input, which is a different root cause.;FALSE;
ER_short_N2_test;go_fiber_rawsql;exposed_record;FALSE;update_product_price only modifies p_retailprice, which does not affect product visibility. get_product returns the product, but since the write does not change any availability-related state, there is no exposed record issue.;"[{""name"":""Missing-field update writes NULL"",""detected"":true,""description"":""In PUT /api/products/:p_productkey/price, the UPDATE uses payload[\""p_retailprice\""] directly. If the request body is empty, unparsable, or omits p_retailprice, that map lookup yields nil and the code updates product.p_retailprice to NULL instead of preserving the existing price.""}]";FALSE;The reviewer only reports a missing-field update causing p_retailprice to be set to NULL. They do not mention any issue about changing availability/visibility or exposing a record, so they correctly do not detect this non-issue.;FALSE;
ER_short_N2_test;go_gin_gorm;exposed_record;FALSE;update_product_price only modifies p_retailprice, which does not affect product visibility. get_product returns the product, but since the write does not change any availability-related state, there is no exposed record issue.;"[{""name"":""Ignored JSON binding causes unintended price overwrite"",""detected"":true,""description"":""In PUT /api/products/:p_productkey/price, the result of c.ShouldBindJSON(&payload) is discarded. If the request body is malformed, missing p_retailprice, or uses an incompatible type, payload.PRetailprice remains its zero value and the subsequent Update(\""p_retailprice\"", payload.PRetailprice) can incorrectly overwrite the stored price with 0.""}]";FALSE;The reviewer only reports an ignored JSON binding issue that could overwrite price with 0. They do not mention any product visibility, availability-state change, or exposed-record problem.;FALSE;
ER_short_N2_test;go_gin_rawsql;exposed_record;FALSE;update_product_price only modifies p_retailprice, which does not affect product visibility. get_product returns the product, but since the write does not change any availability-related state, there is no exposed record issue.;"[{""name"":""Missing price field nulls existing value"",""detected"":true,""description"":""In PUT /api/products/:p_productkey/price, if JSON binding fails or the request body omits p_retailprice, payload is left empty and payload[\""p_retailprice\""] is nil. The subsequent UPDATE sets product.p_retailprice = NULL for the targeted row, so a malformed or missing price field clears the stored price instead of preserving it.""}]";FALSE;The reviewer only reports that a missing or malformed p_retailprice can set the database value to NULL. They do not mention any issue about changing record visibility or exposing a record, so they correctly do not detect this expected non-issue.;FALSE;
ER_short_N2_test;js_express_rawsql;exposed_record;FALSE;update_product_price only modifies p_retailprice, which does not affect product visibility. get_product returns the product, but since the write does not change any availability-related state, there is no exposed record issue.;[];FALSE;The reviewer output is empty and does not flag any exposed record issue, which agrees with the expected result that this issue should not be detected.;FALSE;
ER_short_N2_test;js_express_sequelize;exposed_record;FALSE;update_product_price only modifies p_retailprice, which does not affect product visibility. get_product returns the product, but since the write does not change any availability-related state, there is no exposed record issue.;[];FALSE;The reviewer output is empty and does not flag any exposed-record issue, which agrees with the expected result that this issue should not be detected.;FALSE;
ER_short_N2_test;js_fastify_rawsql;exposed_record;FALSE;update_product_price only modifies p_retailprice, which does not affect product visibility. get_product returns the product, but since the write does not change any availability-related state, there is no exposed record issue.;[];FALSE;The reviewer output is empty and does not flag any exposed record issue, which agrees with the expected result that this issue should not be detected.;FALSE;
ER_short_N2_test;js_fastify_sequelize;exposed_record;FALSE;update_product_price only modifies p_retailprice, which does not affect product visibility. get_product returns the product, but since the write does not change any availability-related state, there is no exposed record issue.;[];FALSE;The reviewer output is empty and does not flag any exposed record issue, which agrees with the expected result that this issue should not be detected.;FALSE;
ER_short_N2_test;python_fastapi_rawsql;exposed_record;FALSE;update_product_price only modifies p_retailprice, which does not affect product visibility. get_product returns the product, but since the write does not change any availability-related state, there is no exposed record issue.;[];FALSE;The reviewer output is empty and does not flag any exposed record issue, which agrees with the expected result that this issue should not be detected.;FALSE;
ER_short_N2_test;python_fastapi_sqlalchemy;exposed_record;FALSE;update_product_price only modifies p_retailprice, which does not affect product visibility. get_product returns the product, but since the write does not change any availability-related state, there is no exposed record issue.;"[{""name"":""Unhandled missing JSON field in price update"",""detected"":true,""description"":""In `update_product_price`, after parsing the request body into `payload = parsed or {}`, the code unconditionally reads `payload[\""p_retailprice\""]`. If the body is empty or JSON parsing fails, this becomes `{}` and raises a `KeyError`, so the endpoint does not reliably perform the intended data-layer update behavior.""}]";FALSE;The reviewer does not mention any issue about a record becoming exposed or visible due to the price update. They only flag a missing JSON field/KeyError problem, which is unrelated.;FALSE;
ER_short_N2_test;python_flask_rawsql;exposed_record;FALSE;update_product_price only modifies p_retailprice, which does not affect product visibility. get_product returns the product, but since the write does not change any availability-related state, there is no exposed record issue.;[];FALSE;The reviewer output is empty and does not flag any exposed-record issue, which agrees with the expected result that this issue should not be detected.;FALSE;
ER_short_N2_test;python_flask_sqlalchemy;exposed_record;FALSE;update_product_price only modifies p_retailprice, which does not affect product visibility. get_product returns the product, but since the write does not change any availability-related state, there is no exposed record issue.;[];FALSE;The reviewer output is empty and does not flag any exposed-record issue, which agrees with the expected result that this issue should not be detected.;FALSE;
ER_short_N3_test;go_fiber_gorm;exposed_record;FALSE;archive_product sets p_status to 'archived'. list_archived_products returns only archived products via WHERE p_status = 'archived'. The endpoint is intentionally designed to serve these records, so no product is incorrectly exposed.;[];FALSE;The reviewer output is empty, so it does not flag any improper exposure of archived products. This agrees with the expected result that this issue should not be detected.;FALSE;
ER_short_N3_test;go_fiber_rawsql;exposed_record;FALSE;archive_product sets p_status to 'archived'. list_archived_products returns only archived products via WHERE p_status = 'archived'. The endpoint is intentionally designed to serve these records, so no product is incorrectly exposed.;[];FALSE;The reviewer output is empty, so it does not flag any improper exposure of archived products. This agrees with the expected result that this issue should not be detected.;FALSE;
ER_short_N3_test;go_gin_gorm;exposed_record;FALSE;archive_product sets p_status to 'archived'. list_archived_products returns only archived products via WHERE p_status = 'archived'. The endpoint is intentionally designed to serve these records, so no product is incorrectly exposed.;[];FALSE;The reviewer output is empty, so it does not flag any incorrect exposure of archived products. This agrees with the expected result that this issue should not be detected.;FALSE;
ER_short_N3_test;go_gin_rawsql;exposed_record;FALSE;archive_product sets p_status to 'archived'. list_archived_products returns only archived products via WHERE p_status = 'archived'. The endpoint is intentionally designed to serve these records, so no product is incorrectly exposed.;[];FALSE;The reviewer output is empty and does not flag any issue about archived products being improperly exposed, which agrees with the expected result that this should not be detected.;FALSE;
ER_short_N3_test;js_express_rawsql;exposed_record;FALSE;archive_product sets p_status to 'archived'. list_archived_products returns only archived products via WHERE p_status = 'archived'. The endpoint is intentionally designed to serve these records, so no product is incorrectly exposed.;[];FALSE;The reviewer output is empty and does not flag any exposure issue, which agrees with the expected result that this should NOT be detected.;FALSE;
ER_short_N3_test;js_express_sequelize;exposed_record;FALSE;archive_product sets p_status to 'archived'. list_archived_products returns only archived products via WHERE p_status = 'archived'. The endpoint is intentionally designed to serve these records, so no product is incorrectly exposed.;[];FALSE;The reviewer output is empty, so it does not flag any improper exposure of archived products. This agrees with the expected result that this issue should not be detected.;FALSE;
ER_short_N3_test;js_fastify_rawsql;exposed_record;FALSE;archive_product sets p_status to 'archived'. list_archived_products returns only archived products via WHERE p_status = 'archived'. The endpoint is intentionally designed to serve these records, so no product is incorrectly exposed.;[];FALSE;The reviewer output is empty, so it does not flag archived products being exposed. This agrees with the expected result that this issue should not be detected.;FALSE;
ER_short_N3_test;js_fastify_sequelize;exposed_record;FALSE;archive_product sets p_status to 'archived'. list_archived_products returns only archived products via WHERE p_status = 'archived'. The endpoint is intentionally designed to serve these records, so no product is incorrectly exposed.;[];FALSE;The reviewer output is empty, so it does not flag any improper exposure of archived products. This agrees with the expected result that this issue should not be detected.;FALSE;
ER_short_N3_test;python_fastapi_rawsql;exposed_record;FALSE;archive_product sets p_status to 'archived'. list_archived_products returns only archived products via WHERE p_status = 'archived'. The endpoint is intentionally designed to serve these records, so no product is incorrectly exposed.;[];FALSE;The reviewer output is empty, so it does not flag any improper exposure of archived products. This agrees with the expected result that this issue should not be detected.;FALSE;
ER_short_N3_test;python_fastapi_sqlalchemy;exposed_record;FALSE;archive_product sets p_status to 'archived'. list_archived_products returns only archived products via WHERE p_status = 'archived'. The endpoint is intentionally designed to serve these records, so no product is incorrectly exposed.;[];FALSE;The reviewer output is empty, so it does not flag any improper exposure of archived products. This agrees with the expected result that this issue should not be detected.;FALSE;
ER_short_N3_test;python_flask_rawsql;exposed_record;FALSE;archive_product sets p_status to 'archived'. list_archived_products returns only archived products via WHERE p_status = 'archived'. The endpoint is intentionally designed to serve these records, so no product is incorrectly exposed.;[];FALSE;The reviewer output is empty and does not flag any exposure issue, which agrees with the expected result that this should not be detected.;FALSE;
ER_short_N3_test;python_flask_sqlalchemy;exposed_record;FALSE;archive_product sets p_status to 'archived'. list_archived_products returns only archived products via WHERE p_status = 'archived'. The endpoint is intentionally designed to serve these records, so no product is incorrectly exposed.;[];FALSE;The reviewer output is empty and does not flag any issue about archived products being improperly exposed, which agrees with the expected result that this should not be detected.;FALSE;
ER_short_P1_test;go_fiber_gorm;exposed_record;TRUE;discontinue_product sets p_status to 'discontinued', but get_product returns the product without checking p_status. A discontinued product is still served to clients as if it were available.;"[{""name"":""Discontinued products still returned as purchasable"",""detected"":true,""description"":""In the GET /api/products/:p_productkey handler, the query filters only by p_productkey and does not exclude rows whose p_status has been set to \""discontinued\"" by the discontinue endpoint. This contradicts the handler's stated purpose to return a purchasable product and allows discontinued products to be fetched as if still available.""}]";TRUE;The reviewer explicitly identifies that the product GET handler returns products without checking p_status, so discontinued products are still served as available/purchasable. This matches the expected root cause.;TRUE;
ER_short_P1_test;go_fiber_rawsql;exposed_record;TRUE;discontinue_product sets p_status to 'discontinued', but get_product returns the product without checking p_status. A discontinued product is still served to clients as if it were available.;"[{""name"":""Discontinued products still returned as purchasable"",""detected"":true,""description"":""In the GET /api/products/:p_productkey handler, the query `SELECT p_productkey, p_name, p_status, p_retailprice FROM product WHERE p_productkey = ?` does not enforce the comment's stated behavior to return only a purchasable product. After POST /api/products/:p_productkey/discontinue sets `p_status = 'discontinued'`, the same product is still returned by this endpoint instead of being excluded or treated as unavailable.""}]";TRUE;The reviewer explicitly identifies that after a product is marked `p_status = 'discontinued'`, the GET product endpoint still returns it without filtering on status, which matches the expected root cause.;TRUE;
ER_short_P1_test;go_gin_gorm;exposed_record;TRUE;discontinue_product sets p_status to 'discontinued', but get_product returns the product without checking p_status. A discontinued product is still served to clients as if it were available.;"[{""name"":""Purchasable product filter missing"",""detected"":true,""description"":""In the GET /api/products/:p_productkey handler, the query only filters by p_productkey even though the comment says 'Return purchasable product'. Because it does not restrict p_status, discontinued or otherwise non-purchasable products are still returned.""}]";TRUE;The reviewer explicitly says the product GET handler does not restrict by p_status, so discontinued/non-purchasable products are still returned. This matches the expected issue that discontinued products are exposed because get_product ignores p_status.;TRUE;
ER_short_P1_test;go_gin_rawsql;exposed_record;TRUE;discontinue_product sets p_status to 'discontinued', but get_product returns the product without checking p_status. A discontinued product is still served to clients as if it were available.;[];FALSE;The reviewer output is empty and does not mention that discontinued products are still returned by get_product without checking p_status.;FALSE;
ER_short_P1_test;js_express_rawsql;exposed_record;TRUE;discontinue_product sets p_status to 'discontinued', but get_product returns the product without checking p_status. A discontinued product is still served to clients as if it were available.;"[{""name"":""Purchasability filter missing in product fetch"",""detected"":true,""description"":""In GET /api/products/:p_productkey, the query selects by p_productkey only and returns the row regardless of p_status. The handler comment says 'Return purchasable product', but discontinued products are still returned, so the data-layer logic does not enforce the intended purchasable-only behavior.""}]";TRUE;The reviewer explicitly states that the product fetch returns rows regardless of p_status, so discontinued products are still returned. This matches the expected issue that get_product exposes discontinued products without checking p_status.;TRUE;
ER_short_P1_test;js_express_sequelize;exposed_record;TRUE;discontinue_product sets p_status to 'discontinued', but get_product returns the product without checking p_status. A discontinued product is still served to clients as if it were available.;"[{""name"":""Discontinued products still returned as purchasable"",""detected"":true,""description"":""In GET /api/products/:p_productkey, the code comment says 'Return purchasable product' but the query only filters by p_productkey and does not exclude rows whose p_status is 'discontinued'. After POST /api/products/:p_productkey/discontinue sets p_status to 'discontinued', the same product is still returned by the purchasable-product endpoint.""}]";TRUE;The reviewer explicitly identifies that after discontinuation sets p_status='discontinued', the GET product endpoint still returns the product because it does not filter on p_status. This matches the expected exposed-record issue.;TRUE;
ER_short_P1_test;js_fastify_rawsql;exposed_record;TRUE;discontinue_product sets p_status to 'discontinued', but get_product returns the product without checking p_status. A discontinued product is still served to clients as if it were available.;"[{""name"":""Discontinued products still returned as purchasable"",""detected"":true,""description"":""In GET /api/products/:p_productkey, the query selects by p_productkey only and returns the row regardless of p_status, even though the handler comment says 'Return purchasable product'. After POST /api/products/:p_productkey/discontinue sets p_status = 'discontinued', the same product is still returned by this endpoint, so discontinued/non-purchasable products are exposed as purchasable.""}]";TRUE;The reviewer explicitly identifies that the discontinue endpoint sets p_status to discontinued, while the GET product endpoint returns the product without checking p_status, exposing discontinued products as purchasable. This matches the expected root cause.;TRUE;
ER_short_P1_test;js_fastify_sequelize;exposed_record;TRUE;discontinue_product sets p_status to 'discontinued', but get_product returns the product without checking p_status. A discontinued product is still served to clients as if it were available.;[];FALSE;The reviewer output is empty and does not mention that discontinued products are still returned by get_product without checking p_status.;FALSE;
ER_short_P1_test;python_fastapi_rawsql;exposed_record;TRUE;discontinue_product sets p_status to 'discontinued', but get_product returns the product without checking p_status. A discontinued product is still served to clients as if it were available.;[];FALSE;The reviewer output is empty and does not mention that discontinued products are still returned by get_product without checking p_status.;FALSE;
ER_short_P1_test;python_fastapi_sqlalchemy;exposed_record;TRUE;discontinue_product sets p_status to 'discontinued', but get_product returns the product without checking p_status. A discontinued product is still served to clients as if it were available.;[];FALSE;The reviewer output is empty and does not mention that discontinued products are still returned by get_product without checking p_status.;FALSE;
ER_short_P1_test;python_flask_rawsql;exposed_record;TRUE;discontinue_product sets p_status to 'discontinued', but get_product returns the product without checking p_status. A discontinued product is still served to clients as if it were available.;"[{""name"":""Discontinued product still returned as purchasable"",""detected"":true,""description"":""In `get_product`, the query fetches any row by `p_productkey` without filtering on `p_status`, even though the function docstring says `Return purchasable product`. After `discontinue_product` sets `p_status = 'discontinued'`, the GET endpoint still returns that product as if it were purchasable, creating inconsistent data-layer behavior.""}]";TRUE;The reviewer explicitly identifies that `get_product` returns products without checking `p_status`, so products marked `discontinued` by `discontinue_product` are still returned as purchasable. This matches the expected root cause and behavior.;TRUE;
ER_short_P1_test;python_flask_sqlalchemy;exposed_record;TRUE;discontinue_product sets p_status to 'discontinued', but get_product returns the product without checking p_status. A discontinued product is still served to clients as if it were available.;[];FALSE;The reviewer output is empty and does not mention that discontinued products are still returned by get_product without checking p_status.;FALSE;
ER_short_P2_test;go_fiber_gorm;exposed_record;TRUE;discontinue_product sets p_status to 'discontinued', but get_product_availability returns the stock quantity without checking p_status. A discontinued product still appears purchasable with available stock.;"[{""name"":""Availability endpoint ignores purchasable-status requirement"",""detected"":true,""description"":""In GET /api/products/:p_productkey/availability, the query selects any product by p_productkey and aggregates inventory without filtering on p_status. The handler comment says it should get availability for a purchasable product, but discontinued or otherwise non-purchasable products are still returned.""}]";TRUE;The reviewer explicitly identifies that the availability endpoint returns inventory for products without filtering on p_status, so discontinued/non-purchasable products still appear available. This matches the expected issue.;TRUE;
ER_short_P2_test;go_fiber_rawsql;exposed_record;TRUE;discontinue_product sets p_status to 'discontinued', but get_product_availability returns the stock quantity without checking p_status. A discontinued product still appears purchasable with available stock.;"[{""name"":""Availability returned for discontinued products"",""detected"":true,""description"":""In getProductAvailability, the query filters only by p.p_productkey and does not exclude products whose p_status has been set to 'discontinued'. This violates the handler's stated purpose of returning availability only for purchasable products, because discontinued products still return stock data instead of being treated as unavailable/not found.""}]";TRUE;The reviewer explicitly identifies that getProductAvailability returns stock for products marked 'discontinued' because it does not check p_status, which matches the expected issue.;TRUE;
ER_short_P2_test;go_gin_gorm;exposed_record;TRUE;discontinue_product sets p_status to 'discontinued', but get_product_availability returns the stock quantity without checking p_status. A discontinued product still appears purchasable with available stock.;"[{""name"":""Availability endpoint ignores purchasable status"",""detected"":true,""description"":""In GET /api/products/:p_productkey/availability, the query only filters by p.p_productkey and returns stock for any existing product. The handler comment says it should get availability for a purchasable product, but it does not exclude discontinued or otherwise non-purchasable products via p_status.""}]";TRUE;The reviewer explicitly states that the availability endpoint returns stock for any existing product and does not exclude discontinued or otherwise non-purchasable products via p_status, which matches the expected issue.;TRUE;
ER_short_P2_test;go_gin_rawsql;exposed_record;TRUE;discontinue_product sets p_status to 'discontinued', but get_product_availability returns the stock quantity without checking p_status. A discontinued product still appears purchasable with available stock.;"[{""name"":""Discontinued products still reported as available"",""detected"":true,""description"":""In getProductAvailability, the query filters only by p.p_productkey and sums inventory for any matching product, but the comment says it should return availability for a purchasable product. Because it does not exclude rows where product.p_status = 'discontinued', discontinued products can still be returned with stock as if they were purchasable.""}]";TRUE;The reviewer explicitly identifies that getProductAvailability does not check product status and can return stock for products with p_status = 'discontinued', which matches the expected issue.;TRUE;
ER_short_P2_test;js_express_rawsql;exposed_record;TRUE;discontinue_product sets p_status to 'discontinued', but get_product_availability returns the stock quantity without checking p_status. A discontinued product still appears purchasable with available stock.;"[{""name"":""Availability ignores product status"",""detected"":true,""description"":""In GET /api/products/:p_productkey/availability, the query returns stock for any existing product without checking p_status, even though the handler comment says it is for a purchasable product. A discontinued product can still be reported as available, which violates the endpoint's stated business meaning.""}]";TRUE;The reviewer explicitly states that the availability endpoint returns stock without checking p_status, so discontinued products can still appear available. This matches the expected root cause and effect.;TRUE;
ER_short_P2_test;js_express_sequelize;exposed_record;TRUE;discontinue_product sets p_status to 'discontinued', but get_product_availability returns the stock quantity without checking p_status. A discontinued product still appears purchasable with available stock.;"[{""name"":""Discontinued products still reported as available"",""detected"":true,""description"":""In GET /api/products/:p_productkey/availability, the query only filters by p.p_productkey and sums inventory without checking p_status. This means products marked as discontinued by POST /api/products/:p_productkey/discontinue are still returned as available/purchasable, which contradicts the endpoint's stated purpose.""}]";TRUE;The reviewer explicitly identifies that the availability endpoint returns stock for a product without checking p_status, so discontinued products still appear available/purchasable. This matches the expected root cause and effect.;TRUE;
ER_short_P2_test;js_fastify_rawsql;exposed_record;TRUE;discontinue_product sets p_status to 'discontinued', but get_product_availability returns the stock quantity without checking p_status. A discontinued product still appears purchasable with available stock.;"[{""name"":""Availability endpoint ignores purchasable status"",""detected"":true,""description"":""In GET /api/products/:p_productkey/availability, the query only filters by p.p_productkey and returns stock for any existing product. The route comment says it should get availability for a purchasable product, but discontinued products are not excluded, so the endpoint can report availability for non-purchasable items.""}]";TRUE;The reviewer explicitly states that the availability query returns stock for any existing product and does not exclude discontinued/non-purchasable items, which matches the expected issue that get_product_availability ignores p_status after discontinue_product marks products as discontinued.;TRUE;
ER_short_P2_test;js_fastify_sequelize;exposed_record;TRUE;discontinue_product sets p_status to 'discontinued', but get_product_availability returns the stock quantity without checking p_status. A discontinued product still appears purchasable with available stock.;"[{""name"":""Discontinued products still reported as available"",""detected"":true,""description"":""In GET /api/products/:p_productkey/availability, the query only filters by p.p_productkey and never checks p_status, despite the comment saying it returns availability for a purchasable product. As a result, products marked discontinued by POST /api/products/:p_productkey/discontinue are still returned as available.""}]";TRUE;The reviewer explicitly identifies that the availability endpoint does not check p_status, so discontinued products are still returned as available after being marked discontinued. This matches the expected root cause and effect.;TRUE;
ER_short_P2_test;python_fastapi_rawsql;exposed_record;TRUE;discontinue_product sets p_status to 'discontinued', but get_product_availability returns the stock quantity without checking p_status. A discontinued product still appears purchasable with available stock.;"[{""name"":""Availability endpoint ignores purchasable status"",""detected"":true,""description"":""In `get_product_availability`, the query filters only by `p.p_productkey` even though the endpoint is documented as `Get availability for purchasable product`. This returns availability for discontinued or otherwise non-purchasable products instead of restricting results to products with an appropriate purchasable `p_status`.""}]";TRUE;The reviewer explicitly states that `get_product_availability` does not restrict by purchasable `p_status` and therefore returns availability for discontinued/non-purchasable products, which matches the expected issue.;TRUE;
ER_short_P2_test;python_fastapi_sqlalchemy;exposed_record;TRUE;discontinue_product sets p_status to 'discontinued', but get_product_availability returns the stock quantity without checking p_status. A discontinued product still appears purchasable with available stock.;"[{""name"":""Availability endpoint ignores purchasable status"",""detected"":true,""description"":""In `get_product_availability`, the query filters only by `Product.p_productkey` even though the endpoint is documented as `Get availability for purchasable product`. Because it does not exclude products with `p_status = 'discontinued'`, it can return availability for non-purchasable products.""}]";TRUE;The reviewer explicitly identifies that `get_product_availability` does not check `p_status = 'discontinued'` and can return availability for non-purchasable/discontinued products, which matches the expected issue.;TRUE;
ER_short_P2_test;python_flask_rawsql;exposed_record;TRUE;discontinue_product sets p_status to 'discontinued', but get_product_availability returns the stock quantity without checking p_status. A discontinued product still appears purchasable with available stock.;"[{""name"":""Availability endpoint ignores purchasable status"",""detected"":true,""description"":""In get_product_availability(), the query filters only by p.p_productkey and returns stock for any existing product, even though the endpoint is documented as 'Get availability for purchasable product'. Because discontinued or otherwise non-purchasable products are not excluded via p_status, the endpoint can report availability for products that should not be considered purchasable.""}]";TRUE;The reviewer explicitly states that get_product_availability returns stock without excluding discontinued or non-purchasable products via p_status, which matches the expected issue that discontinued products still appear available.;TRUE;
ER_short_P2_test;python_flask_sqlalchemy;exposed_record;TRUE;discontinue_product sets p_status to 'discontinued', but get_product_availability returns the stock quantity without checking p_status. A discontinued product still appears purchasable with available stock.;"[{""name"":""Availability endpoint ignores purchasable status"",""detected"":true,""description"":""In `get_product_availability`, the query filters only by `Product.p_productkey` even though the endpoint is documented as `Get availability for purchasable product`. This returns availability for discontinued or otherwise non-purchasable products because `p_status` is never checked.""}]";TRUE;The reviewer explicitly identifies that `get_product_availability` does not check `p_status`, so discontinued/non-purchasable products still appear available. This matches the expected root cause.;TRUE;
ER_short_P3_test;go_fiber_gorm;exposed_record;TRUE;suspend_supplier sets s_status to 'suspended', but list_products joins supplier only to fetch the name without filtering on s_status. Products from a suspended supplier still appear browsable to customers.;[];FALSE;The reviewer output is empty and does not mention that suspended suppliers' products remain visible because list_products does not filter on supplier status.;FALSE;
ER_short_P3_test;go_fiber_rawsql;exposed_record;TRUE;suspend_supplier sets s_status to 'suspended', but list_products joins supplier only to fetch the name without filtering on s_status. Products from a suspended supplier still appear browsable to customers.;"[{""name"":""Suspended suppliers still exposed as purchasable"",""detected"":true,""description"":""In `listProducts`, the query selects all products joined to `supplier` without filtering on `s_status`. Since the endpoint is explicitly documented as listing \""purchasable products\"", products from suppliers marked `suspended` by `suspendSupplier` will still be returned, which is inconsistent with the supplier suspension state.""}]";TRUE;The reviewer explicitly identifies that `listProducts` joins `supplier` without filtering on `s_status`, so products from suppliers suspended by `suspendSupplier` remain visible/purchasable. This matches the expected root cause and impact.;TRUE;
ER_short_P3_test;go_gin_gorm;exposed_record;TRUE;suspend_supplier sets s_status to 'suspended', but list_products joins supplier only to fetch the name without filtering on s_status. Products from a suspended supplier still appear browsable to customers.;"[{""name"":""Suspended suppliers still exposed as purchasable"",""detected"":true,""description"":""In GET /api/products, the query joins product to supplier but does not filter out suppliers whose s_status is 'suspended'. Since the endpoint is explicitly documented as listing purchasable products, it can return products from suspended suppliers, which is inconsistent with the supplier suspension state managed by POST /api/suppliers/:s_suppkey/suspend.""}]";TRUE;The reviewer explicitly identifies that the products listing joins supplier without filtering out suppliers with s_status='suspended', causing products from suspended suppliers to remain visible/purchasable. This matches the expected root cause.;TRUE;
ER_short_P3_test;go_gin_rawsql;exposed_record;TRUE;suspend_supplier sets s_status to 'suspended', but list_products joins supplier only to fetch the name without filtering on s_status. Products from a suspended supplier still appear browsable to customers.;"[{""name"":""Suspended suppliers still included in purchasable products list"",""detected"":true,""description"":""In `listProducts`, the query selects all products joined to `supplier` without filtering on `supplier.s_status`. Since the endpoint is explicitly documented as listing purchasable products, products from suppliers suspended by `suspendSupplier` will still be returned, which is inconsistent with the supplier suspension state.""}]";TRUE;The reviewer explicitly identifies that `listProducts` joins `supplier` without filtering on `s_status`, so products from suppliers suspended by `suspendSupplier` still appear in the customer-facing purchasable products list. This matches the expected root cause and impact.;TRUE;
ER_short_P3_test;js_express_rawsql;exposed_record;TRUE;suspend_supplier sets s_status to 'suspended', but list_products joins supplier only to fetch the name without filtering on s_status. Products from a suspended supplier still appear browsable to customers.;"[{""name"":""Suspended suppliers still exposed as purchasable"",""detected"":true,""description"":""In GET /api/products, the query joins product to supplier but does not filter out suppliers whose s_status is 'suspended'. Since the endpoint is explicitly documented as listing purchasable products, products from suspended suppliers can still be returned after POST /api/suppliers/:s_suppkey/suspend marks a supplier suspended.""}]";TRUE;The reviewer explicitly identifies that the products listing joins supplier without filtering out suppliers with s_status = 'suspended', causing products from suspended suppliers to remain visible/purchasable. This matches the expected root cause.;TRUE;
ER_short_P3_test;js_express_sequelize;exposed_record;TRUE;suspend_supplier sets s_status to 'suspended', but list_products joins supplier only to fetch the name without filtering on s_status. Products from a suspended supplier still appear browsable to customers.;"[{""name"":""Suspended suppliers still returned as purchasable"",""detected"":true,""description"":""In GET /api/products, the query joins product to supplier but does not filter on supplier.s_status. Since POST /api/suppliers/:s_suppkey/suspend marks suppliers as 'suspended', products from suspended suppliers are still listed as purchasable, which is inconsistent with the suspend behavior.""}]";TRUE;The reviewer explicitly identifies that suspended suppliers are marked with s_status='suspended' but product listing joins supplier without filtering on that status, so products from suspended suppliers remain visible/purchasable. This matches the expected root cause.;TRUE;
ER_short_P3_test;js_fastify_rawsql;exposed_record;TRUE;suspend_supplier sets s_status to 'suspended', but list_products joins supplier only to fetch the name without filtering on s_status. Products from a suspended supplier still appear browsable to customers.;"[{""name"":""Suspended suppliers still exposed as purchasable"",""detected"":true,""description"":""In GET /api/products, the query joins product to supplier but does not filter out suppliers whose s_status is 'suspended'. Since the endpoint is explicitly documented as listing purchasable products, it can return products from suspended suppliers, which is inconsistent with the suspend operation's business effect.""}]";TRUE;The reviewer explicitly identifies that the products listing joins supplier without filtering out suppliers with s_status = 'suspended', causing products from suspended suppliers to remain visible/purchasable. This matches the expected root cause.;TRUE;
ER_short_P3_test;js_fastify_sequelize;exposed_record;TRUE;suspend_supplier sets s_status to 'suspended', but list_products joins supplier only to fetch the name without filtering on s_status. Products from a suspended supplier still appear browsable to customers.;"[{""name"":""Suspended suppliers still exposed as purchasable"",""detected"":true,""description"":""In GET /api/products, the query joins product to supplier but does not filter on supplier.s_status, even though the endpoint is documented as listing purchasable products. After POST /api/suppliers/:s_suppkey/suspend sets a supplier to 'suspended', that supplier's products will still be returned by /api/products.""}]";TRUE;The reviewer explicitly identifies that products from suspended suppliers remain listed because the products query joins supplier without filtering on supplier status after suspension. This matches the expected root cause and effect.;TRUE;
ER_short_P3_test;python_fastapi_rawsql;exposed_record;TRUE;suspend_supplier sets s_status to 'suspended', but list_products joins supplier only to fetch the name without filtering on s_status. Products from a suspended supplier still appear browsable to customers.;"[{""name"":""Suspended suppliers' products still listed as purchasable"",""detected"":true,""description"":""In `list_products`, the query joins `product` to `supplier` but does not filter on `supplier.s_status`, even though the endpoint is documented as `List purchasable products`. After `suspend_supplier` sets `supplier.s_status = 'suspended'`, that supplier's products will still be returned as purchasable.""}]";TRUE;The reviewer explicitly identifies that `list_products` joins `supplier` without filtering on `s_status`, so products from suppliers suspended by `suspend_supplier` still appear as purchasable. This matches the expected finding's root cause.;TRUE;
ER_short_P3_test;python_fastapi_sqlalchemy;exposed_record;TRUE;suspend_supplier sets s_status to 'suspended', but list_products joins supplier only to fetch the name without filtering on s_status. Products from a suspended supplier still appear browsable to customers.;"[{""name"":""Suspended suppliers' products still listed as purchasable"",""detected"":true,""description"":""In `list_products`, the query joins `product` to `supplier` but does not filter on `Supplier.s_status`. Since the endpoint is documented as listing purchasable products and `suspend_supplier` marks suppliers as `suspended`, products from suspended suppliers will still be returned.""}]";TRUE;The reviewer explicitly identifies that `list_products` joins `supplier` without filtering on `s_status`, so products from suspended suppliers remain listed/purchasable. This matches the expected root cause and effect.;TRUE;
ER_short_P3_test;python_flask_rawsql;exposed_record;TRUE;suspend_supplier sets s_status to 'suspended', but list_products joins supplier only to fetch the name without filtering on s_status. Products from a suspended supplier still appear browsable to customers.;"[{""name"":""Suspended suppliers' products still listed as purchasable"",""detected"":true,""description"":""In `list_products()`, the query joins `product` to `supplier` but does not filter on `supplier.s_status`, even though the endpoint docstring says it lists purchasable products. As a result, products from suppliers suspended via `suspend_supplier()` will still be returned as purchasable.""}]";TRUE;The reviewer explicitly identifies that `list_products()` joins `supplier` without filtering on `s_status`, so products from suppliers suspended via `suspend_supplier()` still appear as purchasable. This matches the expected root cause and effect.;TRUE;
ER_short_P3_test;python_flask_sqlalchemy;exposed_record;TRUE;suspend_supplier sets s_status to 'suspended', but list_products joins supplier only to fetch the name without filtering on s_status. Products from a suspended supplier still appear browsable to customers.;[];FALSE;The reviewer output is empty and does not mention that products from suspended suppliers remain visible because list_products does not filter supplier status.;FALSE;
SA_short_N1_test;go_fiber_gorm;stale_aggregate;FALSE;update_lineitem modifies lineitem pricing fields AND recalculates orders.o_totalprice via SUM() in the same transaction. get_order reads o_totalprice which is always consistent.;"[
  {
    ""name"": ""Incorrect inserted order key derivation"",
    ""detected"": true,
    ""description"": ""In POST /api/orders, after inserting into orders, the code sets oOrderkey using res.Statement.ConnPool.(gorm.ConnPool).(*sql.DB).Stats().MaxOpenConnections before falling back to last_insert_rowid(). This value is a connection-pool setting, not the inserted row's primary key, so lineitem inserts and the final total update can be associated with the wrong order whenever MaxOpenConnections is nonzero.""
  }
]";FALSE;The reviewer does not mention stale or inconsistent aggregate totals caused by update_lineitem/get_order. They only flag incorrect derivation of the inserted order key, which is a different root cause.;FALSE;
SA_short_N1_test;go_fiber_rawsql;stale_aggregate;FALSE;update_lineitem modifies lineitem pricing fields AND recalculates orders.o_totalprice via SUM() in the same transaction. get_order reads o_totalprice which is always consistent.;"[{""name"":""Order insert omits primary key on non-autoincrement schema"",""detected"":true,""description"":""In POST /api/orders, the INSERT statement `INSERT INTO orders (o_orderstatus, o_totalprice, o_orderdate, o_comment) VALUES (?, 0, ?, ?)` does not provide `o_orderkey`, even though the schema defines `orders.o_orderkey INTEGER PRIMARY KEY` and the code relies on `LastInsertId()` to obtain it. This assumes automatic key generation behavior that is not guaranteed by the provided schema contract, so order creation can fail or produce incorrect key handling.""},{""name"":""PUT overwrites unspecified lineitem fields with NULL"",""detected"":true,""description"":""In PUT /api/orders/:o_orderkey/lineitems/:l_linenumber, the UPDATE always sets `l_extendedprice`, `l_discount`, and `l_tax` from `payload[...]` regardless of whether those keys were present. If the request omits any of these fields, the corresponding column is written as NULL, and the subsequent order total recomputation can become incorrect because SUM ignores NULL-valued expressions.""}]";FALSE;The reviewer does not claim that orders.o_totalprice becomes stale or inconsistent after update_lineitem. Their lineitem finding is about omitted fields being written as NULL and affecting SUM results, which is a different root cause.;FALSE;
SA_short_N1_test;go_gin_gorm;stale_aggregate;FALSE;update_lineitem modifies lineitem pricing fields AND recalculates orders.o_totalprice via SUM() in the same transaction. get_order reads o_totalprice which is always consistent.;"[{""name"":""Insert omits required primary key for orders"",""detected"":true,""description"":""In POST /api/orders, the statement `INSERT INTO orders (o_orderstatus, o_totalprice, o_orderdate, o_comment) VALUES (?, 0, ?, ?)` does not provide `o_orderkey`, but the schema defines `orders.o_orderkey INTEGER PRIMARY KEY` with no default/auto-generation specified. This can create rows with a NULL/implicit key behavior that does not match the assumed schema contract and makes the subsequent `last_insert_rowid()` lookup semantically inconsistent with the declared schema.""},{""name"":""PUT update can null out numeric columns unintentionally"",""detected"":true,""description"":""In PUT /api/orders/:o_orderkey/lineitems/:l_linenumber, the update always sets `l_extendedprice`, `l_discount`, and `l_tax` from `payload[...]` even when those keys are absent or JSON binding failed, so missing fields become NULL in the database. Since the schema models these as numeric columns used in the order total calculation, this can corrupt the lineitem row and cause `o_totalprice` to be recomputed from unintended NULL values.""}]";FALSE;The reviewer does not claim that orders.o_totalprice becomes stale or inconsistent after lineitem updates. Their findings are about missing primary key insertion and unintended NULL updates, not a stale aggregate bug.;FALSE;
SA_short_N1_test;go_gin_rawsql;stale_aggregate;FALSE;update_lineitem modifies lineitem pricing fields AND recalculates orders.o_totalprice via SUM() in the same transaction. get_order reads o_totalprice which is always consistent.;"[{""name"":""Order insert omits primary key generation"",""detected"":true,""description"":""In createOrder, the INSERT into orders does not provide o_orderkey, but the schema defines o_orderkey as INTEGER PRIMARY KEY without any stated auto-generation guarantee from the schema assumptions. The code then relies on LastInsertId and uses that value as the new order key, which can produce incorrect behavior if the inserted primary key is not actually generated as expected.""},{""name"":""Partial lineitem update overwrites unspecified columns with NULL"",""detected"":true,""description"":""In updateLineitem, l_extendedprice, l_discount, and l_tax are always taken from payload and written in the UPDATE statement even when those keys are absent. Missing fields therefore become nil and are persisted as NULL, unintentionally changing existing lineitem values and causing the order total recomputation to use altered data.""}]";FALSE;The reviewer does not claim that orders.o_totalprice becomes stale or inconsistent because aggregate recomputation is missing or out of sync. They only mention a different issue: partial lineitem updates may write NULLs and then recompute totals from altered data.;FALSE;
SA_short_N1_test;js_express_rawsql;stale_aggregate;FALSE;update_lineitem modifies lineitem pricing fields AND recalculates orders.o_totalprice via SUM() in the same transaction. get_order reads o_totalprice which is always consistent.;"[{""name"":""Order creation relies on implicit auto-generated primary key"",""detected"":true,""description"":""In POST /api/orders, the INSERT into orders omits o_orderkey and then uses lastInsertRowid as the new order key. With the provided schema, o_orderkey is declared as INTEGER PRIMARY KEY but not guaranteed to be auto-assigned by the application contract, so this endpoint depends on implicit rowid generation behavior rather than explicitly supplying the primary key.""},{""name"":""Line-item update can leave order total stale for nonexistent order"",""detected"":true,""description"":""In PUT /api/orders/:o_orderkey/lineitems/:l_linenumber, after updating lineitem the code recalculates o_totalprice with UPDATE orders ... WHERE o_orderkey = ?. If a lineitem row exists for the given l_orderkey but the parent orders row does not, the lineitem is updated but no order total is updated, creating inconsistency between lineitem data and the missing parent aggregate.""}]";FALSE;"The expected issue should NOT be detected because order total is recalculated in the same transaction and remains consistent. The reviewer did not claim the normal aggregate becomes stale; instead they raised a different edge case about a missing parent orders row, which is a different root cause.";FALSE;
SA_short_N1_test;js_express_sequelize;stale_aggregate;FALSE;update_lineitem modifies lineitem pricing fields AND recalculates orders.o_totalprice via SUM() in the same transaction. get_order reads o_totalprice which is always consistent.;"[
  {
    ""name"": ""Order creation can persist inconsistent total when lineitems are omitted"",
    ""detected"": true,
    ""description"": ""In POST /api/orders, the order is created with o_totalprice = 0 and then recomputed from payload[\""lineitems\""]. If payload[\""lineitems\""] is absent or not iterable, the code throws after creating the order but before inserting lineitems; depending on transaction handling, this path is intended to roll back, but the business logic itself allows creating an order whose total is derived only from provided lineitems and never validated against any existing persisted children, making total maintenance dependent on request shape rather than actual order contents.""
  }
]";FALSE;The reviewer does not describe the specific stale aggregate issue of update_lineitem changing pricing fields without keeping orders.o_totalprice consistent. Their finding is about order creation behavior when lineitems are omitted, which is a different root cause.;FALSE;
SA_short_N1_test;js_fastify_rawsql;stale_aggregate;FALSE;update_lineitem modifies lineitem pricing fields AND recalculates orders.o_totalprice via SUM() in the same transaction. get_order reads o_totalprice which is always consistent.;"[{""name"":""Assumes auto-generated order key on non-autoincrement primary key"",""detected"":true,""description"":""In POST /api/orders, the INSERT into orders omits o_orderkey and then uses lastInsertRowid as the new order's key. With the given schema, o_orderkey is declared INTEGER PRIMARY KEY (not AUTOINCREMENT), so this only works correctly if SQLite rowid alias semantics are relied on; if the table/key behavior differs from that assumption, inserted lineitem rows and the returned o_orderkey can become inconsistent with the actual orders key.""},{""name"":""Partial lineitem update overwrites unspecified columns with NULL"",""detected"":true,""description"":""In PUT /api/orders/:o_orderkey/lineitems/:l_linenumber, the UPDATE always sets l_extendedprice, l_discount, and l_tax from payload fields directly. If the client omits any of these fields, that column is written as NULL, and the subsequent order total recomputation can produce incorrect totals because SUM ignores NULL-valued expressions.""}]";FALSE;The reviewer does not claim that orders.o_totalprice becomes stale or inconsistent due to missing aggregate recomputation. Their lineitem-update finding is about NULL overwrites affecting totals, which is a different root cause.;FALSE;
SA_short_N1_test;js_fastify_sequelize;stale_aggregate;FALSE;update_lineitem modifies lineitem pricing fields AND recalculates orders.o_totalprice via SUM() in the same transaction. get_order reads o_totalprice which is always consistent.;"[
  {
    ""name"": ""Order creation assumes lineitems iterable"",
    ""detected"": true,
    ""description"": ""In POST /api/orders, the loop `for (const item of payload.lineitems)` assumes `payload.lineitems` exists and is iterable. If the request omits lineitems, the handler throws after inserting the order row, causing the transaction to fail instead of correctly handling an order with no line items even though the schema allows it.""
  },
  {
    ""name"": ""Inserted order key extracted incorrectly"",
    ""detected"": true,
    ""description"": ""In POST /api/orders, `const o_orderkey = insertResult[0];` misinterprets the return value of `sequelize.query` for an INSERT on SQLite. This can yield a non-scalar value instead of the generated primary key, causing subsequent lineitem inserts and total-price update to target the wrong order key.""
  }
]";FALSE;The reviewer does not mention any issue about orders.o_totalprice becoming stale or inconsistent after lineitem updates. Their findings concern missing lineitems input handling and incorrect extraction of an inserted order key, which are different root causes.;FALSE;
SA_short_N1_test;python_fastapi_rawsql;stale_aggregate;FALSE;update_lineitem modifies lineitem pricing fields AND recalculates orders.o_totalprice via SUM() in the same transaction. get_order reads o_totalprice which is always consistent.;"[{""name"":""Order total can become inconsistent after lineitem update"",""detected"":true,""description"":""In PUT /api/orders/{o_orderkey}/lineitems/{l_linenumber}, the recomputation of orders.o_totalprice sums only lineitem rows for the order. If an order row with that o_orderkey does not exist but matching lineitem rows do, the lineitem update succeeds and no orders row is updated, leaving the data inconsistent with the intended parent-child relationship.""}]";TRUE;The expected finding should NOT be detected because o_totalprice is recalculated consistently in the same transaction. The reviewer explicitly flags an order-total inconsistency after lineitem update, which matches the stale aggregate concept at its core, even though they justify it via a missing parent-order edge case.;TRUE;
SA_short_N1_test;python_fastapi_sqlalchemy;stale_aggregate;FALSE;update_lineitem modifies lineitem pricing fields AND recalculates orders.o_totalprice via SUM() in the same transaction. get_order reads o_totalprice which is always consistent.;"[
  {
    ""name"": ""Order creation relies on nonexistent autoincrement key generation"",
    ""detected"": true,
    ""description"": ""In POST /api/orders, a new Order is inserted without setting o_orderkey, then db.flush() is used and order.o_orderkey is assumed to contain the generated key. With this schema, o_orderkey is just INTEGER PRIMARY KEY and not declared AUTOINCREMENT/Identity in the ORM, so the application is relying on implicit key generation behavior that may not hold across databases and can leave child LineItem rows without a valid parent key.""
  }
]";FALSE;The reviewer does not mention stale or inconsistent orders.o_totalprice, aggregate recalculation, or transaction consistency between lineitem updates and order total updates. They only discuss order key generation.;FALSE;
SA_short_N1_test;python_flask_rawsql;stale_aggregate;FALSE;update_lineitem modifies lineitem pricing fields AND recalculates orders.o_totalprice via SUM() in the same transaction. get_order reads o_totalprice which is always consistent.;[];FALSE;The reviewer output is empty and does not flag any stale aggregate issue, which agrees with the expected result that this should NOT be detected.;FALSE;
SA_short_N1_test;python_flask_sqlalchemy;stale_aggregate;FALSE;update_lineitem modifies lineitem pricing fields AND recalculates orders.o_totalprice via SUM() in the same transaction. get_order reads o_totalprice which is always consistent.;"[{""name"":""Assumed auto-generated order primary key"",""detected"":true,""description"":""In create_order(), a new Order is inserted without setting o_orderkey and then db.flush() is used to read order.o_orderkey. But the schema defines o_orderkey as INTEGER PRIMARY KEY without any guarantee of automatic generation semantics for this application, so the code relies on a database-generated key that is not established by the schema and may leave o_orderkey null/unusable for subsequent LineItem inserts.""}]";FALSE;The reviewer only flags an assumed auto-generated primary key issue in create_order(). They do not mention stale or inconsistent orders.o_totalprice, aggregate recalculation, or any problem with update_lineitem/get_order consistency.;FALSE;
SA_short_N2_test;go_fiber_gorm;stale_aggregate;FALSE;update_lineitem modifies lineitem pricing without recalculating anything, but get_order computes the total live via SUM() from lineitem rows instead of reading the denormalized column. Staleness is not observable. (o_totalprice is not present in the db schema);[];FALSE;The reviewer output is empty, so it does not flag a stale aggregate issue. This agrees with the expected result that this issue should NOT be detected.;FALSE;
SA_short_N2_test;go_fiber_rawsql;stale_aggregate;FALSE;update_lineitem modifies lineitem pricing without recalculating anything, but get_order computes the total live via SUM() from lineitem rows instead of reading the denormalized column. Staleness is not observable. (o_totalprice is not present in the db schema);"[{""name"":""Partial update unintentionally nulls unspecified columns"",""detected"":true,""description"":""In PUT /api/orders/:o_orderkey/lineitems/:l_linenumber, the UPDATE always sets l_extendedprice, l_discount, and l_tax from payload map entries. If any of those fields are omitted from the request body, payload[... ] is nil and the statement writes NULL to that column, causing unintended data loss instead of preserving the existing value.""}]";FALSE;The reviewer does not mention stale aggregates, denormalized totals, or failure to recalculate order totals. They only report a partial-update bug that can write NULLs to lineitem columns.;FALSE;
SA_short_N2_test;go_gin_gorm;stale_aggregate;FALSE;update_lineitem modifies lineitem pricing without recalculating anything, but get_order computes the total live via SUM() from lineitem rows instead of reading the denormalized column. Staleness is not observable. (o_totalprice is not present in the db schema);"[{""name"":""Silent zero-value overwrite on malformed JSON"",""detected"":true,""description"":""In PUT /api/orders/:o_orderkey/lineitems/:l_linenumber, if c.ShouldBindJSON(&payload) fails, the handler replaces payload with an empty LineitemUpdatePayload{} and still executes the UPDATE. This causes l_extendedprice, l_discount, and l_tax to be overwritten with 0 values even when the request body is invalid or unparsable.""}]";FALSE;The reviewer only reports a malformed-JSON handler bug that overwrites lineitem pricing with zeros. They do not mention any stale aggregate or failure to recalculate order totals, so they correctly do not flag this non-issue.;FALSE;
SA_short_N2_test;go_gin_rawsql;stale_aggregate;FALSE;update_lineitem modifies lineitem pricing without recalculating anything, but get_order computes the total live via SUM() from lineitem rows instead of reading the denormalized column. Staleness is not observable. (o_totalprice is not present in the db schema);"[{""name"":""Partial update overwrites unspecified columns with NULL"",""detected"":true,""description"":""In updateLineitem, the UPDATE statement always sets l_extendedprice, l_discount, and l_tax from payload[\""l_extendedprice\""], payload[\""l_discount\""], and payload[\""l_tax\""]. If any of those keys are absent from the JSON body, the map lookup yields nil and the code writes NULL into that column, unintentionally clearing existing values instead of preserving them.""}]";FALSE;The reviewer does not mention any stale aggregate or denormalized total-price issue. They only flag partial updates writing NULLs to unspecified lineitem pricing fields, which is a different root cause.;FALSE;
SA_short_N2_test;js_express_rawsql;stale_aggregate;FALSE;update_lineitem modifies lineitem pricing without recalculating anything, but get_order computes the total live via SUM() from lineitem rows instead of reading the denormalized column. Staleness is not observable. (o_totalprice is not present in the db schema);[];FALSE;The reviewer output is empty, so it does not flag a stale aggregate issue. This agrees with the expected result that this issue should NOT be detected.;FALSE;
SA_short_N2_test;js_express_sequelize;stale_aggregate;FALSE;update_lineitem modifies lineitem pricing without recalculating anything, but get_order computes the total live via SUM() from lineitem rows instead of reading the denormalized column. Staleness is not observable. (o_totalprice is not present in the db schema);[];FALSE;The reviewer output is empty, so it does not flag any stale aggregate issue. This agrees with the expected result that this finding should NOT be detected.;FALSE;
SA_short_N2_test;js_fastify_rawsql;stale_aggregate;FALSE;update_lineitem modifies lineitem pricing without recalculating anything, but get_order computes the total live via SUM() from lineitem rows instead of reading the denormalized column. Staleness is not observable. (o_totalprice is not present in the db schema);[];FALSE;The reviewer output is empty, so it does not flag a stale aggregate issue. This agrees with the expected result that this issue should NOT be detected.;FALSE;
SA_short_N2_test;js_fastify_sequelize;stale_aggregate;FALSE;update_lineitem modifies lineitem pricing without recalculating anything, but get_order computes the total live via SUM() from lineitem rows instead of reading the denormalized column. Staleness is not observable. (o_totalprice is not present in the db schema);"[
  {
    ""name"": ""Partial update overwrites unspecified columns with NULL"",
    ""detected"": true,
    ""description"": ""In PUT /api/orders/:o_orderkey/lineitems/:l_linenumber, the UPDATE statement always sets l_extendedprice, l_discount, and l_tax from payload values. If any of these fields are omitted from the request body, undefined is passed through and persisted as NULL in SQLite, unintentionally erasing existing column values.""
  }
]";FALSE;The reviewer does not mention any stale or denormalized aggregate/total issue. They only report a partial-update bug where omitted fields become NULL.;FALSE;
SA_short_N2_test;python_fastapi_rawsql;stale_aggregate;FALSE;update_lineitem modifies lineitem pricing without recalculating anything, but get_order computes the total live via SUM() from lineitem rows instead of reading the denormalized column. Staleness is not observable. (o_totalprice is not present in the db schema);"[{""name"":""Non-atomic order total read"",""detected"":true,""description"":""In `get_order`, the order row is fetched first and the lineitem total is computed in a separate query, with an explicit transaction started via `BEGIN`. Because the code does not use a locking mode that guarantees a stable snapshot in SQLite, the returned `orders` fields and computed `o_totalprice` can come from different database states, producing an inconsistent response.""}]";FALSE;"The reviewer flags a different issue: a possible inconsistent read between two queries in get_order. They do not claim a stale denormalized aggregate is stored or relied on; the expected stale_aggregate issue should not be detected.";FALSE;
SA_short_N2_test;python_fastapi_sqlalchemy;stale_aggregate;FALSE;update_lineitem modifies lineitem pricing without recalculating anything, but get_order computes the total live via SUM() from lineitem rows instead of reading the denormalized column. Staleness is not observable. (o_totalprice is not present in the db schema);[];FALSE;The reviewer output is empty and does not flag any stale aggregate issue, which agrees with the expected result that this should NOT be detected.;FALSE;
SA_short_N2_test;python_flask_rawsql;stale_aggregate;FALSE;update_lineitem modifies lineitem pricing without recalculating anything, but get_order computes the total live via SUM() from lineitem rows instead of reading the denormalized column. Staleness is not observable. (o_totalprice is not present in the db schema);[];FALSE;The reviewer output is empty, so it does not flag a stale aggregate issue. This agrees with the expected result that this issue should NOT be detected.;FALSE;
SA_short_N2_test;python_flask_sqlalchemy;stale_aggregate;FALSE;update_lineitem modifies lineitem pricing without recalculating anything, but get_order computes the total live via SUM() from lineitem rows instead of reading the denormalized column. Staleness is not observable. (o_totalprice is not present in the db schema);"[{""name"":""Inconsistent transaction finalization in update_lineitem"",""detected"":true,""description"":""In update_lineitem(), a transaction handle is created with trans = db.begin(), but the success path finalizes the session with db.commit() instead of trans.commit(). This mixes transaction scopes within the same function and leaves the explicit transaction object unmanaged.""}]";FALSE;The reviewer only reports a transaction finalization issue in update_lineitem and does not mention any stale or unrecalculated aggregate/total-price problem.;FALSE;
SA_short_N3_test;go_fiber_gorm;stale_aggregate;FALSE;ship_lineitem updates l_shipdate and then recalculates o_latest_shipdate as MAX(l_shipdate) across all lineitems for that order. get_order reads o_latest_shipdate, which is always up to date after the recalculation.;[];FALSE;The reviewer output is empty, so it does not flag a stale aggregate issue. This agrees with the expected result that this issue should NOT be detected.;FALSE;
SA_short_N3_test;go_fiber_rawsql;stale_aggregate;FALSE;ship_lineitem updates l_shipdate and then recalculates o_latest_shipdate as MAX(l_shipdate) across all lineitems for that order. get_order reads o_latest_shipdate, which is always up to date after the recalculation.;"[{""name"":""Order latest shipdate can be overwritten to empty string"",""detected"":true,""description"":""In shipLineitem, after `SELECT MAX(l_shipdate) AS latest FROM lineitem WHERE l_orderkey = ?`, the code updates `orders.o_latest_shipdate` with `latest.String` without checking `latest.Valid`. If all lineitems for that order have NULL ship dates, this writes an empty string instead of SQL NULL, changing the stored meaning of the column.""}]";FALSE;The reviewer does not claim the aggregate becomes stale or that o_latest_shipdate is not recalculated correctly. They instead report a different issue about writing an empty string when MAX(l_shipdate) is NULL.;FALSE;
SA_short_N3_test;go_gin_gorm;stale_aggregate;FALSE;ship_lineitem updates l_shipdate and then recalculates o_latest_shipdate as MAX(l_shipdate) across all lineitems for that order. get_order reads o_latest_shipdate, which is always up to date after the recalculation.;[];FALSE;The reviewer output is empty and does not flag any stale aggregate issue, which agrees with the expected result that this should NOT be detected.;FALSE;
SA_short_N3_test;go_gin_rawsql;stale_aggregate;FALSE;ship_lineitem updates l_shipdate and then recalculates o_latest_shipdate as MAX(l_shipdate) across all lineitems for that order. get_order reads o_latest_shipdate, which is always up to date after the recalculation.;"[
  {
    ""name"": ""Order latest shipdate can be cleared by shipping a lineitem with NULL shipdate peers"",
    ""detected"": true,
    ""description"": ""In shipLineitem, after updating one lineitem's l_shipdate, the code recomputes o_latest_shipdate using SELECT MAX(l_shipdate) FROM lineitem WHERE l_orderkey = ?. Because MAX ignores NULLs, if all lineitems for the order except the updated one still have NULL shipdates this works, but if the order row does not exist the subsequent UPDATE orders affects zero rows and the handler still returns 200, leaving the database inconsistent with a shipped lineitem whose parent order was not updated.""
  }
]";FALSE;"The expected finding should NOT be detected. The reviewer does not describe a stale aggregate caused by failing to keep o_latest_shipdate in sync after recalculation; instead they raise a different issue about the parent order row possibly not existing and the UPDATE affecting zero rows.";FALSE;
SA_short_N3_test;js_express_rawsql;stale_aggregate;FALSE;ship_lineitem updates l_shipdate and then recalculates o_latest_shipdate as MAX(l_shipdate) across all lineitems for that order. get_order reads o_latest_shipdate, which is always up to date after the recalculation.;"[{""name"":""Order latest shipdate can be cleared for nonexistent parent order"",""detected"":true,""description"":""In POST /api/orders/:o_orderkey/lineitems/:l_linenumber/ship, after updating the lineitem, the code recomputes MAX(l_shipdate) and runs UPDATE orders SET o_latest_shipdate = ? WHERE o_orderkey = ?. If the database contains a lineitem row whose parent order row is absent, the endpoint returns 200 and updates no order row, leaving order-level data inconsistent with the shipped lineitem.""}]";FALSE;The expected finding says stale aggregate should NOT be detected because o_latest_shipdate is recalculated correctly after updating l_shipdate. The reviewer instead reports a different issue about a missing parent order row causing no order update. They do not claim the aggregate becomes stale under normal operation.;FALSE;
SA_short_N3_test;js_express_sequelize;stale_aggregate;FALSE;ship_lineitem updates l_shipdate and then recalculates o_latest_shipdate as MAX(l_shipdate) across all lineitems for that order. get_order reads o_latest_shipdate, which is always up to date after the recalculation.;[];FALSE;The reviewer output is empty and does not flag any stale aggregate issue, which agrees with the expected result that this should NOT be detected.;FALSE;
SA_short_N3_test;js_fastify_rawsql;stale_aggregate;FALSE;ship_lineitem updates l_shipdate and then recalculates o_latest_shipdate as MAX(l_shipdate) across all lineitems for that order. get_order reads o_latest_shipdate, which is always up to date after the recalculation.;[];FALSE;The reviewer output is empty, so it does not flag a stale aggregate issue. This agrees with the expected result that this issue should NOT be detected.;FALSE;
SA_short_N3_test;js_fastify_sequelize;stale_aggregate;FALSE;ship_lineitem updates l_shipdate and then recalculates o_latest_shipdate as MAX(l_shipdate) across all lineitems for that order. get_order reads o_latest_shipdate, which is always up to date after the recalculation.;"[{""name"":""Order latest ship date can be cleared for nonexistent order"",""detected"":true,""description"":""In POST /api/orders/:o_orderkey/lineitems/:l_linenumber/ship, after updating the lineitem, the code recomputes MAX(l_shipdate) for that order and unconditionally runs UPDATE orders SET o_latest_shipdate = ? WHERE o_orderkey = ?. Because it only verifies the lineitem exists and never verifies the parent orders row exists, a lineitem row without a matching order would be marked shipped but the denormalized orders.o_latest_shipdate would not be updated, leaving inconsistent data.""}]";FALSE;The reviewer does not claim the aggregate becomes stale due to failing to recalculate after ship date updates. Instead, they describe a different issue: a missing parent order row causing inconsistency. That is not the same root cause as a stale aggregate bug, which should not be detected here.;FALSE;
SA_short_N3_test;python_fastapi_rawsql;stale_aggregate;FALSE;ship_lineitem updates l_shipdate and then recalculates o_latest_shipdate as MAX(l_shipdate) across all lineitems for that order. get_order reads o_latest_shipdate, which is always up to date after the recalculation.;[];FALSE;The reviewer output is empty and does not flag any stale aggregate issue, which agrees with the expected result that this should NOT be detected.;FALSE;
SA_short_N3_test;python_fastapi_sqlalchemy;stale_aggregate;FALSE;ship_lineitem updates l_shipdate and then recalculates o_latest_shipdate as MAX(l_shipdate) across all lineitems for that order. get_order reads o_latest_shipdate, which is always up to date after the recalculation.;"[{""name"":""Order latest ship date can become stale"",""detected"":true,""description"":""In POST /api/orders/{o_orderkey}/lineitems/{l_linenumber}/ship, the code recomputes o_latest_shipdate only when shipping a line item. If a line item's l_shipdate is changed by any other code path or data operation, orders.o_latest_shipdate can diverge from the actual MAX(lineitem.l_shipdate) for that order, making GET /api/orders/{o_orderkey} return incorrect derived data.""}]";TRUE;The expected finding should NOT be detected, but the reviewer explicitly flags the same core issue: that orders.o_latest_shipdate can become stale/diverge from MAX(lineitem.l_shipdate).;TRUE;
SA_short_N3_test;python_flask_rawsql;stale_aggregate;FALSE;ship_lineitem updates l_shipdate and then recalculates o_latest_shipdate as MAX(l_shipdate) across all lineitems for that order. get_order reads o_latest_shipdate, which is always up to date after the recalculation.;"[{""name"":""Order latest shipdate can be updated for a non-existent parent order"",""detected"":true,""description"":""In ship_lineitem(), after confirming the lineitem exists, the code updates orders.o_latest_shipdate with `UPDATE orders SET o_latest_shipdate = ? WHERE o_orderkey = ?` but never verifies that the parent orders row exists or that the update matched a row. If foreign key enforcement is disabled in SQLite, a lineitem can exist without a corresponding orders row, causing the endpoint to report success while leaving order-level data absent/inconsistent.""}]";FALSE;The reviewer does not claim that o_latest_shipdate becomes stale or is not recalculated correctly after updating l_shipdate. They instead describe a different issue about a missing parent orders row when foreign keys are disabled.;FALSE;
SA_short_N3_test;python_flask_sqlalchemy;stale_aggregate;FALSE;ship_lineitem updates l_shipdate and then recalculates o_latest_shipdate as MAX(l_shipdate) across all lineitems for that order. get_order reads o_latest_shipdate, which is always up to date after the recalculation.;"[{""name"":""Order latest ship date can become stale"",""detected"":true,""description"":""In `ship_lineitem`, `Order.o_latest_shipdate` is recomputed only when this endpoint sets a line item's `l_shipdate`. If `lineitem.l_shipdate` values are inserted or changed elsewhere without also updating `orders.o_latest_shipdate`, `GET /api/orders/<o_orderkey>` can return a stale denormalized value that no longer matches the actual max ship date in `lineitem`.""}]";TRUE;The expected finding says this issue should NOT be detected because o_latest_shipdate is recalculated after updating l_shipdate. The reviewer explicitly flags the same stale denormalized aggregate concept ('Order latest ship date can become stale'), so they incorrectly detected a non-issue.;TRUE;
SA_short_P1_test;go_fiber_gorm;stale_aggregate;TRUE;update_lineitem modifies lineitem pricing fields (l_extendedprice, l_discount, l_tax) but does not recalculate orders.o_totalprice. get_order reads o_totalprice directly from the orders table, returning a stale value.;"[
  {
    ""name"": ""Order insert omits required primary key"",
    ""detected"": true,
    ""description"": ""In POST /api/orders, the statement `INSERT INTO orders (o_orderstatus, o_totalprice, o_orderdate, o_comment) VALUES (?, 0, ?, ?)` does not provide `o_orderkey`, but the schema defines `o_orderkey INTEGER PRIMARY KEY` without any guarantee of auto-generation. The code assumes a generated key via `last_insert_rowid()`, which can fail against this schema because the inserted row may not receive a valid application-level order key as expected.""
  }
]";FALSE;The reviewer only mentions a missing/assumed auto-generated primary key on order insert. They do not describe the issue where updating lineitem pricing fields fails to recompute orders.o_totalprice, causing get_order to return a stale aggregate.;FALSE;
SA_short_P1_test;go_fiber_rawsql;stale_aggregate;TRUE;update_lineitem modifies lineitem pricing fields (l_extendedprice, l_discount, l_tax) but does not recalculate orders.o_totalprice. get_order reads o_totalprice directly from the orders table, returning a stale value.;"[
  {
    ""name"": ""Invalid primary key insertion for orders"",
    ""detected"": true,
    ""description"": ""In createOrder, the INSERT into orders omits o_orderkey even though the schema defines o_orderkey as INTEGER PRIMARY KEY without any stated auto-generation guarantee. This can insert a row with an unintended key value and then use LastInsertId as the application-visible order key, which is not guaranteed to match the intended business key semantics.""
  },
  {
    ""name"": ""Order total becomes stale after lineitem update"",
    ""detected"": true,
    ""description"": ""In updateLineitem, l_extendedprice, l_discount, and l_tax are updated for an existing lineitem, but the parent orders.o_totalprice is never recomputed. Since createOrder derives o_totalprice from lineitem values, this endpoint can leave orders.o_totalprice inconsistent with its lineitems.""
  }
]";TRUE;The reviewer explicitly identifies that updateLineitem changes pricing-related lineitem fields without recomputing orders.o_totalprice, leaving the order total inconsistent/stale.;TRUE;
SA_short_P1_test;go_gin_gorm;stale_aggregate;TRUE;update_lineitem modifies lineitem pricing fields (l_extendedprice, l_discount, l_tax) but does not recalculate orders.o_totalprice. get_order reads o_totalprice directly from the orders table, returning a stale value.;"[
  {
    ""name"": ""Order insert omits primary key on non-rowid schema"",
    ""detected"": true,
    ""description"": ""In POST /api/orders, the code executes `INSERT INTO orders (o_orderstatus, o_totalprice, o_orderdate, o_comment) VALUES (?, 0, ?, ?)` and then reads `last_insert_rowid()` as the new `o_orderkey`. The schema defines `o_orderkey INTEGER PRIMARY KEY`, and the code assumes SQLite will generate it automatically; if the table is not relying on implicit rowid behavior for this key, the insert can create an invalid key flow and the retrieved rowid may not be the actual `o_orderkey` used by the application.""
  },
  {
    ""name"": ""Updating lineitem financial fields leaves order total stale"",
    ""detected"": true,
    ""description"": ""In PUT /api/orders/:o_orderkey/lineitems/:l_linenumber, the handler updates `l_extendedprice`, `l_discount`, and `l_tax` in `lineitem` but never recomputes and updates `orders.o_totalprice`. Since POST /api/orders derives `o_totalprice` from lineitems, this endpoint can leave the parent order's stored total inconsistent with its line items.""
  }
]";TRUE;The reviewer explicitly identifies that updating lineitem pricing fields leaves orders.o_totalprice unchanged, causing the parent order total to become inconsistent/stale. This matches the expected finding's core issue.;TRUE;
SA_short_P1_test;go_gin_rawsql;stale_aggregate;TRUE;update_lineitem modifies lineitem pricing fields (l_extendedprice, l_discount, l_tax) but does not recalculate orders.o_totalprice. get_order reads o_totalprice directly from the orders table, returning a stale value.;"[{""name"":""Order insert omits primary key generation"",""detected"":true,""description"":""In createOrder, the INSERT into orders does not provide o_orderkey even though the schema defines o_orderkey as INTEGER PRIMARY KEY without any separate generated column in the schema contract. The handler then relies on LastInsertId as the new order key, which is not guaranteed by the provided schema semantics and can create incorrect assumptions about the persisted key.""},{""name"":""Lineitem update can null out unspecified fields"",""detected"":true,""description"":""In updateLineitem, the UPDATE always sets l_extendedprice, l_discount, and l_tax from payload map entries, but missing JSON fields leave those entries as nil. This causes unspecified columns to be written as NULL instead of preserving existing values, which is a data-layer correctness issue for partial updates.""},{""name"":""Order total becomes stale after lineitem modification"",""detected"":true,""description"":""updateLineitem modifies l_extendedprice, l_discount, and l_tax in lineitem but never recomputes and updates orders.o_totalprice for the parent order. Since createOrder derives o_totalprice from lineitems, this endpoint can leave orders.o_totalprice inconsistent with the actual lineitem data.""}]";TRUE;The reviewer explicitly states that updateLineitem changes lineitem pricing fields without recomputing orders.o_totalprice, leaving the order total inconsistent with lineitem data. This matches the expected stale aggregate issue.;TRUE;
SA_short_P1_test;js_express_rawsql;stale_aggregate;TRUE;update_lineitem modifies lineitem pricing fields (l_extendedprice, l_discount, l_tax) but does not recalculate orders.o_totalprice. get_order reads o_totalprice directly from the orders table, returning a stale value.;"[{""name"":""Order total becomes stale after line item update"",""detected"":true,""description"":""In PUT /api/orders/:o_orderkey/lineitems/:l_linenumber, the code updates l_extendedprice, l_discount, and l_tax in lineitem but never recomputes and updates orders.o_totalprice for the parent order. Since POST /api/orders derives o_totalprice from lineitems, this endpoint can leave the stored order total inconsistent with its line items.""}]";TRUE;The reviewer explicitly identifies that updating lineitem pricing fields does not recompute orders.o_totalprice, leaving the stored order total inconsistent/stale relative to its line items.;TRUE;
SA_short_P1_test;js_express_sequelize;stale_aggregate;TRUE;update_lineitem modifies lineitem pricing fields (l_extendedprice, l_discount, l_tax) but does not recalculate orders.o_totalprice. get_order reads o_totalprice directly from the orders table, returning a stale value.;"[{""name"":""Order total can become inconsistent after line item update"",""detected"":true,""description"":""In PUT /api/orders/:o_orderkey/lineitems/:l_linenumber, the code updates lineitem.l_extendedprice, l_discount, and l_tax but never recalculates and updates orders.o_totalprice for the parent order. Since POST /api/orders derives o_totalprice from lineitems, this endpoint can leave orders.o_totalprice stale and inconsistent with the actual line items.""}]";TRUE;The reviewer explicitly identifies that updating lineitem pricing fields does not trigger recalculation of orders.o_totalprice, leaving the stored order total stale and inconsistent with line items.;TRUE;
SA_short_P1_test;js_fastify_rawsql;stale_aggregate;TRUE;update_lineitem modifies lineitem pricing fields (l_extendedprice, l_discount, l_tax) but does not recalculate orders.o_totalprice. get_order reads o_totalprice directly from the orders table, returning a stale value.;"[
  {
    ""name"": ""Order total becomes inconsistent after lineitem update"",
    ""detected"": true,
    ""description"": ""In PUT /api/orders/:o_orderkey/lineitems/:l_linenumber, the code updates l_extendedprice, l_discount, and l_tax in lineitem but never recomputes and updates orders.o_totalprice for the parent order. Since POST /api/orders derives o_totalprice from lineitems, this endpoint can leave the stored order total stale and inconsistent with the lineitem data.""
  }
]";TRUE;The reviewer explicitly identifies that updating lineitem pricing fields does not recompute orders.o_totalprice, causing the stored order total to become stale and inconsistent with lineitem data. This matches the expected finding's root cause.;TRUE;
SA_short_P1_test;js_fastify_sequelize;stale_aggregate;TRUE;update_lineitem modifies lineitem pricing fields (l_extendedprice, l_discount, l_tax) but does not recalculate orders.o_totalprice. get_order reads o_totalprice directly from the orders table, returning a stale value.;"[
  {
    ""name"": ""Order total becomes stale after lineitem update"",
    ""detected"": true,
    ""description"": ""In PUT /api/orders/:o_orderkey/lineitems/:l_linenumber, the code updates l_extendedprice, l_discount, and l_tax on a lineitem but never recomputes and persists orders.o_totalprice for the parent order. Since POST /api/orders derives o_totalprice from lineitem values, this endpoint can leave the stored order total inconsistent with its line items.""
  }
]";TRUE;The reviewer explicitly identifies that updating lineitem pricing fields does not recompute and persist orders.o_totalprice, leaving the stored order total inconsistent/stale.;TRUE;
SA_short_P1_test;python_fastapi_rawsql;stale_aggregate;TRUE;update_lineitem modifies lineitem pricing fields (l_extendedprice, l_discount, l_tax) but does not recalculate orders.o_totalprice. get_order reads o_totalprice directly from the orders table, returning a stale value.;"[{""name"":""Order total becomes stale after line item update"",""detected"":true,""description"":""In `update_lineitem`, the code updates `lineitem.l_extendedprice`, `l_discount`, and `l_tax` but never recomputes and persists `orders.o_totalprice` for the parent order. Since `create_order` derives `o_totalprice` from line items, this endpoint can leave `orders.o_totalprice` inconsistent with the actual sum of its line items.""}]";TRUE;The reviewer explicitly identifies that updating lineitem pricing fields without recomputing and storing orders.o_totalprice leaves the order total inconsistent/stale, which matches the expected finding.;TRUE;
SA_short_P1_test;python_fastapi_sqlalchemy;stale_aggregate;TRUE;update_lineitem modifies lineitem pricing fields (l_extendedprice, l_discount, l_tax) but does not recalculate orders.o_totalprice. get_order reads o_totalprice directly from the orders table, returning a stale value.;"[
  {
    ""name"": ""Order primary key not generated on create"",
    ""detected"": true,
    ""description"": ""In POST /api/orders, a new Orders row is inserted without setting o_orderkey, then db.flush() is used to read order.o_orderkey. The schema defines o_orderkey as INTEGER PRIMARY KEY but not as an autoincrementing SQLAlchemy-generated key, so the inserted row can end up with a NULL/unset key from the ORM perspective, causing lineitems to be created with an invalid foreign key/order key and the order update query to target the wrong row.""
  }
]";FALSE;The reviewer only reports an issue about o_orderkey not being generated on order creation. They do not mention that updating lineitem pricing fields fails to recompute orders.o_totalprice, nor that get_order returns a stale aggregate from the orders table.;FALSE;
SA_short_P1_test;python_flask_rawsql;stale_aggregate;TRUE;update_lineitem modifies lineitem pricing fields (l_extendedprice, l_discount, l_tax) but does not recalculate orders.o_totalprice. get_order reads o_totalprice directly from the orders table, returning a stale value.;"[{""name"":""Order total becomes stale after lineitem update"",""detected"":true,""description"":""In `update_lineitem`, the code updates `lineitem.l_extendedprice`, `l_discount`, and `l_tax` but never recomputes and persists `orders.o_totalprice` for the parent order. Since `create_order` derives `o_totalprice` from line items, this endpoint can leave the stored order total inconsistent with its line items.""}]";TRUE;The reviewer explicitly identifies that updating lineitem pricing fields without recomputing and storing orders.o_totalprice leaves the order total inconsistent/stale, which matches the expected finding.;TRUE;
SA_short_P1_test;python_flask_sqlalchemy;stale_aggregate;TRUE;update_lineitem modifies lineitem pricing fields (l_extendedprice, l_discount, l_tax) but does not recalculate orders.o_totalprice. get_order reads o_totalprice directly from the orders table, returning a stale value.;"[{""name"":""Order primary key not generated on create"",""detected"":true,""description"":""In create_order(), a new Order is inserted without setting o_orderkey, then db.flush() is used and order.o_orderkey is assumed to contain the new key. With the provided schema, o_orderkey is an INTEGER PRIMARY KEY but not declared AUTOINCREMENT or otherwise populated by application code, so creating an order can fail or leave the subsequent lineitems tied to a null/invalid order key.""},{""name"":""Order total becomes stale after lineitem update"",""detected"":true,""description"":""In update_lineitem(), the code updates l_extendedprice, l_discount, and l_tax for an existing lineitem but never recomputes and persists orders.o_totalprice for the parent order. Since create_order() derives o_totalprice from lineitems, this endpoint can leave orders.o_totalprice inconsistent with the actual sum of its lineitems.""}]";TRUE;The reviewer explicitly identifies that update_lineitem changes lineitem pricing fields without recomputing orders.o_totalprice, causing the order total to become inconsistent/stale.;TRUE;
SA_short_P2_test;go_fiber_gorm;stale_aggregate;TRUE;add_lineitem inserts a new lineitem row (increasing the actual total) but does not recalculate orders.o_totalprice. get_order reads o_totalprice directly from the orders table, returning a stale value.;"[
  {
    ""name"": ""Order total not maintained when adding lineitems"",
    ""detected"": true,
    ""description"": ""In POST /api/orders/:o_orderkey<int>/lineitems, the handler inserts a new row into lineitem but never recomputes or updates orders.o_totalprice for that order. Since POST /api/orders does compute and persist o_totalprice from lineitems, adding lineitems later leaves the stored order total inconsistent with the actual lineitem data.""
  }
]";TRUE;The reviewer explicitly states that adding a lineitem inserts into lineitem without recomputing or updating orders.o_totalprice, leaving the stored order total inconsistent with actual lineitem data. This matches the expected stale aggregate issue.;TRUE;
SA_short_P2_test;go_fiber_rawsql;stale_aggregate;TRUE;add_lineitem inserts a new lineitem row (increasing the actual total) but does not recalculate orders.o_totalprice. get_order reads o_totalprice directly from the orders table, returning a stale value.;"[
  {
    ""name"": ""Order total not maintained when adding lineitems"",
    ""detected"": true,
    ""description"": ""In addLineitem, the code inserts a new row into lineitem for an existing order but never recalculates or updates orders.o_totalprice. Since createOrder explicitly derives o_totalprice from the order's lineitems, adding later lineitems leaves the stored order total inconsistent with the underlying lineitem data.""
  }
]";TRUE;The reviewer explicitly identifies that addLineitem inserts a lineitem without recalculating or updating orders.o_totalprice, leaving the stored order total inconsistent with lineitem data. This matches the expected stale aggregate issue.;TRUE;
SA_short_P2_test;go_gin_gorm;stale_aggregate;TRUE;add_lineitem inserts a new lineitem row (increasing the actual total) but does not recalculate orders.o_totalprice. get_order reads o_totalprice directly from the orders table, returning a stale value.;[];FALSE;The reviewer output is empty and does not mention the missing recalculation of orders.o_totalprice after inserting a lineitem, so the stale aggregate issue was not detected.;FALSE;
SA_short_P2_test;go_gin_rawsql;stale_aggregate;TRUE;add_lineitem inserts a new lineitem row (increasing the actual total) but does not recalculate orders.o_totalprice. get_order reads o_totalprice directly from the orders table, returning a stale value.;"[
  {
    ""name"": ""Order total not updated when adding lineitem"",
    ""detected"": true,
    ""description"": ""In add_lineitem, the code inserts a new row into lineitem for an existing order but never recalculates or updates orders.o_totalprice. Since create_order explicitly derives o_totalprice from lineitems, this endpoint can leave the stored order total inconsistent with the actual line items.""
  }
]";TRUE;The reviewer explicitly states that add_lineitem inserts a lineitem without recalculating or updating orders.o_totalprice, leaving the stored order total inconsistent with the actual line items. This matches the expected stale aggregate issue.;TRUE;
SA_short_P2_test;js_express_rawsql;stale_aggregate;TRUE;add_lineitem inserts a new lineitem row (increasing the actual total) but does not recalculate orders.o_totalprice. get_order reads o_totalprice directly from the orders table, returning a stale value.;[];FALSE;The reviewer output is empty and does not mention the missing recalculation of orders.o_totalprice after inserting a lineitem, so the stale aggregate issue was not detected.;FALSE;
SA_short_P2_test;js_express_sequelize;stale_aggregate;TRUE;add_lineitem inserts a new lineitem row (increasing the actual total) but does not recalculate orders.o_totalprice. get_order reads o_totalprice directly from the orders table, returning a stale value.;"[{""name"":""Order total not updated when adding lineitems to existing order"",""detected"":true,""description"":""In POST /api/orders/:o_orderkey/lineitems, the code inserts a new row into lineitem and commits, but never recalculates or updates orders.o_totalprice for that order. Since POST /api/orders computes o_totalprice from lineitems, this endpoint can leave the stored order total inconsistent with the actual line items.""}]";TRUE;The reviewer explicitly identifies that adding a lineitem inserts into lineitem without recalculating/updating orders.o_totalprice, leaving the stored order total inconsistent with actual line items. This matches the expected stale aggregate issue.;TRUE;
SA_short_P2_test;js_fastify_rawsql;stale_aggregate;TRUE;add_lineitem inserts a new lineitem row (increasing the actual total) but does not recalculate orders.o_totalprice. get_order reads o_totalprice directly from the orders table, returning a stale value.;"[
  {
    ""name"": ""Order total not maintained when adding lineitems"",
    ""detected"": true,
    ""description"": ""In POST /api/orders/:o_orderkey/lineitems, the handler inserts a new row into lineitem but never recalculates and updates orders.o_totalprice. Since POST /api/orders computes o_totalprice from its lineitems, adding lineitems later leaves the parent order's stored total inconsistent with the actual sum of its lineitems.""
  }
]";TRUE;The reviewer explicitly states that adding a lineitem inserts into lineitem without recalculating and updating orders.o_totalprice, leaving the stored order total inconsistent with the sum of lineitems. This matches the expected stale aggregate issue.;TRUE;
SA_short_P2_test;js_fastify_sequelize;stale_aggregate;TRUE;add_lineitem inserts a new lineitem row (increasing the actual total) but does not recalculate orders.o_totalprice. get_order reads o_totalprice directly from the orders table, returning a stale value.;"[
  {
    ""name"": ""Order total becomes stale after adding lineitems"",
    ""detected"": true,
    ""description"": ""In POST /api/orders/:o_orderkey/lineitems, the handler inserts a new row into lineitem for an existing order but never recalculates or updates orders.o_totalprice. Since POST /api/orders computes o_totalprice from lineitems, this endpoint can leave the stored order total inconsistent with the actual line items.""
  }
]";TRUE;The reviewer explicitly identifies that adding a lineitem inserts into lineitem without updating orders.o_totalprice, causing the stored order total to become inconsistent/stale relative to the actual line items. This matches the expected root cause.;TRUE;
SA_short_P2_test;python_fastapi_rawsql;stale_aggregate;TRUE;add_lineitem inserts a new lineitem row (increasing the actual total) but does not recalculate orders.o_totalprice. get_order reads o_totalprice directly from the orders table, returning a stale value.;"[{""name"":""Order total becomes stale after adding lineitems"",""detected"":true,""description"":""In POST /api/orders/{o_orderkey}/lineitems, the code inserts a new row into lineitem but never updates orders.o_totalprice for that order. Since create_order explicitly derives o_totalprice from lineitems, this endpoint can leave the stored order total inconsistent with the actual sum of its line items.""}]";TRUE;The reviewer explicitly identifies that adding a lineitem inserts into lineitem without updating orders.o_totalprice, causing the stored order total to become inconsistent/stale relative to the actual sum of line items.;TRUE;
SA_short_P2_test;python_fastapi_sqlalchemy;stale_aggregate;TRUE;add_lineitem inserts a new lineitem row (increasing the actual total) but does not recalculate orders.o_totalprice. get_order reads o_totalprice directly from the orders table, returning a stale value.;"[
  {
    ""name"": ""Order primary key not populated on create"",
    ""detected"": true,
    ""description"": ""In POST /api/orders, a new Orders row is inserted without setting o_orderkey, then db.flush() is used and order.o_orderkey is assumed to contain the new key. With the given schema, o_orderkey is an INTEGER PRIMARY KEY and not declared as an autoincrementing SQLAlchemy identity column, so the application is relying on ORM-generated key population that may not occur correctly, causing lineitems and the response to use a null or invalid order key.""
  }
]";FALSE;The reviewer only reports a missing/population issue for o_orderkey on order creation. They do not mention that adding a lineitem fails to recompute orders.o_totalprice, causing get_order to return a stale aggregate.;FALSE;
SA_short_P2_test;python_flask_rawsql;stale_aggregate;TRUE;add_lineitem inserts a new lineitem row (increasing the actual total) but does not recalculate orders.o_totalprice. get_order reads o_totalprice directly from the orders table, returning a stale value.;[];FALSE;The reviewer output is empty and does not mention the missing recalculation of orders.o_totalprice after inserting a lineitem, nor the resulting stale total returned by get_order.;FALSE;
SA_short_P2_test;python_flask_sqlalchemy;stale_aggregate;TRUE;add_lineitem inserts a new lineitem row (increasing the actual total) but does not recalculate orders.o_totalprice. get_order reads o_totalprice directly from the orders table, returning a stale value.;"[
  {
    ""name"": ""Order primary key not populated on insert"",
    ""detected"": true,
    ""description"": ""In create_order(), a new Order is inserted without setting o_orderkey, but the schema defines orders.o_orderkey as an INTEGER PRIMARY KEY with no guaranteed ORM-side key generation. The code then uses order.o_orderkey after flush to create LineItem rows, which can leave l_orderkey null/invalid and break order creation.""
  }
]";FALSE;The reviewer only reports a missing/invalid order primary key during insert. They do not mention that adding a line item fails to recompute orders.o_totalprice, causing get_order to return a stale aggregate.;FALSE;
SA_short_P3_test;go_fiber_gorm;stale_aggregate;TRUE;ship_lineitem updates l_shipdate to today's date but does not recalculate orders.o_latest_shipdate. get_order reads o_latest_shipdate directly, returning a stale value that does not reflect the most recent shipment.;"[{""name"":""Order latest ship date not maintained"",""detected"":true,""description"":""In POST /api/orders/:o_orderkey/lineitems/:l_linenumber/ship, the code updates lineitem.l_shipdate but never updates orders.o_latest_shipdate for the parent order. Since the schema stores o_latest_shipdate on orders, this leaves order-level shipping data inconsistent with the line items.""}]";TRUE;The reviewer explicitly identifies that updating lineitem.l_shipdate does not update orders.o_latest_shipdate, leaving the order-level aggregate stale and inconsistent with line items.;TRUE;
SA_short_P3_test;go_fiber_rawsql;stale_aggregate;TRUE;ship_lineitem updates l_shipdate to today's date but does not recalculate orders.o_latest_shipdate. get_order reads o_latest_shipdate directly, returning a stale value that does not reflect the most recent shipment.;"[{""name"":""Order latest ship date not maintained when shipping line item"",""detected"":true,""description"":""In shipLineitem, the code updates lineitem.l_shipdate but never updates orders.o_latest_shipdate for the corresponding order. Since getOrder returns o_latest_shipdate from orders, the API can return stale or null order-level shipping information after a line item is shipped.""}]";TRUE;The reviewer explicitly identifies that shipping a line item updates lineitem.l_shipdate without updating orders.o_latest_shipdate, causing getOrder to return stale order-level ship date data. This matches the expected root cause.;TRUE;
SA_short_P3_test;go_gin_gorm;stale_aggregate;TRUE;ship_lineitem updates l_shipdate to today's date but does not recalculate orders.o_latest_shipdate. get_order reads o_latest_shipdate directly, returning a stale value that does not reflect the most recent shipment.;[];FALSE;The reviewer output is empty and does not mention the missing recalculation of orders.o_latest_shipdate after ship_lineitem updates l_shipdate, nor the resulting stale value returned by get_order.;FALSE;
SA_short_P3_test;go_gin_rawsql;stale_aggregate;TRUE;ship_lineitem updates l_shipdate to today's date but does not recalculate orders.o_latest_shipdate. get_order reads o_latest_shipdate directly, returning a stale value that does not reflect the most recent shipment.;"[{""name"":""Order latest ship date not maintained when shipping lineitem"",""detected"":true,""description"":""In shipLineitem, the code updates lineitem.l_shipdate but never updates orders.o_latest_shipdate for the corresponding order. Since the schema stores a per-order latest ship date, this endpoint can leave the order row inconsistent with its line items after a shipment.""}]";TRUE;The reviewer explicitly states that shipLineitem updates lineitem.l_shipdate without updating orders.o_latest_shipdate, leaving the order inconsistent with its line items. This matches the stale aggregate/root-cause issue.;TRUE;
SA_short_P3_test;js_express_rawsql;stale_aggregate;TRUE;ship_lineitem updates l_shipdate to today's date but does not recalculate orders.o_latest_shipdate. get_order reads o_latest_shipdate directly, returning a stale value that does not reflect the most recent shipment.;"[{""name"":""Order latest ship date not maintained"",""detected"":true,""description"":""In POST /api/orders/:o_orderkey/lineitems/:l_linenumber/ship, the code updates lineitem.l_shipdate but never updates orders.o_latest_shipdate for the parent order. As a result, GET /api/orders/:o_orderkey can return stale or null o_latest_shipdate that no longer reflects shipped line items.""}]";TRUE;The reviewer explicitly identifies that shipping a line item updates l_shipdate without updating orders.o_latest_shipdate, causing GET /api/orders to return a stale latest ship date. This matches the expected root cause and impact.;TRUE;
SA_short_P3_test;js_express_sequelize;stale_aggregate;TRUE;ship_lineitem updates l_shipdate to today's date but does not recalculate orders.o_latest_shipdate. get_order reads o_latest_shipdate directly, returning a stale value that does not reflect the most recent shipment.;"[{""name"":""Order latest ship date not maintained"",""detected"":true,""description"":""In POST /api/orders/:o_orderkey/lineitems/:l_linenumber/ship, the code updates lineitem.l_shipdate but never updates orders.o_latest_shipdate for the parent order. Since the schema stores a latest ship date on orders, this endpoint can leave the order row inconsistent with its line items.""}]";TRUE;The reviewer explicitly says shipping a line item updates l_shipdate but does not update orders.o_latest_shipdate, leaving the order inconsistent with its line items. This matches the stale aggregate/root cause exactly.;TRUE;
SA_short_P3_test;js_fastify_rawsql;stale_aggregate;TRUE;ship_lineitem updates l_shipdate to today's date but does not recalculate orders.o_latest_shipdate. get_order reads o_latest_shipdate directly, returning a stale value that does not reflect the most recent shipment.;"[{""name"":""Order latest ship date not maintained"",""detected"":true,""description"":""In POST /api/orders/:o_orderkey/lineitems/:l_linenumber/ship, the code updates lineitem.l_shipdate but never updates orders.o_latest_shipdate for the parent order. Since the order record exposes o_latest_shipdate in GET /api/orders/:o_orderkey, this endpoint can return stale order-level shipping data after a line item is shipped.""}]";TRUE;The reviewer explicitly states that shipping a line item updates l_shipdate without updating orders.o_latest_shipdate, causing GET /api/orders to return stale order-level shipping data. This matches the expected stale aggregate issue.;TRUE;
SA_short_P3_test;js_fastify_sequelize;stale_aggregate;TRUE;ship_lineitem updates l_shipdate to today's date but does not recalculate orders.o_latest_shipdate. get_order reads o_latest_shipdate directly, returning a stale value that does not reflect the most recent shipment.;"[{""name"":""Order latest ship date not maintained"",""detected"":true,""description"":""In POST /api/orders/:o_orderkey/lineitems/:l_linenumber/ship, the code updates lineitem.l_shipdate but never updates orders.o_latest_shipdate for the parent order. Since the schema stores o_latest_shipdate on orders, this endpoint can leave the order row inconsistent with its line items after shipping a line item.""}]";TRUE;The reviewer explicitly states that shipping a line item updates l_shipdate without updating orders.o_latest_shipdate, leaving the order inconsistent with its line items. This matches the stale aggregate/root cause exactly.;TRUE;
SA_short_P3_test;python_fastapi_rawsql;stale_aggregate;TRUE;ship_lineitem updates l_shipdate to today's date but does not recalculate orders.o_latest_shipdate. get_order reads o_latest_shipdate directly, returning a stale value that does not reflect the most recent shipment.;"[
  {
    ""name"": ""Order latest ship date not maintained"",
    ""detected"": true,
    ""description"": ""In POST /api/orders/{o_orderkey}/lineitems/{l_linenumber}/ship, the code updates lineitem.l_shipdate but never updates orders.o_latest_shipdate for the parent order. Since the API marks a line item as shipped, leaving the order-level latest ship date unchanged can return stale order data from GET /api/orders/{o_orderkey}.""
  }
]";TRUE;The reviewer explicitly states that updating lineitem.l_shipdate does not update orders.o_latest_shipdate, causing GET /api/orders/{o_orderkey} to return stale order data. This matches the expected stale aggregate issue.;TRUE;
SA_short_P3_test;python_fastapi_sqlalchemy;stale_aggregate;TRUE;ship_lineitem updates l_shipdate to today's date but does not recalculate orders.o_latest_shipdate. get_order reads o_latest_shipdate directly, returning a stale value that does not reflect the most recent shipment.;"[{""name"":""Order latest ship date not maintained"",""detected"":true,""description"":""In `ship_lineitem`, the code updates `lineitem.l_shipdate` for the specified row but never updates the parent `orders.o_latest_shipdate`. Since the schema stores a latest ship date on the order, this endpoint can leave `orders.o_latest_shipdate` inconsistent with its line items.""}]";TRUE;The reviewer explicitly states that `ship_lineitem` updates `lineitem.l_shipdate` but does not update `orders.o_latest_shipdate`, leaving the order-level latest ship date inconsistent with its line items. This matches the expected stale aggregate issue.;TRUE;
SA_short_P3_test;python_flask_rawsql;stale_aggregate;TRUE;ship_lineitem updates l_shipdate to today's date but does not recalculate orders.o_latest_shipdate. get_order reads o_latest_shipdate directly, returning a stale value that does not reflect the most recent shipment.;"[{""name"":""Order latest ship date not maintained"",""detected"":true,""description"":""In ship_lineitem(), the code updates lineitem.l_shipdate but never updates orders.o_latest_shipdate for the corresponding order. Since get_order() returns o_latest_shipdate, the order-level shipping state can become stale and inconsistent with its line items.""}]";TRUE;The reviewer explicitly states that ship_lineitem updates lineitem.l_shipdate without updating orders.o_latest_shipdate, and that get_order returns the stale order-level field. This matches the expected stale aggregate issue.;TRUE;
SA_short_P3_test;python_flask_sqlalchemy;stale_aggregate;TRUE;ship_lineitem updates l_shipdate to today's date but does not recalculate orders.o_latest_shipdate. get_order reads o_latest_shipdate directly, returning a stale value that does not reflect the most recent shipment.;"[{""name"":""Order latest ship date not maintained"",""detected"":true,""description"":""In ship_lineitem(), the code updates lineitem.l_shipdate for the specified line item but never updates orders.o_latest_shipdate for the parent order. Since get_order() exposes o_latest_shipdate, the order record can become inconsistent with its line items after shipping.""}]";TRUE;The reviewer explicitly states that ship_lineitem updates lineitem.l_shipdate but does not update orders.o_latest_shipdate, causing get_order to return an inconsistent/stale latest ship date. This matches the expected root cause.;TRUE;